# M3 full-model route/read configuration
# topology_hash = 18437471596682960890
# manifest_sha256 = e8307f4c469e8409c2eaa33b3b50da06488b80be591ecfc01595367fc4610f7b
# topology_hash_algorithm = sha256-trunc64-v1
# topology_hash_verified = True
# capture_sha256 = fae6354ecc44ec308cad9daf271431bf6f62fec25129856b0bfbc54aa653bb9c
# capture_schema = m3-shadow-calibration-v2
# calibrator_tool = m3_shadow_calibrate/2
# calibrator_source_sha256 = e167fa8a9c50c663b368c55950208d47d9ee6b48870044200b89e486f9b119fd
# quantiles = nearest-rank-ceil/request-completions
# cache_condition = cold
# io_mode = overlapped
# io_backend = win32-overlapped
# asynchronous = True
# async_request_protocol = submit_first_wave_before_reap
# pcie_traffic_status = UNAVAILABLE
# pcie_traffic_policy = endpoint_and_shared_path_only
# platform_topology_status = OBSERVED
# platform_topology_method = windows-pnp
# pcie_negotiated_link = resource=201 drive=101 speed_gts=16.0 width=4 payload_bps=7876923076 status=OBSERVED_NEGOTIATED
# pcie_parent_chain = resource=201 depth=5 root=HTREE\ROOT\0
# pcie_negotiated_link = resource=202 drive=102 speed_gts=8.0 width=4 payload_bps=3938461538 status=OBSERVED_NEGOTIATED
# pcie_parent_chain = resource=202 depth=5 root=HTREE\ROOT\0
# pcie_negotiated_link = resource=700 drive=UNKNOWN speed_gts=2.5 width=16 payload_bps=4000000000 status=OBSERVED_NEGOTIATED
# pcie_parent_chain = resource=700 depth=5 root=HTREE\ROOT\0
# pcie_common_ancestor = ACPI\PNP0A08\0
# unavailable_resource_policy = conservative_unknown
# unavailable_resource_fallback = storage_bounds.max_inflight; rate=UNKNOWN
# range_reuse = False
# range_reuse_allowed = False
# range_reuse_scope = capture
# range_slots_required = {"101":2448,"102":2448}
# range_slots_available = {"101":2556,"102":2556}
# range_slots_reused = {"101":0,"102":0}
# configuration_status = candidate_only
# profile_rows = 4; source=review
# host_memory_method = host_memcpy
# host_memory_evidence = method=host_memcpy p50_bps=8298363299 p95_bps=8407867270 status=EVIDENCE_ONLY
# physical_traffic_note: direct/unbuffered reads; OS page cache bypass requested
# review_schema = m3-shadow-calibration-review-v2
# review_sha256 = 9c37ac9a3c64057ba159c1c275bb3d60796512d5264daba995d96e5683251ce5
# active_admission_allowed = False
# limitations = cache/direct-I/O and host-memory evidence remain qualified
# profiles are reviewed capture rows; missing paths remain UNKNOWN
resource 101 0 201 1 31850496
resource 201 1 901 1 31850496
resource 901 2 0 1 31850496
resource 102 0 202 1 31850496
resource 202 1 901 1 31850496
profile 101 3 1 4947611436 0 4602500 8 950000
profile 102 3 2 3091268249 0 6344600 8 950000
profile 201 3 1 5375384329 0 4404200 8 950000
profile 202 3 2 3111642073 0 6064500 8 950000
cpu_island 400 500 6 10 1
memory_dom 500 0 0 2
link 600 400 901 0
gpu_island 700 600 8589934592 0 901 0
gpu_island 701 600 536870912 0 901 0
copy 1 1 12884901888 31850496 101 1
copy 2 1 12884901888 31850496 102 1
copy 3 1 12884901889 31850496 101 1
copy 4 1 12884901889 31850496 102 1
copy 5 1 12884901890 31850496 101 1
copy 6 1 12884901890 31850496 102 1
copy 7 1 12884901891 31850496 101 1
copy 8 1 12884901891 31850496 102 1
copy 9 1 12884901892 31850496 101 1
copy 10 1 12884901892 31850496 102 1
copy 11 1 12884901893 31850496 101 1
copy 12 1 12884901893 31850496 102 1
copy 13 1 12884901894 31850496 101 1
copy 14 1 12884901894 31850496 102 1
copy 15 1 12884901895 31850496 101 1
copy 16 1 12884901895 31850496 102 1
copy 17 1 12884901896 31850496 101 1
copy 18 1 12884901896 31850496 102 1
copy 19 1 12884901897 31850496 101 1
copy 20 1 12884901897 31850496 102 1
copy 21 1 12884901898 31850496 101 1
copy 22 1 12884901898 31850496 102 1
copy 23 1 12884901899 31850496 101 1
copy 24 1 12884901899 31850496 102 1
copy 25 1 12884901900 31850496 101 1
copy 26 1 12884901900 31850496 102 1
copy 27 1 12884901901 31850496 101 1
copy 28 1 12884901901 31850496 102 1
copy 29 1 12884901902 31850496 101 1
copy 30 1 12884901902 31850496 102 1
copy 31 1 12884901903 31850496 101 1
copy 32 1 12884901903 31850496 102 1
copy 33 1 12884901904 31850496 101 1
copy 34 1 12884901904 31850496 102 1
copy 35 1 12884901905 31850496 101 1
copy 36 1 12884901905 31850496 102 1
copy 37 1 12884901906 31850496 101 1
copy 38 1 12884901906 31850496 102 1
copy 39 1 12884901907 31850496 101 1
copy 40 1 12884901907 31850496 102 1
copy 41 1 12884901908 31850496 101 1
copy 42 1 12884901908 31850496 102 1
copy 43 1 12884901909 31850496 101 1
copy 44 1 12884901909 31850496 102 1
copy 45 1 12884901910 31850496 101 1
copy 46 1 12884901910 31850496 102 1
copy 47 1 12884901911 31850496 101 1
copy 48 1 12884901911 31850496 102 1
copy 49 1 12884901912 31850496 101 1
copy 50 1 12884901912 31850496 102 1
copy 51 1 12884901913 31850496 101 1
copy 52 1 12884901913 31850496 102 1
copy 53 1 12884901914 31850496 101 1
copy 54 1 12884901914 31850496 102 1
copy 55 1 12884901915 31850496 101 1
copy 56 1 12884901915 31850496 102 1
copy 57 1 12884901916 31850496 101 1
copy 58 1 12884901916 31850496 102 1
copy 59 1 12884901917 31850496 101 1
copy 60 1 12884901917 31850496 102 1
copy 61 1 12884901918 31850496 101 1
copy 62 1 12884901918 31850496 102 1
copy 63 1 12884901919 31850496 101 1
copy 64 1 12884901919 31850496 102 1
copy 65 1 12884901920 31850496 101 1
copy 66 1 12884901920 31850496 102 1
copy 67 1 12884901921 31850496 101 1
copy 68 1 12884901921 31850496 102 1
copy 69 1 12884901922 31850496 101 1
copy 70 1 12884901922 31850496 102 1
copy 71 1 12884901923 31850496 101 1
copy 72 1 12884901923 31850496 102 1
copy 73 1 12884901924 31850496 101 1
copy 74 1 12884901924 31850496 102 1
copy 75 1 12884901925 31850496 101 1
copy 76 1 12884901925 31850496 102 1
copy 77 1 12884901926 31850496 101 1
copy 78 1 12884901926 31850496 102 1
copy 79 1 12884901927 31850496 101 1
copy 80 1 12884901927 31850496 102 1
copy 81 1 12884901928 31850496 101 1
copy 82 1 12884901928 31850496 102 1
copy 83 1 12884901929 31850496 101 1
copy 84 1 12884901929 31850496 102 1
copy 85 1 12884901930 31850496 101 1
copy 86 1 12884901930 31850496 102 1
copy 87 1 12884901931 31850496 101 1
copy 88 1 12884901931 31850496 102 1
copy 89 1 12884901932 31850496 101 1
copy 90 1 12884901932 31850496 102 1
copy 91 1 12884901933 31850496 101 1
copy 92 1 12884901933 31850496 102 1
copy 93 1 12884901934 31850496 101 1
copy 94 1 12884901934 31850496 102 1
copy 95 1 12884901935 31850496 101 1
copy 96 1 12884901935 31850496 102 1
copy 97 1 12884901936 31850496 101 1
copy 98 1 12884901936 31850496 102 1
copy 99 1 12884901937 31850496 101 1
copy 100 1 12884901937 31850496 102 1
copy 101 1 12884901938 31850496 101 1
copy 102 1 12884901938 31850496 102 1
copy 103 1 12884901939 31850496 101 1
copy 104 1 12884901939 31850496 102 1
copy 105 1 12884901940 31850496 101 1
copy 106 1 12884901940 31850496 102 1
copy 107 1 12884901941 31850496 101 1
copy 108 1 12884901941 31850496 102 1
copy 109 1 12884901942 31850496 101 1
copy 110 1 12884901942 31850496 102 1
copy 111 1 12884901943 31850496 101 1
copy 112 1 12884901943 31850496 102 1
copy 113 1 12884901944 31850496 101 1
copy 114 1 12884901944 31850496 102 1
copy 115 1 12884901945 31850496 101 1
copy 116 1 12884901945 31850496 102 1
copy 117 1 12884901946 31850496 101 1
copy 118 1 12884901946 31850496 102 1
copy 119 1 12884901947 31850496 101 1
copy 120 1 12884901947 31850496 102 1
copy 121 1 12884901948 31850496 101 1
copy 122 1 12884901948 31850496 102 1
copy 123 1 12884901949 31850496 101 1
copy 124 1 12884901949 31850496 102 1
copy 125 1 12884901950 31850496 101 1
copy 126 1 12884901950 31850496 102 1
copy 127 1 12884901951 31850496 101 1
copy 128 1 12884901951 31850496 102 1
copy 129 1 12884901952 31850496 101 1
copy 130 1 12884901952 31850496 102 1
copy 131 1 12884901953 31850496 101 1
copy 132 1 12884901953 31850496 102 1
copy 133 1 12884901954 31850496 101 1
copy 134 1 12884901954 31850496 102 1
copy 135 1 12884901955 31850496 101 1
copy 136 1 12884901955 31850496 102 1
copy 137 1 12884901956 31850496 101 1
copy 138 1 12884901956 31850496 102 1
copy 139 1 12884901957 31850496 101 1
copy 140 1 12884901957 31850496 102 1
copy 141 1 12884901958 31850496 101 1
copy 142 1 12884901958 31850496 102 1
copy 143 1 12884901959 31850496 101 1
copy 144 1 12884901959 31850496 102 1
copy 145 1 12884901960 31850496 101 1
copy 146 1 12884901960 31850496 102 1
copy 147 1 12884901961 31850496 101 1
copy 148 1 12884901961 31850496 102 1
copy 149 1 12884901962 31850496 101 1
copy 150 1 12884901962 31850496 102 1
copy 151 1 12884901963 31850496 101 1
copy 152 1 12884901963 31850496 102 1
copy 153 1 12884901964 31850496 101 1
copy 154 1 12884901964 31850496 102 1
copy 155 1 12884901965 31850496 101 1
copy 156 1 12884901965 31850496 102 1
copy 157 1 12884901966 31850496 101 1
copy 158 1 12884901966 31850496 102 1
copy 159 1 12884901967 31850496 101 1
copy 160 1 12884901967 31850496 102 1
copy 161 1 12884901968 31850496 101 1
copy 162 1 12884901968 31850496 102 1
copy 163 1 12884901969 31850496 101 1
copy 164 1 12884901969 31850496 102 1
copy 165 1 12884901970 31850496 101 1
copy 166 1 12884901970 31850496 102 1
copy 167 1 12884901971 31850496 101 1
copy 168 1 12884901971 31850496 102 1
copy 169 1 12884901972 31850496 101 1
copy 170 1 12884901972 31850496 102 1
copy 171 1 12884901973 31850496 101 1
copy 172 1 12884901973 31850496 102 1
copy 173 1 12884901974 31850496 101 1
copy 174 1 12884901974 31850496 102 1
copy 175 1 12884901975 31850496 101 1
copy 176 1 12884901975 31850496 102 1
copy 177 1 12884901976 31850496 101 1
copy 178 1 12884901976 31850496 102 1
copy 179 1 12884901977 31850496 101 1
copy 180 1 12884901977 31850496 102 1
copy 181 1 12884901978 31850496 101 1
copy 182 1 12884901978 31850496 102 1
copy 183 1 12884901979 31850496 101 1
copy 184 1 12884901979 31850496 102 1
copy 185 1 12884901980 31850496 101 1
copy 186 1 12884901980 31850496 102 1
copy 187 1 12884901981 31850496 101 1
copy 188 1 12884901981 31850496 102 1
copy 189 1 12884901982 31850496 101 1
copy 190 1 12884901982 31850496 102 1
copy 191 1 12884901983 31850496 101 1
copy 192 1 12884901983 31850496 102 1
copy 193 1 12884901984 31850496 101 1
copy 194 1 12884901984 31850496 102 1
copy 195 1 12884901985 31850496 101 1
copy 196 1 12884901985 31850496 102 1
copy 197 1 12884901986 31850496 101 1
copy 198 1 12884901986 31850496 102 1
copy 199 1 12884901987 31850496 101 1
copy 200 1 12884901987 31850496 102 1
copy 201 1 12884901988 31850496 101 1
copy 202 1 12884901988 31850496 102 1
copy 203 1 12884901989 31850496 101 1
copy 204 1 12884901989 31850496 102 1
copy 205 1 12884901990 31850496 101 1
copy 206 1 12884901990 31850496 102 1
copy 207 1 12884901991 31850496 101 1
copy 208 1 12884901991 31850496 102 1
copy 209 1 12884901992 31850496 101 1
copy 210 1 12884901992 31850496 102 1
copy 211 1 12884901993 31850496 101 1
copy 212 1 12884901993 31850496 102 1
copy 213 1 12884901994 31850496 101 1
copy 214 1 12884901994 31850496 102 1
copy 215 1 12884901995 31850496 101 1
copy 216 1 12884901995 31850496 102 1
copy 217 1 12884901996 31850496 101 1
copy 218 1 12884901996 31850496 102 1
copy 219 1 12884901997 31850496 101 1
copy 220 1 12884901997 31850496 102 1
copy 221 1 12884901998 31850496 101 1
copy 222 1 12884901998 31850496 102 1
copy 223 1 12884901999 31850496 101 1
copy 224 1 12884901999 31850496 102 1
copy 225 1 12884902000 31850496 101 1
copy 226 1 12884902000 31850496 102 1
copy 227 1 12884902001 31850496 101 1
copy 228 1 12884902001 31850496 102 1
copy 229 1 12884902002 31850496 101 1
copy 230 1 12884902002 31850496 102 1
copy 231 1 12884902003 31850496 101 1
copy 232 1 12884902003 31850496 102 1
copy 233 1 12884902004 31850496 101 1
copy 234 1 12884902004 31850496 102 1
copy 235 1 12884902005 31850496 101 1
copy 236 1 12884902005 31850496 102 1
copy 237 1 12884902006 31850496 101 1
copy 238 1 12884902006 31850496 102 1
copy 239 1 12884902007 31850496 101 1
copy 240 1 12884902007 31850496 102 1
copy 241 1 12884902008 31850496 101 1
copy 242 1 12884902008 31850496 102 1
copy 243 1 12884902009 31850496 101 1
copy 244 1 12884902009 31850496 102 1
copy 245 1 12884902010 31850496 101 1
copy 246 1 12884902010 31850496 102 1
copy 247 1 12884902011 31850496 101 1
copy 248 1 12884902011 31850496 102 1
copy 249 1 12884902012 31850496 101 1
copy 250 1 12884902012 31850496 102 1
copy 251 1 12884902013 31850496 101 1
copy 252 1 12884902013 31850496 102 1
copy 253 1 12884902014 31850496 101 1
copy 254 1 12884902014 31850496 102 1
copy 255 1 12884902015 31850496 101 1
copy 256 1 12884902015 31850496 102 1
copy 257 1 17179869184 31850496 101 1
copy 258 1 17179869184 31850496 102 1
copy 259 1 17179869185 31850496 101 1
copy 260 1 17179869185 31850496 102 1
copy 261 1 17179869186 31850496 101 1
copy 262 1 17179869186 31850496 102 1
copy 263 1 17179869187 31850496 101 1
copy 264 1 17179869187 31850496 102 1
copy 265 1 17179869188 31850496 101 1
copy 266 1 17179869188 31850496 102 1
copy 267 1 17179869189 31850496 101 1
copy 268 1 17179869189 31850496 102 1
copy 269 1 17179869190 31850496 101 1
copy 270 1 17179869190 31850496 102 1
copy 271 1 17179869191 31850496 101 1
copy 272 1 17179869191 31850496 102 1
copy 273 1 17179869192 31850496 101 1
copy 274 1 17179869192 31850496 102 1
copy 275 1 17179869193 31850496 101 1
copy 276 1 17179869193 31850496 102 1
copy 277 1 17179869194 31850496 101 1
copy 278 1 17179869194 31850496 102 1
copy 279 1 17179869195 31850496 101 1
copy 280 1 17179869195 31850496 102 1
copy 281 1 17179869196 31850496 101 1
copy 282 1 17179869196 31850496 102 1
copy 283 1 17179869197 31850496 101 1
copy 284 1 17179869197 31850496 102 1
copy 285 1 17179869198 31850496 101 1
copy 286 1 17179869198 31850496 102 1
copy 287 1 17179869199 31850496 101 1
copy 288 1 17179869199 31850496 102 1
copy 289 1 17179869200 31850496 101 1
copy 290 1 17179869200 31850496 102 1
copy 291 1 17179869201 31850496 101 1
copy 292 1 17179869201 31850496 102 1
copy 293 1 17179869202 31850496 101 1
copy 294 1 17179869202 31850496 102 1
copy 295 1 17179869203 31850496 101 1
copy 296 1 17179869203 31850496 102 1
copy 297 1 17179869204 31850496 101 1
copy 298 1 17179869204 31850496 102 1
copy 299 1 17179869205 31850496 101 1
copy 300 1 17179869205 31850496 102 1
copy 301 1 17179869206 31850496 101 1
copy 302 1 17179869206 31850496 102 1
copy 303 1 17179869207 31850496 101 1
copy 304 1 17179869207 31850496 102 1
copy 305 1 17179869208 31850496 101 1
copy 306 1 17179869208 31850496 102 1
copy 307 1 17179869209 31850496 101 1
copy 308 1 17179869209 31850496 102 1
copy 309 1 17179869210 31850496 101 1
copy 310 1 17179869210 31850496 102 1
copy 311 1 17179869211 31850496 101 1
copy 312 1 17179869211 31850496 102 1
copy 313 1 17179869212 31850496 101 1
copy 314 1 17179869212 31850496 102 1
copy 315 1 17179869213 31850496 101 1
copy 316 1 17179869213 31850496 102 1
copy 317 1 17179869214 31850496 101 1
copy 318 1 17179869214 31850496 102 1
copy 319 1 17179869215 31850496 101 1
copy 320 1 17179869215 31850496 102 1
copy 321 1 17179869216 31850496 101 1
copy 322 1 17179869216 31850496 102 1
copy 323 1 17179869217 31850496 101 1
copy 324 1 17179869217 31850496 102 1
copy 325 1 17179869218 31850496 101 1
copy 326 1 17179869218 31850496 102 1
copy 327 1 17179869219 31850496 101 1
copy 328 1 17179869219 31850496 102 1
copy 329 1 17179869220 31850496 101 1
copy 330 1 17179869220 31850496 102 1
copy 331 1 17179869221 31850496 101 1
copy 332 1 17179869221 31850496 102 1
copy 333 1 17179869222 31850496 101 1
copy 334 1 17179869222 31850496 102 1
copy 335 1 17179869223 31850496 101 1
copy 336 1 17179869223 31850496 102 1
copy 337 1 17179869224 31850496 101 1
copy 338 1 17179869224 31850496 102 1
copy 339 1 17179869225 31850496 101 1
copy 340 1 17179869225 31850496 102 1
copy 341 1 17179869226 31850496 101 1
copy 342 1 17179869226 31850496 102 1
copy 343 1 17179869227 31850496 101 1
copy 344 1 17179869227 31850496 102 1
copy 345 1 17179869228 31850496 101 1
copy 346 1 17179869228 31850496 102 1
copy 347 1 17179869229 31850496 101 1
copy 348 1 17179869229 31850496 102 1
copy 349 1 17179869230 31850496 101 1
copy 350 1 17179869230 31850496 102 1
copy 351 1 17179869231 31850496 101 1
copy 352 1 17179869231 31850496 102 1
copy 353 1 17179869232 31850496 101 1
copy 354 1 17179869232 31850496 102 1
copy 355 1 17179869233 31850496 101 1
copy 356 1 17179869233 31850496 102 1
copy 357 1 17179869234 31850496 101 1
copy 358 1 17179869234 31850496 102 1
copy 359 1 17179869235 31850496 101 1
copy 360 1 17179869235 31850496 102 1
copy 361 1 17179869236 31850496 101 1
copy 362 1 17179869236 31850496 102 1
copy 363 1 17179869237 31850496 101 1
copy 364 1 17179869237 31850496 102 1
copy 365 1 17179869238 31850496 101 1
copy 366 1 17179869238 31850496 102 1
copy 367 1 17179869239 31850496 101 1
copy 368 1 17179869239 31850496 102 1
copy 369 1 17179869240 31850496 101 1
copy 370 1 17179869240 31850496 102 1
copy 371 1 17179869241 31850496 101 1
copy 372 1 17179869241 31850496 102 1
copy 373 1 17179869242 31850496 101 1
copy 374 1 17179869242 31850496 102 1
copy 375 1 17179869243 31850496 101 1
copy 376 1 17179869243 31850496 102 1
copy 377 1 17179869244 31850496 101 1
copy 378 1 17179869244 31850496 102 1
copy 379 1 17179869245 31850496 101 1
copy 380 1 17179869245 31850496 102 1
copy 381 1 17179869246 31850496 101 1
copy 382 1 17179869246 31850496 102 1
copy 383 1 17179869247 31850496 101 1
copy 384 1 17179869247 31850496 102 1
copy 385 1 17179869248 31850496 101 1
copy 386 1 17179869248 31850496 102 1
copy 387 1 17179869249 31850496 101 1
copy 388 1 17179869249 31850496 102 1
copy 389 1 17179869250 31850496 101 1
copy 390 1 17179869250 31850496 102 1
copy 391 1 17179869251 31850496 101 1
copy 392 1 17179869251 31850496 102 1
copy 393 1 17179869252 31850496 101 1
copy 394 1 17179869252 31850496 102 1
copy 395 1 17179869253 31850496 101 1
copy 396 1 17179869253 31850496 102 1
copy 397 1 17179869254 31850496 101 1
copy 398 1 17179869254 31850496 102 1
copy 399 1 17179869255 31850496 101 1
copy 400 1 17179869255 31850496 102 1
copy 401 1 17179869256 31850496 101 1
copy 402 1 17179869256 31850496 102 1
copy 403 1 17179869257 31850496 101 1
copy 404 1 17179869257 31850496 102 1
copy 405 1 17179869258 31850496 101 1
copy 406 1 17179869258 31850496 102 1
copy 407 1 17179869259 31850496 101 1
copy 408 1 17179869259 31850496 102 1
copy 409 1 17179869260 31850496 101 1
copy 410 1 17179869260 31850496 102 1
copy 411 1 17179869261 31850496 101 1
copy 412 1 17179869261 31850496 102 1
copy 413 1 17179869262 31850496 101 1
copy 414 1 17179869262 31850496 102 1
copy 415 1 17179869263 31850496 101 1
copy 416 1 17179869263 31850496 102 1
copy 417 1 17179869264 31850496 101 1
copy 418 1 17179869264 31850496 102 1
copy 419 1 17179869265 31850496 101 1
copy 420 1 17179869265 31850496 102 1
copy 421 1 17179869266 31850496 101 1
copy 422 1 17179869266 31850496 102 1
copy 423 1 17179869267 31850496 101 1
copy 424 1 17179869267 31850496 102 1
copy 425 1 17179869268 31850496 101 1
copy 426 1 17179869268 31850496 102 1
copy 427 1 17179869269 31850496 101 1
copy 428 1 17179869269 31850496 102 1
copy 429 1 17179869270 31850496 101 1
copy 430 1 17179869270 31850496 102 1
copy 431 1 17179869271 31850496 101 1
copy 432 1 17179869271 31850496 102 1
copy 433 1 17179869272 31850496 101 1
copy 434 1 17179869272 31850496 102 1
copy 435 1 17179869273 31850496 101 1
copy 436 1 17179869273 31850496 102 1
copy 437 1 17179869274 31850496 101 1
copy 438 1 17179869274 31850496 102 1
copy 439 1 17179869275 31850496 101 1
copy 440 1 17179869275 31850496 102 1
copy 441 1 17179869276 31850496 101 1
copy 442 1 17179869276 31850496 102 1
copy 443 1 17179869277 31850496 101 1
copy 444 1 17179869277 31850496 102 1
copy 445 1 17179869278 31850496 101 1
copy 446 1 17179869278 31850496 102 1
copy 447 1 17179869279 31850496 101 1
copy 448 1 17179869279 31850496 102 1
copy 449 1 17179869280 31850496 101 1
copy 450 1 17179869280 31850496 102 1
copy 451 1 17179869281 31850496 101 1
copy 452 1 17179869281 31850496 102 1
copy 453 1 17179869282 31850496 101 1
copy 454 1 17179869282 31850496 102 1
copy 455 1 17179869283 31850496 101 1
copy 456 1 17179869283 31850496 102 1
copy 457 1 17179869284 31850496 101 1
copy 458 1 17179869284 31850496 102 1
copy 459 1 17179869285 31850496 101 1
copy 460 1 17179869285 31850496 102 1
copy 461 1 17179869286 31850496 101 1
copy 462 1 17179869286 31850496 102 1
copy 463 1 17179869287 31850496 101 1
copy 464 1 17179869287 31850496 102 1
copy 465 1 17179869288 31850496 101 1
copy 466 1 17179869288 31850496 102 1
copy 467 1 17179869289 31850496 101 1
copy 468 1 17179869289 31850496 102 1
copy 469 1 17179869290 31850496 101 1
copy 470 1 17179869290 31850496 102 1
copy 471 1 17179869291 31850496 101 1
copy 472 1 17179869291 31850496 102 1
copy 473 1 17179869292 31850496 101 1
copy 474 1 17179869292 31850496 102 1
copy 475 1 17179869293 31850496 101 1
copy 476 1 17179869293 31850496 102 1
copy 477 1 17179869294 31850496 101 1
copy 478 1 17179869294 31850496 102 1
copy 479 1 17179869295 31850496 101 1
copy 480 1 17179869295 31850496 102 1
copy 481 1 17179869296 31850496 101 1
copy 482 1 17179869296 31850496 102 1
copy 483 1 17179869297 31850496 101 1
copy 484 1 17179869297 31850496 102 1
copy 485 1 17179869298 31850496 101 1
copy 486 1 17179869298 31850496 102 1
copy 487 1 17179869299 31850496 101 1
copy 488 1 17179869299 31850496 102 1
copy 489 1 17179869300 31850496 101 1
copy 490 1 17179869300 31850496 102 1
copy 491 1 17179869301 31850496 101 1
copy 492 1 17179869301 31850496 102 1
copy 493 1 17179869302 31850496 101 1
copy 494 1 17179869302 31850496 102 1
copy 495 1 17179869303 31850496 101 1
copy 496 1 17179869303 31850496 102 1
copy 497 1 17179869304 31850496 101 1
copy 498 1 17179869304 31850496 102 1
copy 499 1 17179869305 31850496 101 1
copy 500 1 17179869305 31850496 102 1
copy 501 1 17179869306 31850496 101 1
copy 502 1 17179869306 31850496 102 1
copy 503 1 17179869307 31850496 101 1
copy 504 1 17179869307 31850496 102 1
copy 505 1 17179869308 31850496 101 1
copy 506 1 17179869308 31850496 102 1
copy 507 1 17179869309 31850496 101 1
copy 508 1 17179869309 31850496 102 1
copy 509 1 17179869310 31850496 101 1
copy 510 1 17179869310 31850496 102 1
copy 511 1 17179869311 31850496 101 1
copy 512 1 17179869311 31850496 102 1
copy 513 1 21474836480 31850496 101 1
copy 514 1 21474836480 31850496 102 1
copy 515 1 21474836481 31850496 101 1
copy 516 1 21474836481 31850496 102 1
copy 517 1 21474836482 31850496 101 1
copy 518 1 21474836482 31850496 102 1
copy 519 1 21474836483 31850496 101 1
copy 520 1 21474836483 31850496 102 1
copy 521 1 21474836484 31850496 101 1
copy 522 1 21474836484 31850496 102 1
copy 523 1 21474836485 31850496 101 1
copy 524 1 21474836485 31850496 102 1
copy 525 1 21474836486 31850496 101 1
copy 526 1 21474836486 31850496 102 1
copy 527 1 21474836487 31850496 101 1
copy 528 1 21474836487 31850496 102 1
copy 529 1 21474836488 31850496 101 1
copy 530 1 21474836488 31850496 102 1
copy 531 1 21474836489 31850496 101 1
copy 532 1 21474836489 31850496 102 1
copy 533 1 21474836490 31850496 101 1
copy 534 1 21474836490 31850496 102 1
copy 535 1 21474836491 31850496 101 1
copy 536 1 21474836491 31850496 102 1
copy 537 1 21474836492 31850496 101 1
copy 538 1 21474836492 31850496 102 1
copy 539 1 21474836493 31850496 101 1
copy 540 1 21474836493 31850496 102 1
copy 541 1 21474836494 31850496 101 1
copy 542 1 21474836494 31850496 102 1
copy 543 1 21474836495 31850496 101 1
copy 544 1 21474836495 31850496 102 1
copy 545 1 21474836496 31850496 101 1
copy 546 1 21474836496 31850496 102 1
copy 547 1 21474836497 31850496 101 1
copy 548 1 21474836497 31850496 102 1
copy 549 1 21474836498 31850496 101 1
copy 550 1 21474836498 31850496 102 1
copy 551 1 21474836499 31850496 101 1
copy 552 1 21474836499 31850496 102 1
copy 553 1 21474836500 31850496 101 1
copy 554 1 21474836500 31850496 102 1
copy 555 1 21474836501 31850496 101 1
copy 556 1 21474836501 31850496 102 1
copy 557 1 21474836502 31850496 101 1
copy 558 1 21474836502 31850496 102 1
copy 559 1 21474836503 31850496 101 1
copy 560 1 21474836503 31850496 102 1
copy 561 1 21474836504 31850496 101 1
copy 562 1 21474836504 31850496 102 1
copy 563 1 21474836505 31850496 101 1
copy 564 1 21474836505 31850496 102 1
copy 565 1 21474836506 31850496 101 1
copy 566 1 21474836506 31850496 102 1
copy 567 1 21474836507 31850496 101 1
copy 568 1 21474836507 31850496 102 1
copy 569 1 21474836508 31850496 101 1
copy 570 1 21474836508 31850496 102 1
copy 571 1 21474836509 31850496 101 1
copy 572 1 21474836509 31850496 102 1
copy 573 1 21474836510 31850496 101 1
copy 574 1 21474836510 31850496 102 1
copy 575 1 21474836511 31850496 101 1
copy 576 1 21474836511 31850496 102 1
copy 577 1 21474836512 31850496 101 1
copy 578 1 21474836512 31850496 102 1
copy 579 1 21474836513 31850496 101 1
copy 580 1 21474836513 31850496 102 1
copy 581 1 21474836514 31850496 101 1
copy 582 1 21474836514 31850496 102 1
copy 583 1 21474836515 31850496 101 1
copy 584 1 21474836515 31850496 102 1
copy 585 1 21474836516 31850496 101 1
copy 586 1 21474836516 31850496 102 1
copy 587 1 21474836517 31850496 101 1
copy 588 1 21474836517 31850496 102 1
copy 589 1 21474836518 31850496 101 1
copy 590 1 21474836518 31850496 102 1
copy 591 1 21474836519 31850496 101 1
copy 592 1 21474836519 31850496 102 1
copy 593 1 21474836520 31850496 101 1
copy 594 1 21474836520 31850496 102 1
copy 595 1 21474836521 31850496 101 1
copy 596 1 21474836521 31850496 102 1
copy 597 1 21474836522 31850496 101 1
copy 598 1 21474836522 31850496 102 1
copy 599 1 21474836523 31850496 101 1
copy 600 1 21474836523 31850496 102 1
copy 601 1 21474836524 31850496 101 1
copy 602 1 21474836524 31850496 102 1
copy 603 1 21474836525 31850496 101 1
copy 604 1 21474836525 31850496 102 1
copy 605 1 21474836526 31850496 101 1
copy 606 1 21474836526 31850496 102 1
copy 607 1 21474836527 31850496 101 1
copy 608 1 21474836527 31850496 102 1
copy 609 1 21474836528 31850496 101 1
copy 610 1 21474836528 31850496 102 1
copy 611 1 21474836529 31850496 101 1
copy 612 1 21474836529 31850496 102 1
copy 613 1 21474836530 31850496 101 1
copy 614 1 21474836530 31850496 102 1
copy 615 1 21474836531 31850496 101 1
copy 616 1 21474836531 31850496 102 1
copy 617 1 21474836532 31850496 101 1
copy 618 1 21474836532 31850496 102 1
copy 619 1 21474836533 31850496 101 1
copy 620 1 21474836533 31850496 102 1
copy 621 1 21474836534 31850496 101 1
copy 622 1 21474836534 31850496 102 1
copy 623 1 21474836535 31850496 101 1
copy 624 1 21474836535 31850496 102 1
copy 625 1 21474836536 31850496 101 1
copy 626 1 21474836536 31850496 102 1
copy 627 1 21474836537 31850496 101 1
copy 628 1 21474836537 31850496 102 1
copy 629 1 21474836538 31850496 101 1
copy 630 1 21474836538 31850496 102 1
copy 631 1 21474836539 31850496 101 1
copy 632 1 21474836539 31850496 102 1
copy 633 1 21474836540 31850496 101 1
copy 634 1 21474836540 31850496 102 1
copy 635 1 21474836541 31850496 101 1
copy 636 1 21474836541 31850496 102 1
copy 637 1 21474836542 31850496 101 1
copy 638 1 21474836542 31850496 102 1
copy 639 1 21474836543 31850496 101 1
copy 640 1 21474836543 31850496 102 1
copy 641 1 21474836544 31850496 101 1
copy 642 1 21474836544 31850496 102 1
copy 643 1 21474836545 31850496 101 1
copy 644 1 21474836545 31850496 102 1
copy 645 1 21474836546 31850496 101 1
copy 646 1 21474836546 31850496 102 1
copy 647 1 21474836547 31850496 101 1
copy 648 1 21474836547 31850496 102 1
copy 649 1 21474836548 31850496 101 1
copy 650 1 21474836548 31850496 102 1
copy 651 1 21474836549 31850496 101 1
copy 652 1 21474836549 31850496 102 1
copy 653 1 21474836550 31850496 101 1
copy 654 1 21474836550 31850496 102 1
copy 655 1 21474836551 31850496 101 1
copy 656 1 21474836551 31850496 102 1
copy 657 1 21474836552 31850496 101 1
copy 658 1 21474836552 31850496 102 1
copy 659 1 21474836553 31850496 101 1
copy 660 1 21474836553 31850496 102 1
copy 661 1 21474836554 31850496 101 1
copy 662 1 21474836554 31850496 102 1
copy 663 1 21474836555 31850496 101 1
copy 664 1 21474836555 31850496 102 1
copy 665 1 21474836556 31850496 101 1
copy 666 1 21474836556 31850496 102 1
copy 667 1 21474836557 31850496 101 1
copy 668 1 21474836557 31850496 102 1
copy 669 1 21474836558 31850496 101 1
copy 670 1 21474836558 31850496 102 1
copy 671 1 21474836559 31850496 101 1
copy 672 1 21474836559 31850496 102 1
copy 673 1 21474836560 31850496 101 1
copy 674 1 21474836560 31850496 102 1
copy 675 1 21474836561 31850496 101 1
copy 676 1 21474836561 31850496 102 1
copy 677 1 21474836562 31850496 101 1
copy 678 1 21474836562 31850496 102 1
copy 679 1 21474836563 31850496 101 1
copy 680 1 21474836563 31850496 102 1
copy 681 1 21474836564 31850496 101 1
copy 682 1 21474836564 31850496 102 1
copy 683 1 21474836565 31850496 101 1
copy 684 1 21474836565 31850496 102 1
copy 685 1 21474836566 31850496 101 1
copy 686 1 21474836566 31850496 102 1
copy 687 1 21474836567 31850496 101 1
copy 688 1 21474836567 31850496 102 1
copy 689 1 21474836568 31850496 101 1
copy 690 1 21474836568 31850496 102 1
copy 691 1 21474836569 31850496 101 1
copy 692 1 21474836569 31850496 102 1
copy 693 1 21474836570 31850496 101 1
copy 694 1 21474836570 31850496 102 1
copy 695 1 21474836571 31850496 101 1
copy 696 1 21474836571 31850496 102 1
copy 697 1 21474836572 31850496 101 1
copy 698 1 21474836572 31850496 102 1
copy 699 1 21474836573 31850496 101 1
copy 700 1 21474836573 31850496 102 1
copy 701 1 21474836574 31850496 101 1
copy 702 1 21474836574 31850496 102 1
copy 703 1 21474836575 31850496 101 1
copy 704 1 21474836575 31850496 102 1
copy 705 1 21474836576 31850496 101 1
copy 706 1 21474836576 31850496 102 1
copy 707 1 21474836577 31850496 101 1
copy 708 1 21474836577 31850496 102 1
copy 709 1 21474836578 31850496 101 1
copy 710 1 21474836578 31850496 102 1
copy 711 1 21474836579 31850496 101 1
copy 712 1 21474836579 31850496 102 1
copy 713 1 21474836580 31850496 101 1
copy 714 1 21474836580 31850496 102 1
copy 715 1 21474836581 31850496 101 1
copy 716 1 21474836581 31850496 102 1
copy 717 1 21474836582 31850496 101 1
copy 718 1 21474836582 31850496 102 1
copy 719 1 21474836583 31850496 101 1
copy 720 1 21474836583 31850496 102 1
copy 721 1 21474836584 31850496 101 1
copy 722 1 21474836584 31850496 102 1
copy 723 1 21474836585 31850496 101 1
copy 724 1 21474836585 31850496 102 1
copy 725 1 21474836586 31850496 101 1
copy 726 1 21474836586 31850496 102 1
copy 727 1 21474836587 31850496 101 1
copy 728 1 21474836587 31850496 102 1
copy 729 1 21474836588 31850496 101 1
copy 730 1 21474836588 31850496 102 1
copy 731 1 21474836589 31850496 101 1
copy 732 1 21474836589 31850496 102 1
copy 733 1 21474836590 31850496 101 1
copy 734 1 21474836590 31850496 102 1
copy 735 1 21474836591 31850496 101 1
copy 736 1 21474836591 31850496 102 1
copy 737 1 21474836592 31850496 101 1
copy 738 1 21474836592 31850496 102 1
copy 739 1 21474836593 31850496 101 1
copy 740 1 21474836593 31850496 102 1
copy 741 1 21474836594 31850496 101 1
copy 742 1 21474836594 31850496 102 1
copy 743 1 21474836595 31850496 101 1
copy 744 1 21474836595 31850496 102 1
copy 745 1 21474836596 31850496 101 1
copy 746 1 21474836596 31850496 102 1
copy 747 1 21474836597 31850496 101 1
copy 748 1 21474836597 31850496 102 1
copy 749 1 21474836598 31850496 101 1
copy 750 1 21474836598 31850496 102 1
copy 751 1 21474836599 31850496 101 1
copy 752 1 21474836599 31850496 102 1
copy 753 1 21474836600 31850496 101 1
copy 754 1 21474836600 31850496 102 1
copy 755 1 21474836601 31850496 101 1
copy 756 1 21474836601 31850496 102 1
copy 757 1 21474836602 31850496 101 1
copy 758 1 21474836602 31850496 102 1
copy 759 1 21474836603 31850496 101 1
copy 760 1 21474836603 31850496 102 1
copy 761 1 21474836604 31850496 101 1
copy 762 1 21474836604 31850496 102 1
copy 763 1 21474836605 31850496 101 1
copy 764 1 21474836605 31850496 102 1
copy 765 1 21474836606 31850496 101 1
copy 766 1 21474836606 31850496 102 1
copy 767 1 21474836607 31850496 101 1
copy 768 1 21474836607 31850496 102 1
copy 769 1 25769803776 31850496 101 1
copy 770 1 25769803776 31850496 102 1
copy 771 1 25769803777 31850496 101 1
copy 772 1 25769803777 31850496 102 1
copy 773 1 25769803778 31850496 101 1
copy 774 1 25769803778 31850496 102 1
copy 775 1 25769803779 31850496 101 1
copy 776 1 25769803779 31850496 102 1
copy 777 1 25769803780 31850496 101 1
copy 778 1 25769803780 31850496 102 1
copy 779 1 25769803781 31850496 101 1
copy 780 1 25769803781 31850496 102 1
copy 781 1 25769803782 31850496 101 1
copy 782 1 25769803782 31850496 102 1
copy 783 1 25769803783 31850496 101 1
copy 784 1 25769803783 31850496 102 1
copy 785 1 25769803784 31850496 101 1
copy 786 1 25769803784 31850496 102 1
copy 787 1 25769803785 31850496 101 1
copy 788 1 25769803785 31850496 102 1
copy 789 1 25769803786 31850496 101 1
copy 790 1 25769803786 31850496 102 1
copy 791 1 25769803787 31850496 101 1
copy 792 1 25769803787 31850496 102 1
copy 793 1 25769803788 31850496 101 1
copy 794 1 25769803788 31850496 102 1
copy 795 1 25769803789 31850496 101 1
copy 796 1 25769803789 31850496 102 1
copy 797 1 25769803790 31850496 101 1
copy 798 1 25769803790 31850496 102 1
copy 799 1 25769803791 31850496 101 1
copy 800 1 25769803791 31850496 102 1
copy 801 1 25769803792 31850496 101 1
copy 802 1 25769803792 31850496 102 1
copy 803 1 25769803793 31850496 101 1
copy 804 1 25769803793 31850496 102 1
copy 805 1 25769803794 31850496 101 1
copy 806 1 25769803794 31850496 102 1
copy 807 1 25769803795 31850496 101 1
copy 808 1 25769803795 31850496 102 1
copy 809 1 25769803796 31850496 101 1
copy 810 1 25769803796 31850496 102 1
copy 811 1 25769803797 31850496 101 1
copy 812 1 25769803797 31850496 102 1
copy 813 1 25769803798 31850496 101 1
copy 814 1 25769803798 31850496 102 1
copy 815 1 25769803799 31850496 101 1
copy 816 1 25769803799 31850496 102 1
copy 817 1 25769803800 31850496 101 1
copy 818 1 25769803800 31850496 102 1
copy 819 1 25769803801 31850496 101 1
copy 820 1 25769803801 31850496 102 1
copy 821 1 25769803802 31850496 101 1
copy 822 1 25769803802 31850496 102 1
copy 823 1 25769803803 31850496 101 1
copy 824 1 25769803803 31850496 102 1
copy 825 1 25769803804 31850496 101 1
copy 826 1 25769803804 31850496 102 1
copy 827 1 25769803805 31850496 101 1
copy 828 1 25769803805 31850496 102 1
copy 829 1 25769803806 31850496 101 1
copy 830 1 25769803806 31850496 102 1
copy 831 1 25769803807 31850496 101 1
copy 832 1 25769803807 31850496 102 1
copy 833 1 25769803808 31850496 101 1
copy 834 1 25769803808 31850496 102 1
copy 835 1 25769803809 31850496 101 1
copy 836 1 25769803809 31850496 102 1
copy 837 1 25769803810 31850496 101 1
copy 838 1 25769803810 31850496 102 1
copy 839 1 25769803811 31850496 101 1
copy 840 1 25769803811 31850496 102 1
copy 841 1 25769803812 31850496 101 1
copy 842 1 25769803812 31850496 102 1
copy 843 1 25769803813 31850496 101 1
copy 844 1 25769803813 31850496 102 1
copy 845 1 25769803814 31850496 101 1
copy 846 1 25769803814 31850496 102 1
copy 847 1 25769803815 31850496 101 1
copy 848 1 25769803815 31850496 102 1
copy 849 1 25769803816 31850496 101 1
copy 850 1 25769803816 31850496 102 1
copy 851 1 25769803817 31850496 101 1
copy 852 1 25769803817 31850496 102 1
copy 853 1 25769803818 31850496 101 1
copy 854 1 25769803818 31850496 102 1
copy 855 1 25769803819 31850496 101 1
copy 856 1 25769803819 31850496 102 1
copy 857 1 25769803820 31850496 101 1
copy 858 1 25769803820 31850496 102 1
copy 859 1 25769803821 31850496 101 1
copy 860 1 25769803821 31850496 102 1
copy 861 1 25769803822 31850496 101 1
copy 862 1 25769803822 31850496 102 1
copy 863 1 25769803823 31850496 101 1
copy 864 1 25769803823 31850496 102 1
copy 865 1 25769803824 31850496 101 1
copy 866 1 25769803824 31850496 102 1
copy 867 1 25769803825 31850496 101 1
copy 868 1 25769803825 31850496 102 1
copy 869 1 25769803826 31850496 101 1
copy 870 1 25769803826 31850496 102 1
copy 871 1 25769803827 31850496 101 1
copy 872 1 25769803827 31850496 102 1
copy 873 1 25769803828 31850496 101 1
copy 874 1 25769803828 31850496 102 1
copy 875 1 25769803829 31850496 101 1
copy 876 1 25769803829 31850496 102 1
copy 877 1 25769803830 31850496 101 1
copy 878 1 25769803830 31850496 102 1
copy 879 1 25769803831 31850496 101 1
copy 880 1 25769803831 31850496 102 1
copy 881 1 25769803832 31850496 101 1
copy 882 1 25769803832 31850496 102 1
copy 883 1 25769803833 31850496 101 1
copy 884 1 25769803833 31850496 102 1
copy 885 1 25769803834 31850496 101 1
copy 886 1 25769803834 31850496 102 1
copy 887 1 25769803835 31850496 101 1
copy 888 1 25769803835 31850496 102 1
copy 889 1 25769803836 31850496 101 1
copy 890 1 25769803836 31850496 102 1
copy 891 1 25769803837 31850496 101 1
copy 892 1 25769803837 31850496 102 1
copy 893 1 25769803838 31850496 101 1
copy 894 1 25769803838 31850496 102 1
copy 895 1 25769803839 31850496 101 1
copy 896 1 25769803839 31850496 102 1
copy 897 1 25769803840 31850496 101 1
copy 898 1 25769803840 31850496 102 1
copy 899 1 25769803841 31850496 101 1
copy 900 1 25769803841 31850496 102 1
copy 901 1 25769803842 31850496 101 1
copy 902 1 25769803842 31850496 102 1
copy 903 1 25769803843 31850496 101 1
copy 904 1 25769803843 31850496 102 1
copy 905 1 25769803844 31850496 101 1
copy 906 1 25769803844 31850496 102 1
copy 907 1 25769803845 31850496 101 1
copy 908 1 25769803845 31850496 102 1
copy 909 1 25769803846 31850496 101 1
copy 910 1 25769803846 31850496 102 1
copy 911 1 25769803847 31850496 101 1
copy 912 1 25769803847 31850496 102 1
copy 913 1 25769803848 31850496 101 1
copy 914 1 25769803848 31850496 102 1
copy 915 1 25769803849 31850496 101 1
copy 916 1 25769803849 31850496 102 1
copy 917 1 25769803850 31850496 101 1
copy 918 1 25769803850 31850496 102 1
copy 919 1 25769803851 31850496 101 1
copy 920 1 25769803851 31850496 102 1
copy 921 1 25769803852 31850496 101 1
copy 922 1 25769803852 31850496 102 1
copy 923 1 25769803853 31850496 101 1
copy 924 1 25769803853 31850496 102 1
copy 925 1 25769803854 31850496 101 1
copy 926 1 25769803854 31850496 102 1
copy 927 1 25769803855 31850496 101 1
copy 928 1 25769803855 31850496 102 1
copy 929 1 25769803856 31850496 101 1
copy 930 1 25769803856 31850496 102 1
copy 931 1 25769803857 31850496 101 1
copy 932 1 25769803857 31850496 102 1
copy 933 1 25769803858 31850496 101 1
copy 934 1 25769803858 31850496 102 1
copy 935 1 25769803859 31850496 101 1
copy 936 1 25769803859 31850496 102 1
copy 937 1 25769803860 31850496 101 1
copy 938 1 25769803860 31850496 102 1
copy 939 1 25769803861 31850496 101 1
copy 940 1 25769803861 31850496 102 1
copy 941 1 25769803862 31850496 101 1
copy 942 1 25769803862 31850496 102 1
copy 943 1 25769803863 31850496 101 1
copy 944 1 25769803863 31850496 102 1
copy 945 1 25769803864 31850496 101 1
copy 946 1 25769803864 31850496 102 1
copy 947 1 25769803865 31850496 101 1
copy 948 1 25769803865 31850496 102 1
copy 949 1 25769803866 31850496 101 1
copy 950 1 25769803866 31850496 102 1
copy 951 1 25769803867 31850496 101 1
copy 952 1 25769803867 31850496 102 1
copy 953 1 25769803868 31850496 101 1
copy 954 1 25769803868 31850496 102 1
copy 955 1 25769803869 31850496 101 1
copy 956 1 25769803869 31850496 102 1
copy 957 1 25769803870 31850496 101 1
copy 958 1 25769803870 31850496 102 1
copy 959 1 25769803871 31850496 101 1
copy 960 1 25769803871 31850496 102 1
copy 961 1 25769803872 31850496 101 1
copy 962 1 25769803872 31850496 102 1
copy 963 1 25769803873 31850496 101 1
copy 964 1 25769803873 31850496 102 1
copy 965 1 25769803874 31850496 101 1
copy 966 1 25769803874 31850496 102 1
copy 967 1 25769803875 31850496 101 1
copy 968 1 25769803875 31850496 102 1
copy 969 1 25769803876 31850496 101 1
copy 970 1 25769803876 31850496 102 1
copy 971 1 25769803877 31850496 101 1
copy 972 1 25769803877 31850496 102 1
copy 973 1 25769803878 31850496 101 1
copy 974 1 25769803878 31850496 102 1
copy 975 1 25769803879 31850496 101 1
copy 976 1 25769803879 31850496 102 1
copy 977 1 25769803880 31850496 101 1
copy 978 1 25769803880 31850496 102 1
copy 979 1 25769803881 31850496 101 1
copy 980 1 25769803881 31850496 102 1
copy 981 1 25769803882 31850496 101 1
copy 982 1 25769803882 31850496 102 1
copy 983 1 25769803883 31850496 101 1
copy 984 1 25769803883 31850496 102 1
copy 985 1 25769803884 31850496 101 1
copy 986 1 25769803884 31850496 102 1
copy 987 1 25769803885 31850496 101 1
copy 988 1 25769803885 31850496 102 1
copy 989 1 25769803886 31850496 101 1
copy 990 1 25769803886 31850496 102 1
copy 991 1 25769803887 31850496 101 1
copy 992 1 25769803887 31850496 102 1
copy 993 1 25769803888 31850496 101 1
copy 994 1 25769803888 31850496 102 1
copy 995 1 25769803889 31850496 101 1
copy 996 1 25769803889 31850496 102 1
copy 997 1 25769803890 31850496 101 1
copy 998 1 25769803890 31850496 102 1
copy 999 1 25769803891 31850496 101 1
copy 1000 1 25769803891 31850496 102 1
copy 1001 1 25769803892 31850496 101 1
copy 1002 1 25769803892 31850496 102 1
copy 1003 1 25769803893 31850496 101 1
copy 1004 1 25769803893 31850496 102 1
copy 1005 1 25769803894 31850496 101 1
copy 1006 1 25769803894 31850496 102 1
copy 1007 1 25769803895 31850496 101 1
copy 1008 1 25769803895 31850496 102 1
copy 1009 1 25769803896 31850496 101 1
copy 1010 1 25769803896 31850496 102 1
copy 1011 1 25769803897 31850496 101 1
copy 1012 1 25769803897 31850496 102 1
copy 1013 1 25769803898 31850496 101 1
copy 1014 1 25769803898 31850496 102 1
copy 1015 1 25769803899 31850496 101 1
copy 1016 1 25769803899 31850496 102 1
copy 1017 1 25769803900 31850496 101 1
copy 1018 1 25769803900 31850496 102 1
copy 1019 1 25769803901 31850496 101 1
copy 1020 1 25769803901 31850496 102 1
copy 1021 1 25769803902 31850496 101 1
copy 1022 1 25769803902 31850496 102 1
copy 1023 1 25769803903 31850496 101 1
copy 1024 1 25769803903 31850496 102 1
copy 1025 1 30064771072 31850496 101 1
copy 1026 1 30064771072 31850496 102 1
copy 1027 1 30064771073 31850496 101 1
copy 1028 1 30064771073 31850496 102 1
copy 1029 1 30064771074 31850496 101 1
copy 1030 1 30064771074 31850496 102 1
copy 1031 1 30064771075 31850496 101 1
copy 1032 1 30064771075 31850496 102 1
copy 1033 1 30064771076 31850496 101 1
copy 1034 1 30064771076 31850496 102 1
copy 1035 1 30064771077 31850496 101 1
copy 1036 1 30064771077 31850496 102 1
copy 1037 1 30064771078 31850496 101 1
copy 1038 1 30064771078 31850496 102 1
copy 1039 1 30064771079 31850496 101 1
copy 1040 1 30064771079 31850496 102 1
copy 1041 1 30064771080 31850496 101 1
copy 1042 1 30064771080 31850496 102 1
copy 1043 1 30064771081 31850496 101 1
copy 1044 1 30064771081 31850496 102 1
copy 1045 1 30064771082 31850496 101 1
copy 1046 1 30064771082 31850496 102 1
copy 1047 1 30064771083 31850496 101 1
copy 1048 1 30064771083 31850496 102 1
copy 1049 1 30064771084 31850496 101 1
copy 1050 1 30064771084 31850496 102 1
copy 1051 1 30064771085 31850496 101 1
copy 1052 1 30064771085 31850496 102 1
copy 1053 1 30064771086 31850496 101 1
copy 1054 1 30064771086 31850496 102 1
copy 1055 1 30064771087 31850496 101 1
copy 1056 1 30064771087 31850496 102 1
copy 1057 1 30064771088 31850496 101 1
copy 1058 1 30064771088 31850496 102 1
copy 1059 1 30064771089 31850496 101 1
copy 1060 1 30064771089 31850496 102 1
copy 1061 1 30064771090 31850496 101 1
copy 1062 1 30064771090 31850496 102 1
copy 1063 1 30064771091 31850496 101 1
copy 1064 1 30064771091 31850496 102 1
copy 1065 1 30064771092 31850496 101 1
copy 1066 1 30064771092 31850496 102 1
copy 1067 1 30064771093 31850496 101 1
copy 1068 1 30064771093 31850496 102 1
copy 1069 1 30064771094 31850496 101 1
copy 1070 1 30064771094 31850496 102 1
copy 1071 1 30064771095 31850496 101 1
copy 1072 1 30064771095 31850496 102 1
copy 1073 1 30064771096 31850496 101 1
copy 1074 1 30064771096 31850496 102 1
copy 1075 1 30064771097 31850496 101 1
copy 1076 1 30064771097 31850496 102 1
copy 1077 1 30064771098 31850496 101 1
copy 1078 1 30064771098 31850496 102 1
copy 1079 1 30064771099 31850496 101 1
copy 1080 1 30064771099 31850496 102 1
copy 1081 1 30064771100 31850496 101 1
copy 1082 1 30064771100 31850496 102 1
copy 1083 1 30064771101 31850496 101 1
copy 1084 1 30064771101 31850496 102 1
copy 1085 1 30064771102 31850496 101 1
copy 1086 1 30064771102 31850496 102 1
copy 1087 1 30064771103 31850496 101 1
copy 1088 1 30064771103 31850496 102 1
copy 1089 1 30064771104 31850496 101 1
copy 1090 1 30064771104 31850496 102 1
copy 1091 1 30064771105 31850496 101 1
copy 1092 1 30064771105 31850496 102 1
copy 1093 1 30064771106 31850496 101 1
copy 1094 1 30064771106 31850496 102 1
copy 1095 1 30064771107 31850496 101 1
copy 1096 1 30064771107 31850496 102 1
copy 1097 1 30064771108 31850496 101 1
copy 1098 1 30064771108 31850496 102 1
copy 1099 1 30064771109 31850496 101 1
copy 1100 1 30064771109 31850496 102 1
copy 1101 1 30064771110 31850496 101 1
copy 1102 1 30064771110 31850496 102 1
copy 1103 1 30064771111 31850496 101 1
copy 1104 1 30064771111 31850496 102 1
copy 1105 1 30064771112 31850496 101 1
copy 1106 1 30064771112 31850496 102 1
copy 1107 1 30064771113 31850496 101 1
copy 1108 1 30064771113 31850496 102 1
copy 1109 1 30064771114 31850496 101 1
copy 1110 1 30064771114 31850496 102 1
copy 1111 1 30064771115 31850496 101 1
copy 1112 1 30064771115 31850496 102 1
copy 1113 1 30064771116 31850496 101 1
copy 1114 1 30064771116 31850496 102 1
copy 1115 1 30064771117 31850496 101 1
copy 1116 1 30064771117 31850496 102 1
copy 1117 1 30064771118 31850496 101 1
copy 1118 1 30064771118 31850496 102 1
copy 1119 1 30064771119 31850496 101 1
copy 1120 1 30064771119 31850496 102 1
copy 1121 1 30064771120 31850496 101 1
copy 1122 1 30064771120 31850496 102 1
copy 1123 1 30064771121 31850496 101 1
copy 1124 1 30064771121 31850496 102 1
copy 1125 1 30064771122 31850496 101 1
copy 1126 1 30064771122 31850496 102 1
copy 1127 1 30064771123 31850496 101 1
copy 1128 1 30064771123 31850496 102 1
copy 1129 1 30064771124 31850496 101 1
copy 1130 1 30064771124 31850496 102 1
copy 1131 1 30064771125 31850496 101 1
copy 1132 1 30064771125 31850496 102 1
copy 1133 1 30064771126 31850496 101 1
copy 1134 1 30064771126 31850496 102 1
copy 1135 1 30064771127 31850496 101 1
copy 1136 1 30064771127 31850496 102 1
copy 1137 1 30064771128 31850496 101 1
copy 1138 1 30064771128 31850496 102 1
copy 1139 1 30064771129 31850496 101 1
copy 1140 1 30064771129 31850496 102 1
copy 1141 1 30064771130 31850496 101 1
copy 1142 1 30064771130 31850496 102 1
copy 1143 1 30064771131 31850496 101 1
copy 1144 1 30064771131 31850496 102 1
copy 1145 1 30064771132 31850496 101 1
copy 1146 1 30064771132 31850496 102 1
copy 1147 1 30064771133 31850496 101 1
copy 1148 1 30064771133 31850496 102 1
copy 1149 1 30064771134 31850496 101 1
copy 1150 1 30064771134 31850496 102 1
copy 1151 1 30064771135 31850496 101 1
copy 1152 1 30064771135 31850496 102 1
copy 1153 1 30064771136 31850496 101 1
copy 1154 1 30064771136 31850496 102 1
copy 1155 1 30064771137 31850496 101 1
copy 1156 1 30064771137 31850496 102 1
copy 1157 1 30064771138 31850496 101 1
copy 1158 1 30064771138 31850496 102 1
copy 1159 1 30064771139 31850496 101 1
copy 1160 1 30064771139 31850496 102 1
copy 1161 1 30064771140 31850496 101 1
copy 1162 1 30064771140 31850496 102 1
copy 1163 1 30064771141 31850496 101 1
copy 1164 1 30064771141 31850496 102 1
copy 1165 1 30064771142 31850496 101 1
copy 1166 1 30064771142 31850496 102 1
copy 1167 1 30064771143 31850496 101 1
copy 1168 1 30064771143 31850496 102 1
copy 1169 1 30064771144 31850496 101 1
copy 1170 1 30064771144 31850496 102 1
copy 1171 1 30064771145 31850496 101 1
copy 1172 1 30064771145 31850496 102 1
copy 1173 1 30064771146 31850496 101 1
copy 1174 1 30064771146 31850496 102 1
copy 1175 1 30064771147 31850496 101 1
copy 1176 1 30064771147 31850496 102 1
copy 1177 1 30064771148 31850496 101 1
copy 1178 1 30064771148 31850496 102 1
copy 1179 1 30064771149 31850496 101 1
copy 1180 1 30064771149 31850496 102 1
copy 1181 1 30064771150 31850496 101 1
copy 1182 1 30064771150 31850496 102 1
copy 1183 1 30064771151 31850496 101 1
copy 1184 1 30064771151 31850496 102 1
copy 1185 1 30064771152 31850496 101 1
copy 1186 1 30064771152 31850496 102 1
copy 1187 1 30064771153 31850496 101 1
copy 1188 1 30064771153 31850496 102 1
copy 1189 1 30064771154 31850496 101 1
copy 1190 1 30064771154 31850496 102 1
copy 1191 1 30064771155 31850496 101 1
copy 1192 1 30064771155 31850496 102 1
copy 1193 1 30064771156 31850496 101 1
copy 1194 1 30064771156 31850496 102 1
copy 1195 1 30064771157 31850496 101 1
copy 1196 1 30064771157 31850496 102 1
copy 1197 1 30064771158 31850496 101 1
copy 1198 1 30064771158 31850496 102 1
copy 1199 1 30064771159 31850496 101 1
copy 1200 1 30064771159 31850496 102 1
copy 1201 1 30064771160 31850496 101 1
copy 1202 1 30064771160 31850496 102 1
copy 1203 1 30064771161 31850496 101 1
copy 1204 1 30064771161 31850496 102 1
copy 1205 1 30064771162 31850496 101 1
copy 1206 1 30064771162 31850496 102 1
copy 1207 1 30064771163 31850496 101 1
copy 1208 1 30064771163 31850496 102 1
copy 1209 1 30064771164 31850496 101 1
copy 1210 1 30064771164 31850496 102 1
copy 1211 1 30064771165 31850496 101 1
copy 1212 1 30064771165 31850496 102 1
copy 1213 1 30064771166 31850496 101 1
copy 1214 1 30064771166 31850496 102 1
copy 1215 1 30064771167 31850496 101 1
copy 1216 1 30064771167 31850496 102 1
copy 1217 1 30064771168 31850496 101 1
copy 1218 1 30064771168 31850496 102 1
copy 1219 1 30064771169 31850496 101 1
copy 1220 1 30064771169 31850496 102 1
copy 1221 1 30064771170 31850496 101 1
copy 1222 1 30064771170 31850496 102 1
copy 1223 1 30064771171 31850496 101 1
copy 1224 1 30064771171 31850496 102 1
copy 1225 1 30064771172 31850496 101 1
copy 1226 1 30064771172 31850496 102 1
copy 1227 1 30064771173 31850496 101 1
copy 1228 1 30064771173 31850496 102 1
copy 1229 1 30064771174 31850496 101 1
copy 1230 1 30064771174 31850496 102 1
copy 1231 1 30064771175 31850496 101 1
copy 1232 1 30064771175 31850496 102 1
copy 1233 1 30064771176 31850496 101 1
copy 1234 1 30064771176 31850496 102 1
copy 1235 1 30064771177 31850496 101 1
copy 1236 1 30064771177 31850496 102 1
copy 1237 1 30064771178 31850496 101 1
copy 1238 1 30064771178 31850496 102 1
copy 1239 1 30064771179 31850496 101 1
copy 1240 1 30064771179 31850496 102 1
copy 1241 1 30064771180 31850496 101 1
copy 1242 1 30064771180 31850496 102 1
copy 1243 1 30064771181 31850496 101 1
copy 1244 1 30064771181 31850496 102 1
copy 1245 1 30064771182 31850496 101 1
copy 1246 1 30064771182 31850496 102 1
copy 1247 1 30064771183 31850496 101 1
copy 1248 1 30064771183 31850496 102 1
copy 1249 1 30064771184 31850496 101 1
copy 1250 1 30064771184 31850496 102 1
copy 1251 1 30064771185 31850496 101 1
copy 1252 1 30064771185 31850496 102 1
copy 1253 1 30064771186 31850496 101 1
copy 1254 1 30064771186 31850496 102 1
copy 1255 1 30064771187 31850496 101 1
copy 1256 1 30064771187 31850496 102 1
copy 1257 1 30064771188 31850496 101 1
copy 1258 1 30064771188 31850496 102 1
copy 1259 1 30064771189 31850496 101 1
copy 1260 1 30064771189 31850496 102 1
copy 1261 1 30064771190 31850496 101 1
copy 1262 1 30064771190 31850496 102 1
copy 1263 1 30064771191 31850496 101 1
copy 1264 1 30064771191 31850496 102 1
copy 1265 1 30064771192 31850496 101 1
copy 1266 1 30064771192 31850496 102 1
copy 1267 1 30064771193 31850496 101 1
copy 1268 1 30064771193 31850496 102 1
copy 1269 1 30064771194 31850496 101 1
copy 1270 1 30064771194 31850496 102 1
copy 1271 1 30064771195 31850496 101 1
copy 1272 1 30064771195 31850496 102 1
copy 1273 1 30064771196 31850496 101 1
copy 1274 1 30064771196 31850496 102 1
copy 1275 1 30064771197 31850496 101 1
copy 1276 1 30064771197 31850496 102 1
copy 1277 1 30064771198 31850496 101 1
copy 1278 1 30064771198 31850496 102 1
copy 1279 1 30064771199 31850496 101 1
copy 1280 1 30064771199 31850496 102 1
copy 1281 1 34359738368 31850496 101 1
copy 1282 1 34359738368 31850496 102 1
copy 1283 1 34359738369 31850496 101 1
copy 1284 1 34359738369 31850496 102 1
copy 1285 1 34359738370 31850496 101 1
copy 1286 1 34359738370 31850496 102 1
copy 1287 1 34359738371 31850496 101 1
copy 1288 1 34359738371 31850496 102 1
copy 1289 1 34359738372 31850496 101 1
copy 1290 1 34359738372 31850496 102 1
copy 1291 1 34359738373 31850496 101 1
copy 1292 1 34359738373 31850496 102 1
copy 1293 1 34359738374 31850496 101 1
copy 1294 1 34359738374 31850496 102 1
copy 1295 1 34359738375 31850496 101 1
copy 1296 1 34359738375 31850496 102 1
copy 1297 1 34359738376 31850496 101 1
copy 1298 1 34359738376 31850496 102 1
copy 1299 1 34359738377 31850496 101 1
copy 1300 1 34359738377 31850496 102 1
copy 1301 1 34359738378 31850496 101 1
copy 1302 1 34359738378 31850496 102 1
copy 1303 1 34359738379 31850496 101 1
copy 1304 1 34359738379 31850496 102 1
copy 1305 1 34359738380 31850496 101 1
copy 1306 1 34359738380 31850496 102 1
copy 1307 1 34359738381 31850496 101 1
copy 1308 1 34359738381 31850496 102 1
copy 1309 1 34359738382 31850496 101 1
copy 1310 1 34359738382 31850496 102 1
copy 1311 1 34359738383 31850496 101 1
copy 1312 1 34359738383 31850496 102 1
copy 1313 1 34359738384 31850496 101 1
copy 1314 1 34359738384 31850496 102 1
copy 1315 1 34359738385 31850496 101 1
copy 1316 1 34359738385 31850496 102 1
copy 1317 1 34359738386 31850496 101 1
copy 1318 1 34359738386 31850496 102 1
copy 1319 1 34359738387 31850496 101 1
copy 1320 1 34359738387 31850496 102 1
copy 1321 1 34359738388 31850496 101 1
copy 1322 1 34359738388 31850496 102 1
copy 1323 1 34359738389 31850496 101 1
copy 1324 1 34359738389 31850496 102 1
copy 1325 1 34359738390 31850496 101 1
copy 1326 1 34359738390 31850496 102 1
copy 1327 1 34359738391 31850496 101 1
copy 1328 1 34359738391 31850496 102 1
copy 1329 1 34359738392 31850496 101 1
copy 1330 1 34359738392 31850496 102 1
copy 1331 1 34359738393 31850496 101 1
copy 1332 1 34359738393 31850496 102 1
copy 1333 1 34359738394 31850496 101 1
copy 1334 1 34359738394 31850496 102 1
copy 1335 1 34359738395 31850496 101 1
copy 1336 1 34359738395 31850496 102 1
copy 1337 1 34359738396 31850496 101 1
copy 1338 1 34359738396 31850496 102 1
copy 1339 1 34359738397 31850496 101 1
copy 1340 1 34359738397 31850496 102 1
copy 1341 1 34359738398 31850496 101 1
copy 1342 1 34359738398 31850496 102 1
copy 1343 1 34359738399 31850496 101 1
copy 1344 1 34359738399 31850496 102 1
copy 1345 1 34359738400 31850496 101 1
copy 1346 1 34359738400 31850496 102 1
copy 1347 1 34359738401 31850496 101 1
copy 1348 1 34359738401 31850496 102 1
copy 1349 1 34359738402 31850496 101 1
copy 1350 1 34359738402 31850496 102 1
copy 1351 1 34359738403 31850496 101 1
copy 1352 1 34359738403 31850496 102 1
copy 1353 1 34359738404 31850496 101 1
copy 1354 1 34359738404 31850496 102 1
copy 1355 1 34359738405 31850496 101 1
copy 1356 1 34359738405 31850496 102 1
copy 1357 1 34359738406 31850496 101 1
copy 1358 1 34359738406 31850496 102 1
copy 1359 1 34359738407 31850496 101 1
copy 1360 1 34359738407 31850496 102 1
copy 1361 1 34359738408 31850496 101 1
copy 1362 1 34359738408 31850496 102 1
copy 1363 1 34359738409 31850496 101 1
copy 1364 1 34359738409 31850496 102 1
copy 1365 1 34359738410 31850496 101 1
copy 1366 1 34359738410 31850496 102 1
copy 1367 1 34359738411 31850496 101 1
copy 1368 1 34359738411 31850496 102 1
copy 1369 1 34359738412 31850496 101 1
copy 1370 1 34359738412 31850496 102 1
copy 1371 1 34359738413 31850496 101 1
copy 1372 1 34359738413 31850496 102 1
copy 1373 1 34359738414 31850496 101 1
copy 1374 1 34359738414 31850496 102 1
copy 1375 1 34359738415 31850496 101 1
copy 1376 1 34359738415 31850496 102 1
copy 1377 1 34359738416 31850496 101 1
copy 1378 1 34359738416 31850496 102 1
copy 1379 1 34359738417 31850496 101 1
copy 1380 1 34359738417 31850496 102 1
copy 1381 1 34359738418 31850496 101 1
copy 1382 1 34359738418 31850496 102 1
copy 1383 1 34359738419 31850496 101 1
copy 1384 1 34359738419 31850496 102 1
copy 1385 1 34359738420 31850496 101 1
copy 1386 1 34359738420 31850496 102 1
copy 1387 1 34359738421 31850496 101 1
copy 1388 1 34359738421 31850496 102 1
copy 1389 1 34359738422 31850496 101 1
copy 1390 1 34359738422 31850496 102 1
copy 1391 1 34359738423 31850496 101 1
copy 1392 1 34359738423 31850496 102 1
copy 1393 1 34359738424 31850496 101 1
copy 1394 1 34359738424 31850496 102 1
copy 1395 1 34359738425 31850496 101 1
copy 1396 1 34359738425 31850496 102 1
copy 1397 1 34359738426 31850496 101 1
copy 1398 1 34359738426 31850496 102 1
copy 1399 1 34359738427 31850496 101 1
copy 1400 1 34359738427 31850496 102 1
copy 1401 1 34359738428 31850496 101 1
copy 1402 1 34359738428 31850496 102 1
copy 1403 1 34359738429 31850496 101 1
copy 1404 1 34359738429 31850496 102 1
copy 1405 1 34359738430 31850496 101 1
copy 1406 1 34359738430 31850496 102 1
copy 1407 1 34359738431 31850496 101 1
copy 1408 1 34359738431 31850496 102 1
copy 1409 1 34359738432 31850496 101 1
copy 1410 1 34359738432 31850496 102 1
copy 1411 1 34359738433 31850496 101 1
copy 1412 1 34359738433 31850496 102 1
copy 1413 1 34359738434 31850496 101 1
copy 1414 1 34359738434 31850496 102 1
copy 1415 1 34359738435 31850496 101 1
copy 1416 1 34359738435 31850496 102 1
copy 1417 1 34359738436 31850496 101 1
copy 1418 1 34359738436 31850496 102 1
copy 1419 1 34359738437 31850496 101 1
copy 1420 1 34359738437 31850496 102 1
copy 1421 1 34359738438 31850496 101 1
copy 1422 1 34359738438 31850496 102 1
copy 1423 1 34359738439 31850496 101 1
copy 1424 1 34359738439 31850496 102 1
copy 1425 1 34359738440 31850496 101 1
copy 1426 1 34359738440 31850496 102 1
copy 1427 1 34359738441 31850496 101 1
copy 1428 1 34359738441 31850496 102 1
copy 1429 1 34359738442 31850496 101 1
copy 1430 1 34359738442 31850496 102 1
copy 1431 1 34359738443 31850496 101 1
copy 1432 1 34359738443 31850496 102 1
copy 1433 1 34359738444 31850496 101 1
copy 1434 1 34359738444 31850496 102 1
copy 1435 1 34359738445 31850496 101 1
copy 1436 1 34359738445 31850496 102 1
copy 1437 1 34359738446 31850496 101 1
copy 1438 1 34359738446 31850496 102 1
copy 1439 1 34359738447 31850496 101 1
copy 1440 1 34359738447 31850496 102 1
copy 1441 1 34359738448 31850496 101 1
copy 1442 1 34359738448 31850496 102 1
copy 1443 1 34359738449 31850496 101 1
copy 1444 1 34359738449 31850496 102 1
copy 1445 1 34359738450 31850496 101 1
copy 1446 1 34359738450 31850496 102 1
copy 1447 1 34359738451 31850496 101 1
copy 1448 1 34359738451 31850496 102 1
copy 1449 1 34359738452 31850496 101 1
copy 1450 1 34359738452 31850496 102 1
copy 1451 1 34359738453 31850496 101 1
copy 1452 1 34359738453 31850496 102 1
copy 1453 1 34359738454 31850496 101 1
copy 1454 1 34359738454 31850496 102 1
copy 1455 1 34359738455 31850496 101 1
copy 1456 1 34359738455 31850496 102 1
copy 1457 1 34359738456 31850496 101 1
copy 1458 1 34359738456 31850496 102 1
copy 1459 1 34359738457 31850496 101 1
copy 1460 1 34359738457 31850496 102 1
copy 1461 1 34359738458 31850496 101 1
copy 1462 1 34359738458 31850496 102 1
copy 1463 1 34359738459 31850496 101 1
copy 1464 1 34359738459 31850496 102 1
copy 1465 1 34359738460 31850496 101 1
copy 1466 1 34359738460 31850496 102 1
copy 1467 1 34359738461 31850496 101 1
copy 1468 1 34359738461 31850496 102 1
copy 1469 1 34359738462 31850496 101 1
copy 1470 1 34359738462 31850496 102 1
copy 1471 1 34359738463 31850496 101 1
copy 1472 1 34359738463 31850496 102 1
copy 1473 1 34359738464 31850496 101 1
copy 1474 1 34359738464 31850496 102 1
copy 1475 1 34359738465 31850496 101 1
copy 1476 1 34359738465 31850496 102 1
copy 1477 1 34359738466 31850496 101 1
copy 1478 1 34359738466 31850496 102 1
copy 1479 1 34359738467 31850496 101 1
copy 1480 1 34359738467 31850496 102 1
copy 1481 1 34359738468 31850496 101 1
copy 1482 1 34359738468 31850496 102 1
copy 1483 1 34359738469 31850496 101 1
copy 1484 1 34359738469 31850496 102 1
copy 1485 1 34359738470 31850496 101 1
copy 1486 1 34359738470 31850496 102 1
copy 1487 1 34359738471 31850496 101 1
copy 1488 1 34359738471 31850496 102 1
copy 1489 1 34359738472 31850496 101 1
copy 1490 1 34359738472 31850496 102 1
copy 1491 1 34359738473 31850496 101 1
copy 1492 1 34359738473 31850496 102 1
copy 1493 1 34359738474 31850496 101 1
copy 1494 1 34359738474 31850496 102 1
copy 1495 1 34359738475 31850496 101 1
copy 1496 1 34359738475 31850496 102 1
copy 1497 1 34359738476 31850496 101 1
copy 1498 1 34359738476 31850496 102 1
copy 1499 1 34359738477 31850496 101 1
copy 1500 1 34359738477 31850496 102 1
copy 1501 1 34359738478 31850496 101 1
copy 1502 1 34359738478 31850496 102 1
copy 1503 1 34359738479 31850496 101 1
copy 1504 1 34359738479 31850496 102 1
copy 1505 1 34359738480 31850496 101 1
copy 1506 1 34359738480 31850496 102 1
copy 1507 1 34359738481 31850496 101 1
copy 1508 1 34359738481 31850496 102 1
copy 1509 1 34359738482 31850496 101 1
copy 1510 1 34359738482 31850496 102 1
copy 1511 1 34359738483 31850496 101 1
copy 1512 1 34359738483 31850496 102 1
copy 1513 1 34359738484 31850496 101 1
copy 1514 1 34359738484 31850496 102 1
copy 1515 1 34359738485 31850496 101 1
copy 1516 1 34359738485 31850496 102 1
copy 1517 1 34359738486 31850496 101 1
copy 1518 1 34359738486 31850496 102 1
copy 1519 1 34359738487 31850496 101 1
copy 1520 1 34359738487 31850496 102 1
copy 1521 1 34359738488 31850496 101 1
copy 1522 1 34359738488 31850496 102 1
copy 1523 1 34359738489 31850496 101 1
copy 1524 1 34359738489 31850496 102 1
copy 1525 1 34359738490 31850496 101 1
copy 1526 1 34359738490 31850496 102 1
copy 1527 1 34359738491 31850496 101 1
copy 1528 1 34359738491 31850496 102 1
copy 1529 1 34359738492 31850496 101 1
copy 1530 1 34359738492 31850496 102 1
copy 1531 1 34359738493 31850496 101 1
copy 1532 1 34359738493 31850496 102 1
copy 1533 1 34359738494 31850496 101 1
copy 1534 1 34359738494 31850496 102 1
copy 1535 1 34359738495 31850496 101 1
copy 1536 1 34359738495 31850496 102 1
copy 1537 1 38654705664 31850496 101 1
copy 1538 1 38654705664 31850496 102 1
copy 1539 1 38654705665 31850496 101 1
copy 1540 1 38654705665 31850496 102 1
copy 1541 1 38654705666 31850496 101 1
copy 1542 1 38654705666 31850496 102 1
copy 1543 1 38654705667 31850496 101 1
copy 1544 1 38654705667 31850496 102 1
copy 1545 1 38654705668 31850496 101 1
copy 1546 1 38654705668 31850496 102 1
copy 1547 1 38654705669 31850496 101 1
copy 1548 1 38654705669 31850496 102 1
copy 1549 1 38654705670 31850496 101 1
copy 1550 1 38654705670 31850496 102 1
copy 1551 1 38654705671 31850496 101 1
copy 1552 1 38654705671 31850496 102 1
copy 1553 1 38654705672 31850496 101 1
copy 1554 1 38654705672 31850496 102 1
copy 1555 1 38654705673 31850496 101 1
copy 1556 1 38654705673 31850496 102 1
copy 1557 1 38654705674 31850496 101 1
copy 1558 1 38654705674 31850496 102 1
copy 1559 1 38654705675 31850496 101 1
copy 1560 1 38654705675 31850496 102 1
copy 1561 1 38654705676 31850496 101 1
copy 1562 1 38654705676 31850496 102 1
copy 1563 1 38654705677 31850496 101 1
copy 1564 1 38654705677 31850496 102 1
copy 1565 1 38654705678 31850496 101 1
copy 1566 1 38654705678 31850496 102 1
copy 1567 1 38654705679 31850496 101 1
copy 1568 1 38654705679 31850496 102 1
copy 1569 1 38654705680 31850496 101 1
copy 1570 1 38654705680 31850496 102 1
copy 1571 1 38654705681 31850496 101 1
copy 1572 1 38654705681 31850496 102 1
copy 1573 1 38654705682 31850496 101 1
copy 1574 1 38654705682 31850496 102 1
copy 1575 1 38654705683 31850496 101 1
copy 1576 1 38654705683 31850496 102 1
copy 1577 1 38654705684 31850496 101 1
copy 1578 1 38654705684 31850496 102 1
copy 1579 1 38654705685 31850496 101 1
copy 1580 1 38654705685 31850496 102 1
copy 1581 1 38654705686 31850496 101 1
copy 1582 1 38654705686 31850496 102 1
copy 1583 1 38654705687 31850496 101 1
copy 1584 1 38654705687 31850496 102 1
copy 1585 1 38654705688 31850496 101 1
copy 1586 1 38654705688 31850496 102 1
copy 1587 1 38654705689 31850496 101 1
copy 1588 1 38654705689 31850496 102 1
copy 1589 1 38654705690 31850496 101 1
copy 1590 1 38654705690 31850496 102 1
copy 1591 1 38654705691 31850496 101 1
copy 1592 1 38654705691 31850496 102 1
copy 1593 1 38654705692 31850496 101 1
copy 1594 1 38654705692 31850496 102 1
copy 1595 1 38654705693 31850496 101 1
copy 1596 1 38654705693 31850496 102 1
copy 1597 1 38654705694 31850496 101 1
copy 1598 1 38654705694 31850496 102 1
copy 1599 1 38654705695 31850496 101 1
copy 1600 1 38654705695 31850496 102 1
copy 1601 1 38654705696 31850496 101 1
copy 1602 1 38654705696 31850496 102 1
copy 1603 1 38654705697 31850496 101 1
copy 1604 1 38654705697 31850496 102 1
copy 1605 1 38654705698 31850496 101 1
copy 1606 1 38654705698 31850496 102 1
copy 1607 1 38654705699 31850496 101 1
copy 1608 1 38654705699 31850496 102 1
copy 1609 1 38654705700 31850496 101 1
copy 1610 1 38654705700 31850496 102 1
copy 1611 1 38654705701 31850496 101 1
copy 1612 1 38654705701 31850496 102 1
copy 1613 1 38654705702 31850496 101 1
copy 1614 1 38654705702 31850496 102 1
copy 1615 1 38654705703 31850496 101 1
copy 1616 1 38654705703 31850496 102 1
copy 1617 1 38654705704 31850496 101 1
copy 1618 1 38654705704 31850496 102 1
copy 1619 1 38654705705 31850496 101 1
copy 1620 1 38654705705 31850496 102 1
copy 1621 1 38654705706 31850496 101 1
copy 1622 1 38654705706 31850496 102 1
copy 1623 1 38654705707 31850496 101 1
copy 1624 1 38654705707 31850496 102 1
copy 1625 1 38654705708 31850496 101 1
copy 1626 1 38654705708 31850496 102 1
copy 1627 1 38654705709 31850496 101 1
copy 1628 1 38654705709 31850496 102 1
copy 1629 1 38654705710 31850496 101 1
copy 1630 1 38654705710 31850496 102 1
copy 1631 1 38654705711 31850496 101 1
copy 1632 1 38654705711 31850496 102 1
copy 1633 1 38654705712 31850496 101 1
copy 1634 1 38654705712 31850496 102 1
copy 1635 1 38654705713 31850496 101 1
copy 1636 1 38654705713 31850496 102 1
copy 1637 1 38654705714 31850496 101 1
copy 1638 1 38654705714 31850496 102 1
copy 1639 1 38654705715 31850496 101 1
copy 1640 1 38654705715 31850496 102 1
copy 1641 1 38654705716 31850496 101 1
copy 1642 1 38654705716 31850496 102 1
copy 1643 1 38654705717 31850496 101 1
copy 1644 1 38654705717 31850496 102 1
copy 1645 1 38654705718 31850496 101 1
copy 1646 1 38654705718 31850496 102 1
copy 1647 1 38654705719 31850496 101 1
copy 1648 1 38654705719 31850496 102 1
copy 1649 1 38654705720 31850496 101 1
copy 1650 1 38654705720 31850496 102 1
copy 1651 1 38654705721 31850496 101 1
copy 1652 1 38654705721 31850496 102 1
copy 1653 1 38654705722 31850496 101 1
copy 1654 1 38654705722 31850496 102 1
copy 1655 1 38654705723 31850496 101 1
copy 1656 1 38654705723 31850496 102 1
copy 1657 1 38654705724 31850496 101 1
copy 1658 1 38654705724 31850496 102 1
copy 1659 1 38654705725 31850496 101 1
copy 1660 1 38654705725 31850496 102 1
copy 1661 1 38654705726 31850496 101 1
copy 1662 1 38654705726 31850496 102 1
copy 1663 1 38654705727 31850496 101 1
copy 1664 1 38654705727 31850496 102 1
copy 1665 1 38654705728 31850496 101 1
copy 1666 1 38654705728 31850496 102 1
copy 1667 1 38654705729 31850496 101 1
copy 1668 1 38654705729 31850496 102 1
copy 1669 1 38654705730 31850496 101 1
copy 1670 1 38654705730 31850496 102 1
copy 1671 1 38654705731 31850496 101 1
copy 1672 1 38654705731 31850496 102 1
copy 1673 1 38654705732 31850496 101 1
copy 1674 1 38654705732 31850496 102 1
copy 1675 1 38654705733 31850496 101 1
copy 1676 1 38654705733 31850496 102 1
copy 1677 1 38654705734 31850496 101 1
copy 1678 1 38654705734 31850496 102 1
copy 1679 1 38654705735 31850496 101 1
copy 1680 1 38654705735 31850496 102 1
copy 1681 1 38654705736 31850496 101 1
copy 1682 1 38654705736 31850496 102 1
copy 1683 1 38654705737 31850496 101 1
copy 1684 1 38654705737 31850496 102 1
copy 1685 1 38654705738 31850496 101 1
copy 1686 1 38654705738 31850496 102 1
copy 1687 1 38654705739 31850496 101 1
copy 1688 1 38654705739 31850496 102 1
copy 1689 1 38654705740 31850496 101 1
copy 1690 1 38654705740 31850496 102 1
copy 1691 1 38654705741 31850496 101 1
copy 1692 1 38654705741 31850496 102 1
copy 1693 1 38654705742 31850496 101 1
copy 1694 1 38654705742 31850496 102 1
copy 1695 1 38654705743 31850496 101 1
copy 1696 1 38654705743 31850496 102 1
copy 1697 1 38654705744 31850496 101 1
copy 1698 1 38654705744 31850496 102 1
copy 1699 1 38654705745 31850496 101 1
copy 1700 1 38654705745 31850496 102 1
copy 1701 1 38654705746 31850496 101 1
copy 1702 1 38654705746 31850496 102 1
copy 1703 1 38654705747 31850496 101 1
copy 1704 1 38654705747 31850496 102 1
copy 1705 1 38654705748 31850496 101 1
copy 1706 1 38654705748 31850496 102 1
copy 1707 1 38654705749 31850496 101 1
copy 1708 1 38654705749 31850496 102 1
copy 1709 1 38654705750 31850496 101 1
copy 1710 1 38654705750 31850496 102 1
copy 1711 1 38654705751 31850496 101 1
copy 1712 1 38654705751 31850496 102 1
copy 1713 1 38654705752 31850496 101 1
copy 1714 1 38654705752 31850496 102 1
copy 1715 1 38654705753 31850496 101 1
copy 1716 1 38654705753 31850496 102 1
copy 1717 1 38654705754 31850496 101 1
copy 1718 1 38654705754 31850496 102 1
copy 1719 1 38654705755 31850496 101 1
copy 1720 1 38654705755 31850496 102 1
copy 1721 1 38654705756 31850496 101 1
copy 1722 1 38654705756 31850496 102 1
copy 1723 1 38654705757 31850496 101 1
copy 1724 1 38654705757 31850496 102 1
copy 1725 1 38654705758 31850496 101 1
copy 1726 1 38654705758 31850496 102 1
copy 1727 1 38654705759 31850496 101 1
copy 1728 1 38654705759 31850496 102 1
copy 1729 1 38654705760 31850496 101 1
copy 1730 1 38654705760 31850496 102 1
copy 1731 1 38654705761 31850496 101 1
copy 1732 1 38654705761 31850496 102 1
copy 1733 1 38654705762 31850496 101 1
copy 1734 1 38654705762 31850496 102 1
copy 1735 1 38654705763 31850496 101 1
copy 1736 1 38654705763 31850496 102 1
copy 1737 1 38654705764 31850496 101 1
copy 1738 1 38654705764 31850496 102 1
copy 1739 1 38654705765 31850496 101 1
copy 1740 1 38654705765 31850496 102 1
copy 1741 1 38654705766 31850496 101 1
copy 1742 1 38654705766 31850496 102 1
copy 1743 1 38654705767 31850496 101 1
copy 1744 1 38654705767 31850496 102 1
copy 1745 1 38654705768 31850496 101 1
copy 1746 1 38654705768 31850496 102 1
copy 1747 1 38654705769 31850496 101 1
copy 1748 1 38654705769 31850496 102 1
copy 1749 1 38654705770 31850496 101 1
copy 1750 1 38654705770 31850496 102 1
copy 1751 1 38654705771 31850496 101 1
copy 1752 1 38654705771 31850496 102 1
copy 1753 1 38654705772 31850496 101 1
copy 1754 1 38654705772 31850496 102 1
copy 1755 1 38654705773 31850496 101 1
copy 1756 1 38654705773 31850496 102 1
copy 1757 1 38654705774 31850496 101 1
copy 1758 1 38654705774 31850496 102 1
copy 1759 1 38654705775 31850496 101 1
copy 1760 1 38654705775 31850496 102 1
copy 1761 1 38654705776 31850496 101 1
copy 1762 1 38654705776 31850496 102 1
copy 1763 1 38654705777 31850496 101 1
copy 1764 1 38654705777 31850496 102 1
copy 1765 1 38654705778 31850496 101 1
copy 1766 1 38654705778 31850496 102 1
copy 1767 1 38654705779 31850496 101 1
copy 1768 1 38654705779 31850496 102 1
copy 1769 1 38654705780 31850496 101 1
copy 1770 1 38654705780 31850496 102 1
copy 1771 1 38654705781 31850496 101 1
copy 1772 1 38654705781 31850496 102 1
copy 1773 1 38654705782 31850496 101 1
copy 1774 1 38654705782 31850496 102 1
copy 1775 1 38654705783 31850496 101 1
copy 1776 1 38654705783 31850496 102 1
copy 1777 1 38654705784 31850496 101 1
copy 1778 1 38654705784 31850496 102 1
copy 1779 1 38654705785 31850496 101 1
copy 1780 1 38654705785 31850496 102 1
copy 1781 1 38654705786 31850496 101 1
copy 1782 1 38654705786 31850496 102 1
copy 1783 1 38654705787 31850496 101 1
copy 1784 1 38654705787 31850496 102 1
copy 1785 1 38654705788 31850496 101 1
copy 1786 1 38654705788 31850496 102 1
copy 1787 1 38654705789 31850496 101 1
copy 1788 1 38654705789 31850496 102 1
copy 1789 1 38654705790 31850496 101 1
copy 1790 1 38654705790 31850496 102 1
copy 1791 1 38654705791 31850496 101 1
copy 1792 1 38654705791 31850496 102 1
copy 1793 1 42949672960 31850496 101 1
copy 1794 1 42949672960 31850496 102 1
copy 1795 1 42949672961 31850496 101 1
copy 1796 1 42949672961 31850496 102 1
copy 1797 1 42949672962 31850496 101 1
copy 1798 1 42949672962 31850496 102 1
copy 1799 1 42949672963 31850496 101 1
copy 1800 1 42949672963 31850496 102 1
copy 1801 1 42949672964 31850496 101 1
copy 1802 1 42949672964 31850496 102 1
copy 1803 1 42949672965 31850496 101 1
copy 1804 1 42949672965 31850496 102 1
copy 1805 1 42949672966 31850496 101 1
copy 1806 1 42949672966 31850496 102 1
copy 1807 1 42949672967 31850496 101 1
copy 1808 1 42949672967 31850496 102 1
copy 1809 1 42949672968 31850496 101 1
copy 1810 1 42949672968 31850496 102 1
copy 1811 1 42949672969 31850496 101 1
copy 1812 1 42949672969 31850496 102 1
copy 1813 1 42949672970 31850496 101 1
copy 1814 1 42949672970 31850496 102 1
copy 1815 1 42949672971 31850496 101 1
copy 1816 1 42949672971 31850496 102 1
copy 1817 1 42949672972 31850496 101 1
copy 1818 1 42949672972 31850496 102 1
copy 1819 1 42949672973 31850496 101 1
copy 1820 1 42949672973 31850496 102 1
copy 1821 1 42949672974 31850496 101 1
copy 1822 1 42949672974 31850496 102 1
copy 1823 1 42949672975 31850496 101 1
copy 1824 1 42949672975 31850496 102 1
copy 1825 1 42949672976 31850496 101 1
copy 1826 1 42949672976 31850496 102 1
copy 1827 1 42949672977 31850496 101 1
copy 1828 1 42949672977 31850496 102 1
copy 1829 1 42949672978 31850496 101 1
copy 1830 1 42949672978 31850496 102 1
copy 1831 1 42949672979 31850496 101 1
copy 1832 1 42949672979 31850496 102 1
copy 1833 1 42949672980 31850496 101 1
copy 1834 1 42949672980 31850496 102 1
copy 1835 1 42949672981 31850496 101 1
copy 1836 1 42949672981 31850496 102 1
copy 1837 1 42949672982 31850496 101 1
copy 1838 1 42949672982 31850496 102 1
copy 1839 1 42949672983 31850496 101 1
copy 1840 1 42949672983 31850496 102 1
copy 1841 1 42949672984 31850496 101 1
copy 1842 1 42949672984 31850496 102 1
copy 1843 1 42949672985 31850496 101 1
copy 1844 1 42949672985 31850496 102 1
copy 1845 1 42949672986 31850496 101 1
copy 1846 1 42949672986 31850496 102 1
copy 1847 1 42949672987 31850496 101 1
copy 1848 1 42949672987 31850496 102 1
copy 1849 1 42949672988 31850496 101 1
copy 1850 1 42949672988 31850496 102 1
copy 1851 1 42949672989 31850496 101 1
copy 1852 1 42949672989 31850496 102 1
copy 1853 1 42949672990 31850496 101 1
copy 1854 1 42949672990 31850496 102 1
copy 1855 1 42949672991 31850496 101 1
copy 1856 1 42949672991 31850496 102 1
copy 1857 1 42949672992 31850496 101 1
copy 1858 1 42949672992 31850496 102 1
copy 1859 1 42949672993 31850496 101 1
copy 1860 1 42949672993 31850496 102 1
copy 1861 1 42949672994 31850496 101 1
copy 1862 1 42949672994 31850496 102 1
copy 1863 1 42949672995 31850496 101 1
copy 1864 1 42949672995 31850496 102 1
copy 1865 1 42949672996 31850496 101 1
copy 1866 1 42949672996 31850496 102 1
copy 1867 1 42949672997 31850496 101 1
copy 1868 1 42949672997 31850496 102 1
copy 1869 1 42949672998 31850496 101 1
copy 1870 1 42949672998 31850496 102 1
copy 1871 1 42949672999 31850496 101 1
copy 1872 1 42949672999 31850496 102 1
copy 1873 1 42949673000 31850496 101 1
copy 1874 1 42949673000 31850496 102 1
copy 1875 1 42949673001 31850496 101 1
copy 1876 1 42949673001 31850496 102 1
copy 1877 1 42949673002 31850496 101 1
copy 1878 1 42949673002 31850496 102 1
copy 1879 1 42949673003 31850496 101 1
copy 1880 1 42949673003 31850496 102 1
copy 1881 1 42949673004 31850496 101 1
copy 1882 1 42949673004 31850496 102 1
copy 1883 1 42949673005 31850496 101 1
copy 1884 1 42949673005 31850496 102 1
copy 1885 1 42949673006 31850496 101 1
copy 1886 1 42949673006 31850496 102 1
copy 1887 1 42949673007 31850496 101 1
copy 1888 1 42949673007 31850496 102 1
copy 1889 1 42949673008 31850496 101 1
copy 1890 1 42949673008 31850496 102 1
copy 1891 1 42949673009 31850496 101 1
copy 1892 1 42949673009 31850496 102 1
copy 1893 1 42949673010 31850496 101 1
copy 1894 1 42949673010 31850496 102 1
copy 1895 1 42949673011 31850496 101 1
copy 1896 1 42949673011 31850496 102 1
copy 1897 1 42949673012 31850496 101 1
copy 1898 1 42949673012 31850496 102 1
copy 1899 1 42949673013 31850496 101 1
copy 1900 1 42949673013 31850496 102 1
copy 1901 1 42949673014 31850496 101 1
copy 1902 1 42949673014 31850496 102 1
copy 1903 1 42949673015 31850496 101 1
copy 1904 1 42949673015 31850496 102 1
copy 1905 1 42949673016 31850496 101 1
copy 1906 1 42949673016 31850496 102 1
copy 1907 1 42949673017 31850496 101 1
copy 1908 1 42949673017 31850496 102 1
copy 1909 1 42949673018 31850496 101 1
copy 1910 1 42949673018 31850496 102 1
copy 1911 1 42949673019 31850496 101 1
copy 1912 1 42949673019 31850496 102 1
copy 1913 1 42949673020 31850496 101 1
copy 1914 1 42949673020 31850496 102 1
copy 1915 1 42949673021 31850496 101 1
copy 1916 1 42949673021 31850496 102 1
copy 1917 1 42949673022 31850496 101 1
copy 1918 1 42949673022 31850496 102 1
copy 1919 1 42949673023 31850496 101 1
copy 1920 1 42949673023 31850496 102 1
copy 1921 1 42949673024 31850496 101 1
copy 1922 1 42949673024 31850496 102 1
copy 1923 1 42949673025 31850496 101 1
copy 1924 1 42949673025 31850496 102 1
copy 1925 1 42949673026 31850496 101 1
copy 1926 1 42949673026 31850496 102 1
copy 1927 1 42949673027 31850496 101 1
copy 1928 1 42949673027 31850496 102 1
copy 1929 1 42949673028 31850496 101 1
copy 1930 1 42949673028 31850496 102 1
copy 1931 1 42949673029 31850496 101 1
copy 1932 1 42949673029 31850496 102 1
copy 1933 1 42949673030 31850496 101 1
copy 1934 1 42949673030 31850496 102 1
copy 1935 1 42949673031 31850496 101 1
copy 1936 1 42949673031 31850496 102 1
copy 1937 1 42949673032 31850496 101 1
copy 1938 1 42949673032 31850496 102 1
copy 1939 1 42949673033 31850496 101 1
copy 1940 1 42949673033 31850496 102 1
copy 1941 1 42949673034 31850496 101 1
copy 1942 1 42949673034 31850496 102 1
copy 1943 1 42949673035 31850496 101 1
copy 1944 1 42949673035 31850496 102 1
copy 1945 1 42949673036 31850496 101 1
copy 1946 1 42949673036 31850496 102 1
copy 1947 1 42949673037 31850496 101 1
copy 1948 1 42949673037 31850496 102 1
copy 1949 1 42949673038 31850496 101 1
copy 1950 1 42949673038 31850496 102 1
copy 1951 1 42949673039 31850496 101 1
copy 1952 1 42949673039 31850496 102 1
copy 1953 1 42949673040 31850496 101 1
copy 1954 1 42949673040 31850496 102 1
copy 1955 1 42949673041 31850496 101 1
copy 1956 1 42949673041 31850496 102 1
copy 1957 1 42949673042 31850496 101 1
copy 1958 1 42949673042 31850496 102 1
copy 1959 1 42949673043 31850496 101 1
copy 1960 1 42949673043 31850496 102 1
copy 1961 1 42949673044 31850496 101 1
copy 1962 1 42949673044 31850496 102 1
copy 1963 1 42949673045 31850496 101 1
copy 1964 1 42949673045 31850496 102 1
copy 1965 1 42949673046 31850496 101 1
copy 1966 1 42949673046 31850496 102 1
copy 1967 1 42949673047 31850496 101 1
copy 1968 1 42949673047 31850496 102 1
copy 1969 1 42949673048 31850496 101 1
copy 1970 1 42949673048 31850496 102 1
copy 1971 1 42949673049 31850496 101 1
copy 1972 1 42949673049 31850496 102 1
copy 1973 1 42949673050 31850496 101 1
copy 1974 1 42949673050 31850496 102 1
copy 1975 1 42949673051 31850496 101 1
copy 1976 1 42949673051 31850496 102 1
copy 1977 1 42949673052 31850496 101 1
copy 1978 1 42949673052 31850496 102 1
copy 1979 1 42949673053 31850496 101 1
copy 1980 1 42949673053 31850496 102 1
copy 1981 1 42949673054 31850496 101 1
copy 1982 1 42949673054 31850496 102 1
copy 1983 1 42949673055 31850496 101 1
copy 1984 1 42949673055 31850496 102 1
copy 1985 1 42949673056 31850496 101 1
copy 1986 1 42949673056 31850496 102 1
copy 1987 1 42949673057 31850496 101 1
copy 1988 1 42949673057 31850496 102 1
copy 1989 1 42949673058 31850496 101 1
copy 1990 1 42949673058 31850496 102 1
copy 1991 1 42949673059 31850496 101 1
copy 1992 1 42949673059 31850496 102 1
copy 1993 1 42949673060 31850496 101 1
copy 1994 1 42949673060 31850496 102 1
copy 1995 1 42949673061 31850496 101 1
copy 1996 1 42949673061 31850496 102 1
copy 1997 1 42949673062 31850496 101 1
copy 1998 1 42949673062 31850496 102 1
copy 1999 1 42949673063 31850496 101 1
copy 2000 1 42949673063 31850496 102 1
copy 2001 1 42949673064 31850496 101 1
copy 2002 1 42949673064 31850496 102 1
copy 2003 1 42949673065 31850496 101 1
copy 2004 1 42949673065 31850496 102 1
copy 2005 1 42949673066 31850496 101 1
copy 2006 1 42949673066 31850496 102 1
copy 2007 1 42949673067 31850496 101 1
copy 2008 1 42949673067 31850496 102 1
copy 2009 1 42949673068 31850496 101 1
copy 2010 1 42949673068 31850496 102 1
copy 2011 1 42949673069 31850496 101 1
copy 2012 1 42949673069 31850496 102 1
copy 2013 1 42949673070 31850496 101 1
copy 2014 1 42949673070 31850496 102 1
copy 2015 1 42949673071 31850496 101 1
copy 2016 1 42949673071 31850496 102 1
copy 2017 1 42949673072 31850496 101 1
copy 2018 1 42949673072 31850496 102 1
copy 2019 1 42949673073 31850496 101 1
copy 2020 1 42949673073 31850496 102 1
copy 2021 1 42949673074 31850496 101 1
copy 2022 1 42949673074 31850496 102 1
copy 2023 1 42949673075 31850496 101 1
copy 2024 1 42949673075 31850496 102 1
copy 2025 1 42949673076 31850496 101 1
copy 2026 1 42949673076 31850496 102 1
copy 2027 1 42949673077 31850496 101 1
copy 2028 1 42949673077 31850496 102 1
copy 2029 1 42949673078 31850496 101 1
copy 2030 1 42949673078 31850496 102 1
copy 2031 1 42949673079 31850496 101 1
copy 2032 1 42949673079 31850496 102 1
copy 2033 1 42949673080 31850496 101 1
copy 2034 1 42949673080 31850496 102 1
copy 2035 1 42949673081 31850496 101 1
copy 2036 1 42949673081 31850496 102 1
copy 2037 1 42949673082 31850496 101 1
copy 2038 1 42949673082 31850496 102 1
copy 2039 1 42949673083 31850496 101 1
copy 2040 1 42949673083 31850496 102 1
copy 2041 1 42949673084 31850496 101 1
copy 2042 1 42949673084 31850496 102 1
copy 2043 1 42949673085 31850496 101 1
copy 2044 1 42949673085 31850496 102 1
copy 2045 1 42949673086 31850496 101 1
copy 2046 1 42949673086 31850496 102 1
copy 2047 1 42949673087 31850496 101 1
copy 2048 1 42949673087 31850496 102 1
copy 2049 1 47244640256 31850496 101 1
copy 2050 1 47244640256 31850496 102 1
copy 2051 1 47244640257 31850496 101 1
copy 2052 1 47244640257 31850496 102 1
copy 2053 1 47244640258 31850496 101 1
copy 2054 1 47244640258 31850496 102 1
copy 2055 1 47244640259 31850496 101 1
copy 2056 1 47244640259 31850496 102 1
copy 2057 1 47244640260 31850496 101 1
copy 2058 1 47244640260 31850496 102 1
copy 2059 1 47244640261 31850496 101 1
copy 2060 1 47244640261 31850496 102 1
copy 2061 1 47244640262 31850496 101 1
copy 2062 1 47244640262 31850496 102 1
copy 2063 1 47244640263 31850496 101 1
copy 2064 1 47244640263 31850496 102 1
copy 2065 1 47244640264 31850496 101 1
copy 2066 1 47244640264 31850496 102 1
copy 2067 1 47244640265 31850496 101 1
copy 2068 1 47244640265 31850496 102 1
copy 2069 1 47244640266 31850496 101 1
copy 2070 1 47244640266 31850496 102 1
copy 2071 1 47244640267 31850496 101 1
copy 2072 1 47244640267 31850496 102 1
copy 2073 1 47244640268 31850496 101 1
copy 2074 1 47244640268 31850496 102 1
copy 2075 1 47244640269 31850496 101 1
copy 2076 1 47244640269 31850496 102 1
copy 2077 1 47244640270 31850496 101 1
copy 2078 1 47244640270 31850496 102 1
copy 2079 1 47244640271 31850496 101 1
copy 2080 1 47244640271 31850496 102 1
copy 2081 1 47244640272 31850496 101 1
copy 2082 1 47244640272 31850496 102 1
copy 2083 1 47244640273 31850496 101 1
copy 2084 1 47244640273 31850496 102 1
copy 2085 1 47244640274 31850496 101 1
copy 2086 1 47244640274 31850496 102 1
copy 2087 1 47244640275 31850496 101 1
copy 2088 1 47244640275 31850496 102 1
copy 2089 1 47244640276 31850496 101 1
copy 2090 1 47244640276 31850496 102 1
copy 2091 1 47244640277 31850496 101 1
copy 2092 1 47244640277 31850496 102 1
copy 2093 1 47244640278 31850496 101 1
copy 2094 1 47244640278 31850496 102 1
copy 2095 1 47244640279 31850496 101 1
copy 2096 1 47244640279 31850496 102 1
copy 2097 1 47244640280 31850496 101 1
copy 2098 1 47244640280 31850496 102 1
copy 2099 1 47244640281 31850496 101 1
copy 2100 1 47244640281 31850496 102 1
copy 2101 1 47244640282 31850496 101 1
copy 2102 1 47244640282 31850496 102 1
copy 2103 1 47244640283 31850496 101 1
copy 2104 1 47244640283 31850496 102 1
copy 2105 1 47244640284 31850496 101 1
copy 2106 1 47244640284 31850496 102 1
copy 2107 1 47244640285 31850496 101 1
copy 2108 1 47244640285 31850496 102 1
copy 2109 1 47244640286 31850496 101 1
copy 2110 1 47244640286 31850496 102 1
copy 2111 1 47244640287 31850496 101 1
copy 2112 1 47244640287 31850496 102 1
copy 2113 1 47244640288 31850496 101 1
copy 2114 1 47244640288 31850496 102 1
copy 2115 1 47244640289 31850496 101 1
copy 2116 1 47244640289 31850496 102 1
copy 2117 1 47244640290 31850496 101 1
copy 2118 1 47244640290 31850496 102 1
copy 2119 1 47244640291 31850496 101 1
copy 2120 1 47244640291 31850496 102 1
copy 2121 1 47244640292 31850496 101 1
copy 2122 1 47244640292 31850496 102 1
copy 2123 1 47244640293 31850496 101 1
copy 2124 1 47244640293 31850496 102 1
copy 2125 1 47244640294 31850496 101 1
copy 2126 1 47244640294 31850496 102 1
copy 2127 1 47244640295 31850496 101 1
copy 2128 1 47244640295 31850496 102 1
copy 2129 1 47244640296 31850496 101 1
copy 2130 1 47244640296 31850496 102 1
copy 2131 1 47244640297 31850496 101 1
copy 2132 1 47244640297 31850496 102 1
copy 2133 1 47244640298 31850496 101 1
copy 2134 1 47244640298 31850496 102 1
copy 2135 1 47244640299 31850496 101 1
copy 2136 1 47244640299 31850496 102 1
copy 2137 1 47244640300 31850496 101 1
copy 2138 1 47244640300 31850496 102 1
copy 2139 1 47244640301 31850496 101 1
copy 2140 1 47244640301 31850496 102 1
copy 2141 1 47244640302 31850496 101 1
copy 2142 1 47244640302 31850496 102 1
copy 2143 1 47244640303 31850496 101 1
copy 2144 1 47244640303 31850496 102 1
copy 2145 1 47244640304 31850496 101 1
copy 2146 1 47244640304 31850496 102 1
copy 2147 1 47244640305 31850496 101 1
copy 2148 1 47244640305 31850496 102 1
copy 2149 1 47244640306 31850496 101 1
copy 2150 1 47244640306 31850496 102 1
copy 2151 1 47244640307 31850496 101 1
copy 2152 1 47244640307 31850496 102 1
copy 2153 1 47244640308 31850496 101 1
copy 2154 1 47244640308 31850496 102 1
copy 2155 1 47244640309 31850496 101 1
copy 2156 1 47244640309 31850496 102 1
copy 2157 1 47244640310 31850496 101 1
copy 2158 1 47244640310 31850496 102 1
copy 2159 1 47244640311 31850496 101 1
copy 2160 1 47244640311 31850496 102 1
copy 2161 1 47244640312 31850496 101 1
copy 2162 1 47244640312 31850496 102 1
copy 2163 1 47244640313 31850496 101 1
copy 2164 1 47244640313 31850496 102 1
copy 2165 1 47244640314 31850496 101 1
copy 2166 1 47244640314 31850496 102 1
copy 2167 1 47244640315 31850496 101 1
copy 2168 1 47244640315 31850496 102 1
copy 2169 1 47244640316 31850496 101 1
copy 2170 1 47244640316 31850496 102 1
copy 2171 1 47244640317 31850496 101 1
copy 2172 1 47244640317 31850496 102 1
copy 2173 1 47244640318 31850496 101 1
copy 2174 1 47244640318 31850496 102 1
copy 2175 1 47244640319 31850496 101 1
copy 2176 1 47244640319 31850496 102 1
copy 2177 1 47244640320 31850496 101 1
copy 2178 1 47244640320 31850496 102 1
copy 2179 1 47244640321 31850496 101 1
copy 2180 1 47244640321 31850496 102 1
copy 2181 1 47244640322 31850496 101 1
copy 2182 1 47244640322 31850496 102 1
copy 2183 1 47244640323 31850496 101 1
copy 2184 1 47244640323 31850496 102 1
copy 2185 1 47244640324 31850496 101 1
copy 2186 1 47244640324 31850496 102 1
copy 2187 1 47244640325 31850496 101 1
copy 2188 1 47244640325 31850496 102 1
copy 2189 1 47244640326 31850496 101 1
copy 2190 1 47244640326 31850496 102 1
copy 2191 1 47244640327 31850496 101 1
copy 2192 1 47244640327 31850496 102 1
copy 2193 1 47244640328 31850496 101 1
copy 2194 1 47244640328 31850496 102 1
copy 2195 1 47244640329 31850496 101 1
copy 2196 1 47244640329 31850496 102 1
copy 2197 1 47244640330 31850496 101 1
copy 2198 1 47244640330 31850496 102 1
copy 2199 1 47244640331 31850496 101 1
copy 2200 1 47244640331 31850496 102 1
copy 2201 1 47244640332 31850496 101 1
copy 2202 1 47244640332 31850496 102 1
copy 2203 1 47244640333 31850496 101 1
copy 2204 1 47244640333 31850496 102 1
copy 2205 1 47244640334 31850496 101 1
copy 2206 1 47244640334 31850496 102 1
copy 2207 1 47244640335 31850496 101 1
copy 2208 1 47244640335 31850496 102 1
copy 2209 1 47244640336 31850496 101 1
copy 2210 1 47244640336 31850496 102 1
copy 2211 1 47244640337 31850496 101 1
copy 2212 1 47244640337 31850496 102 1
copy 2213 1 47244640338 31850496 101 1
copy 2214 1 47244640338 31850496 102 1
copy 2215 1 47244640339 31850496 101 1
copy 2216 1 47244640339 31850496 102 1
copy 2217 1 47244640340 31850496 101 1
copy 2218 1 47244640340 31850496 102 1
copy 2219 1 47244640341 31850496 101 1
copy 2220 1 47244640341 31850496 102 1
copy 2221 1 47244640342 31850496 101 1
copy 2222 1 47244640342 31850496 102 1
copy 2223 1 47244640343 31850496 101 1
copy 2224 1 47244640343 31850496 102 1
copy 2225 1 47244640344 31850496 101 1
copy 2226 1 47244640344 31850496 102 1
copy 2227 1 47244640345 31850496 101 1
copy 2228 1 47244640345 31850496 102 1
copy 2229 1 47244640346 31850496 101 1
copy 2230 1 47244640346 31850496 102 1
copy 2231 1 47244640347 31850496 101 1
copy 2232 1 47244640347 31850496 102 1
copy 2233 1 47244640348 31850496 101 1
copy 2234 1 47244640348 31850496 102 1
copy 2235 1 47244640349 31850496 101 1
copy 2236 1 47244640349 31850496 102 1
copy 2237 1 47244640350 31850496 101 1
copy 2238 1 47244640350 31850496 102 1
copy 2239 1 47244640351 31850496 101 1
copy 2240 1 47244640351 31850496 102 1
copy 2241 1 47244640352 31850496 101 1
copy 2242 1 47244640352 31850496 102 1
copy 2243 1 47244640353 31850496 101 1
copy 2244 1 47244640353 31850496 102 1
copy 2245 1 47244640354 31850496 101 1
copy 2246 1 47244640354 31850496 102 1
copy 2247 1 47244640355 31850496 101 1
copy 2248 1 47244640355 31850496 102 1
copy 2249 1 47244640356 31850496 101 1
copy 2250 1 47244640356 31850496 102 1
copy 2251 1 47244640357 31850496 101 1
copy 2252 1 47244640357 31850496 102 1
copy 2253 1 47244640358 31850496 101 1
copy 2254 1 47244640358 31850496 102 1
copy 2255 1 47244640359 31850496 101 1
copy 2256 1 47244640359 31850496 102 1
copy 2257 1 47244640360 31850496 101 1
copy 2258 1 47244640360 31850496 102 1
copy 2259 1 47244640361 31850496 101 1
copy 2260 1 47244640361 31850496 102 1
copy 2261 1 47244640362 31850496 101 1
copy 2262 1 47244640362 31850496 102 1
copy 2263 1 47244640363 31850496 101 1
copy 2264 1 47244640363 31850496 102 1
copy 2265 1 47244640364 31850496 101 1
copy 2266 1 47244640364 31850496 102 1
copy 2267 1 47244640365 31850496 101 1
copy 2268 1 47244640365 31850496 102 1
copy 2269 1 47244640366 31850496 101 1
copy 2270 1 47244640366 31850496 102 1
copy 2271 1 47244640367 31850496 101 1
copy 2272 1 47244640367 31850496 102 1
copy 2273 1 47244640368 31850496 101 1
copy 2274 1 47244640368 31850496 102 1
copy 2275 1 47244640369 31850496 101 1
copy 2276 1 47244640369 31850496 102 1
copy 2277 1 47244640370 31850496 101 1
copy 2278 1 47244640370 31850496 102 1
copy 2279 1 47244640371 31850496 101 1
copy 2280 1 47244640371 31850496 102 1
copy 2281 1 47244640372 31850496 101 1
copy 2282 1 47244640372 31850496 102 1
copy 2283 1 47244640373 31850496 101 1
copy 2284 1 47244640373 31850496 102 1
copy 2285 1 47244640374 31850496 101 1
copy 2286 1 47244640374 31850496 102 1
copy 2287 1 47244640375 31850496 101 1
copy 2288 1 47244640375 31850496 102 1
copy 2289 1 47244640376 31850496 101 1
copy 2290 1 47244640376 31850496 102 1
copy 2291 1 47244640377 31850496 101 1
copy 2292 1 47244640377 31850496 102 1
copy 2293 1 47244640378 31850496 101 1
copy 2294 1 47244640378 31850496 102 1
copy 2295 1 47244640379 31850496 101 1
copy 2296 1 47244640379 31850496 102 1
copy 2297 1 47244640380 31850496 101 1
copy 2298 1 47244640380 31850496 102 1
copy 2299 1 47244640381 31850496 101 1
copy 2300 1 47244640381 31850496 102 1
copy 2301 1 47244640382 31850496 101 1
copy 2302 1 47244640382 31850496 102 1
copy 2303 1 47244640383 31850496 101 1
copy 2304 1 47244640383 31850496 102 1
copy 2305 1 51539607552 31850496 101 1
copy 2306 1 51539607552 31850496 102 1
copy 2307 1 51539607553 31850496 101 1
copy 2308 1 51539607553 31850496 102 1
copy 2309 1 51539607554 31850496 101 1
copy 2310 1 51539607554 31850496 102 1
copy 2311 1 51539607555 31850496 101 1
copy 2312 1 51539607555 31850496 102 1
copy 2313 1 51539607556 31850496 101 1
copy 2314 1 51539607556 31850496 102 1
copy 2315 1 51539607557 31850496 101 1
copy 2316 1 51539607557 31850496 102 1
copy 2317 1 51539607558 31850496 101 1
copy 2318 1 51539607558 31850496 102 1
copy 2319 1 51539607559 31850496 101 1
copy 2320 1 51539607559 31850496 102 1
copy 2321 1 51539607560 31850496 101 1
copy 2322 1 51539607560 31850496 102 1
copy 2323 1 51539607561 31850496 101 1
copy 2324 1 51539607561 31850496 102 1
copy 2325 1 51539607562 31850496 101 1
copy 2326 1 51539607562 31850496 102 1
copy 2327 1 51539607563 31850496 101 1
copy 2328 1 51539607563 31850496 102 1
copy 2329 1 51539607564 31850496 101 1
copy 2330 1 51539607564 31850496 102 1
copy 2331 1 51539607565 31850496 101 1
copy 2332 1 51539607565 31850496 102 1
copy 2333 1 51539607566 31850496 101 1
copy 2334 1 51539607566 31850496 102 1
copy 2335 1 51539607567 31850496 101 1
copy 2336 1 51539607567 31850496 102 1
copy 2337 1 51539607568 31850496 101 1
copy 2338 1 51539607568 31850496 102 1
copy 2339 1 51539607569 31850496 101 1
copy 2340 1 51539607569 31850496 102 1
copy 2341 1 51539607570 31850496 101 1
copy 2342 1 51539607570 31850496 102 1
copy 2343 1 51539607571 31850496 101 1
copy 2344 1 51539607571 31850496 102 1
copy 2345 1 51539607572 31850496 101 1
copy 2346 1 51539607572 31850496 102 1
copy 2347 1 51539607573 31850496 101 1
copy 2348 1 51539607573 31850496 102 1
copy 2349 1 51539607574 31850496 101 1
copy 2350 1 51539607574 31850496 102 1
copy 2351 1 51539607575 31850496 101 1
copy 2352 1 51539607575 31850496 102 1
copy 2353 1 51539607576 31850496 101 1
copy 2354 1 51539607576 31850496 102 1
copy 2355 1 51539607577 31850496 101 1
copy 2356 1 51539607577 31850496 102 1
copy 2357 1 51539607578 31850496 101 1
copy 2358 1 51539607578 31850496 102 1
copy 2359 1 51539607579 31850496 101 1
copy 2360 1 51539607579 31850496 102 1
copy 2361 1 51539607580 31850496 101 1
copy 2362 1 51539607580 31850496 102 1
copy 2363 1 51539607581 31850496 101 1
copy 2364 1 51539607581 31850496 102 1
copy 2365 1 51539607582 31850496 101 1
copy 2366 1 51539607582 31850496 102 1
copy 2367 1 51539607583 31850496 101 1
copy 2368 1 51539607583 31850496 102 1
copy 2369 1 51539607584 31850496 101 1
copy 2370 1 51539607584 31850496 102 1
copy 2371 1 51539607585 31850496 101 1
copy 2372 1 51539607585 31850496 102 1
copy 2373 1 51539607586 31850496 101 1
copy 2374 1 51539607586 31850496 102 1
copy 2375 1 51539607587 31850496 101 1
copy 2376 1 51539607587 31850496 102 1
copy 2377 1 51539607588 31850496 101 1
copy 2378 1 51539607588 31850496 102 1
copy 2379 1 51539607589 31850496 101 1
copy 2380 1 51539607589 31850496 102 1
copy 2381 1 51539607590 31850496 101 1
copy 2382 1 51539607590 31850496 102 1
copy 2383 1 51539607591 31850496 101 1
copy 2384 1 51539607591 31850496 102 1
copy 2385 1 51539607592 31850496 101 1
copy 2386 1 51539607592 31850496 102 1
copy 2387 1 51539607593 31850496 101 1
copy 2388 1 51539607593 31850496 102 1
copy 2389 1 51539607594 31850496 101 1
copy 2390 1 51539607594 31850496 102 1
copy 2391 1 51539607595 31850496 101 1
copy 2392 1 51539607595 31850496 102 1
copy 2393 1 51539607596 31850496 101 1
copy 2394 1 51539607596 31850496 102 1
copy 2395 1 51539607597 31850496 101 1
copy 2396 1 51539607597 31850496 102 1
copy 2397 1 51539607598 31850496 101 1
copy 2398 1 51539607598 31850496 102 1
copy 2399 1 51539607599 31850496 101 1
copy 2400 1 51539607599 31850496 102 1
copy 2401 1 51539607600 31850496 101 1
copy 2402 1 51539607600 31850496 102 1
copy 2403 1 51539607601 31850496 101 1
copy 2404 1 51539607601 31850496 102 1
copy 2405 1 51539607602 31850496 101 1
copy 2406 1 51539607602 31850496 102 1
copy 2407 1 51539607603 31850496 101 1
copy 2408 1 51539607603 31850496 102 1
copy 2409 1 51539607604 31850496 101 1
copy 2410 1 51539607604 31850496 102 1
copy 2411 1 51539607605 31850496 101 1
copy 2412 1 51539607605 31850496 102 1
copy 2413 1 51539607606 31850496 101 1
copy 2414 1 51539607606 31850496 102 1
copy 2415 1 51539607607 31850496 101 1
copy 2416 1 51539607607 31850496 102 1
copy 2417 1 51539607608 31850496 101 1
copy 2418 1 51539607608 31850496 102 1
copy 2419 1 51539607609 31850496 101 1
copy 2420 1 51539607609 31850496 102 1
copy 2421 1 51539607610 31850496 101 1
copy 2422 1 51539607610 31850496 102 1
copy 2423 1 51539607611 31850496 101 1
copy 2424 1 51539607611 31850496 102 1
copy 2425 1 51539607612 31850496 101 1
copy 2426 1 51539607612 31850496 102 1
copy 2427 1 51539607613 31850496 101 1
copy 2428 1 51539607613 31850496 102 1
copy 2429 1 51539607614 31850496 101 1
copy 2430 1 51539607614 31850496 102 1
copy 2431 1 51539607615 31850496 101 1
copy 2432 1 51539607615 31850496 102 1
copy 2433 1 51539607616 31850496 101 1
copy 2434 1 51539607616 31850496 102 1
copy 2435 1 51539607617 31850496 101 1
copy 2436 1 51539607617 31850496 102 1
copy 2437 1 51539607618 31850496 101 1
copy 2438 1 51539607618 31850496 102 1
copy 2439 1 51539607619 31850496 101 1
copy 2440 1 51539607619 31850496 102 1
copy 2441 1 51539607620 31850496 101 1
copy 2442 1 51539607620 31850496 102 1
copy 2443 1 51539607621 31850496 101 1
copy 2444 1 51539607621 31850496 102 1
copy 2445 1 51539607622 31850496 101 1
copy 2446 1 51539607622 31850496 102 1
copy 2447 1 51539607623 31850496 101 1
copy 2448 1 51539607623 31850496 102 1
copy 2449 1 51539607624 31850496 101 1
copy 2450 1 51539607624 31850496 102 1
copy 2451 1 51539607625 31850496 101 1
copy 2452 1 51539607625 31850496 102 1
copy 2453 1 51539607626 31850496 101 1
copy 2454 1 51539607626 31850496 102 1
copy 2455 1 51539607627 31850496 101 1
copy 2456 1 51539607627 31850496 102 1
copy 2457 1 51539607628 31850496 101 1
copy 2458 1 51539607628 31850496 102 1
copy 2459 1 51539607629 31850496 101 1
copy 2460 1 51539607629 31850496 102 1
copy 2461 1 51539607630 31850496 101 1
copy 2462 1 51539607630 31850496 102 1
copy 2463 1 51539607631 31850496 101 1
copy 2464 1 51539607631 31850496 102 1
copy 2465 1 51539607632 31850496 101 1
copy 2466 1 51539607632 31850496 102 1
copy 2467 1 51539607633 31850496 101 1
copy 2468 1 51539607633 31850496 102 1
copy 2469 1 51539607634 31850496 101 1
copy 2470 1 51539607634 31850496 102 1
copy 2471 1 51539607635 31850496 101 1
copy 2472 1 51539607635 31850496 102 1
copy 2473 1 51539607636 31850496 101 1
copy 2474 1 51539607636 31850496 102 1
copy 2475 1 51539607637 31850496 101 1
copy 2476 1 51539607637 31850496 102 1
copy 2477 1 51539607638 31850496 101 1
copy 2478 1 51539607638 31850496 102 1
copy 2479 1 51539607639 31850496 101 1
copy 2480 1 51539607639 31850496 102 1
copy 2481 1 51539607640 31850496 101 1
copy 2482 1 51539607640 31850496 102 1
copy 2483 1 51539607641 31850496 101 1
copy 2484 1 51539607641 31850496 102 1
copy 2485 1 51539607642 31850496 101 1
copy 2486 1 51539607642 31850496 102 1
copy 2487 1 51539607643 31850496 101 1
copy 2488 1 51539607643 31850496 102 1
copy 2489 1 51539607644 31850496 101 1
copy 2490 1 51539607644 31850496 102 1
copy 2491 1 51539607645 31850496 101 1
copy 2492 1 51539607645 31850496 102 1
copy 2493 1 51539607646 31850496 101 1
copy 2494 1 51539607646 31850496 102 1
copy 2495 1 51539607647 31850496 101 1
copy 2496 1 51539607647 31850496 102 1
copy 2497 1 51539607648 31850496 101 1
copy 2498 1 51539607648 31850496 102 1
copy 2499 1 51539607649 31850496 101 1
copy 2500 1 51539607649 31850496 102 1
copy 2501 1 51539607650 31850496 101 1
copy 2502 1 51539607650 31850496 102 1
copy 2503 1 51539607651 31850496 101 1
copy 2504 1 51539607651 31850496 102 1
copy 2505 1 51539607652 31850496 101 1
copy 2506 1 51539607652 31850496 102 1
copy 2507 1 51539607653 31850496 101 1
copy 2508 1 51539607653 31850496 102 1
copy 2509 1 51539607654 31850496 101 1
copy 2510 1 51539607654 31850496 102 1
copy 2511 1 51539607655 31850496 101 1
copy 2512 1 51539607655 31850496 102 1
copy 2513 1 51539607656 31850496 101 1
copy 2514 1 51539607656 31850496 102 1
copy 2515 1 51539607657 31850496 101 1
copy 2516 1 51539607657 31850496 102 1
copy 2517 1 51539607658 31850496 101 1
copy 2518 1 51539607658 31850496 102 1
copy 2519 1 51539607659 31850496 101 1
copy 2520 1 51539607659 31850496 102 1
copy 2521 1 51539607660 31850496 101 1
copy 2522 1 51539607660 31850496 102 1
copy 2523 1 51539607661 31850496 101 1
copy 2524 1 51539607661 31850496 102 1
copy 2525 1 51539607662 31850496 101 1
copy 2526 1 51539607662 31850496 102 1
copy 2527 1 51539607663 31850496 101 1
copy 2528 1 51539607663 31850496 102 1
copy 2529 1 51539607664 31850496 101 1
copy 2530 1 51539607664 31850496 102 1
copy 2531 1 51539607665 31850496 101 1
copy 2532 1 51539607665 31850496 102 1
copy 2533 1 51539607666 31850496 101 1
copy 2534 1 51539607666 31850496 102 1
copy 2535 1 51539607667 31850496 101 1
copy 2536 1 51539607667 31850496 102 1
copy 2537 1 51539607668 31850496 101 1
copy 2538 1 51539607668 31850496 102 1
copy 2539 1 51539607669 31850496 101 1
copy 2540 1 51539607669 31850496 102 1
copy 2541 1 51539607670 31850496 101 1
copy 2542 1 51539607670 31850496 102 1
copy 2543 1 51539607671 31850496 101 1
copy 2544 1 51539607671 31850496 102 1
copy 2545 1 51539607672 31850496 101 1
copy 2546 1 51539607672 31850496 102 1
copy 2547 1 51539607673 31850496 101 1
copy 2548 1 51539607673 31850496 102 1
copy 2549 1 51539607674 31850496 101 1
copy 2550 1 51539607674 31850496 102 1
copy 2551 1 51539607675 31850496 101 1
copy 2552 1 51539607675 31850496 102 1
copy 2553 1 51539607676 31850496 101 1
copy 2554 1 51539607676 31850496 102 1
copy 2555 1 51539607677 31850496 101 1
copy 2556 1 51539607677 31850496 102 1
copy 2557 1 51539607678 31850496 101 1
copy 2558 1 51539607678 31850496 102 1
copy 2559 1 51539607679 31850496 101 1
copy 2560 1 51539607679 31850496 102 1
copy 2561 1 55834574848 31850496 101 1
copy 2562 1 55834574848 31850496 102 1
copy 2563 1 55834574849 31850496 101 1
copy 2564 1 55834574849 31850496 102 1
copy 2565 1 55834574850 31850496 101 1
copy 2566 1 55834574850 31850496 102 1
copy 2567 1 55834574851 31850496 101 1
copy 2568 1 55834574851 31850496 102 1
copy 2569 1 55834574852 31850496 101 1
copy 2570 1 55834574852 31850496 102 1
copy 2571 1 55834574853 31850496 101 1
copy 2572 1 55834574853 31850496 102 1
copy 2573 1 55834574854 31850496 101 1
copy 2574 1 55834574854 31850496 102 1
copy 2575 1 55834574855 31850496 101 1
copy 2576 1 55834574855 31850496 102 1
copy 2577 1 55834574856 31850496 101 1
copy 2578 1 55834574856 31850496 102 1
copy 2579 1 55834574857 31850496 101 1
copy 2580 1 55834574857 31850496 102 1
copy 2581 1 55834574858 31850496 101 1
copy 2582 1 55834574858 31850496 102 1
copy 2583 1 55834574859 31850496 101 1
copy 2584 1 55834574859 31850496 102 1
copy 2585 1 55834574860 31850496 101 1
copy 2586 1 55834574860 31850496 102 1
copy 2587 1 55834574861 31850496 101 1
copy 2588 1 55834574861 31850496 102 1
copy 2589 1 55834574862 31850496 101 1
copy 2590 1 55834574862 31850496 102 1
copy 2591 1 55834574863 31850496 101 1
copy 2592 1 55834574863 31850496 102 1
copy 2593 1 55834574864 31850496 101 1
copy 2594 1 55834574864 31850496 102 1
copy 2595 1 55834574865 31850496 101 1
copy 2596 1 55834574865 31850496 102 1
copy 2597 1 55834574866 31850496 101 1
copy 2598 1 55834574866 31850496 102 1
copy 2599 1 55834574867 31850496 101 1
copy 2600 1 55834574867 31850496 102 1
copy 2601 1 55834574868 31850496 101 1
copy 2602 1 55834574868 31850496 102 1
copy 2603 1 55834574869 31850496 101 1
copy 2604 1 55834574869 31850496 102 1
copy 2605 1 55834574870 31850496 101 1
copy 2606 1 55834574870 31850496 102 1
copy 2607 1 55834574871 31850496 101 1
copy 2608 1 55834574871 31850496 102 1
copy 2609 1 55834574872 31850496 101 1
copy 2610 1 55834574872 31850496 102 1
copy 2611 1 55834574873 31850496 101 1
copy 2612 1 55834574873 31850496 102 1
copy 2613 1 55834574874 31850496 101 1
copy 2614 1 55834574874 31850496 102 1
copy 2615 1 55834574875 31850496 101 1
copy 2616 1 55834574875 31850496 102 1
copy 2617 1 55834574876 31850496 101 1
copy 2618 1 55834574876 31850496 102 1
copy 2619 1 55834574877 31850496 101 1
copy 2620 1 55834574877 31850496 102 1
copy 2621 1 55834574878 31850496 101 1
copy 2622 1 55834574878 31850496 102 1
copy 2623 1 55834574879 31850496 101 1
copy 2624 1 55834574879 31850496 102 1
copy 2625 1 55834574880 31850496 101 1
copy 2626 1 55834574880 31850496 102 1
copy 2627 1 55834574881 31850496 101 1
copy 2628 1 55834574881 31850496 102 1
copy 2629 1 55834574882 31850496 101 1
copy 2630 1 55834574882 31850496 102 1
copy 2631 1 55834574883 31850496 101 1
copy 2632 1 55834574883 31850496 102 1
copy 2633 1 55834574884 31850496 101 1
copy 2634 1 55834574884 31850496 102 1
copy 2635 1 55834574885 31850496 101 1
copy 2636 1 55834574885 31850496 102 1
copy 2637 1 55834574886 31850496 101 1
copy 2638 1 55834574886 31850496 102 1
copy 2639 1 55834574887 31850496 101 1
copy 2640 1 55834574887 31850496 102 1
copy 2641 1 55834574888 31850496 101 1
copy 2642 1 55834574888 31850496 102 1
copy 2643 1 55834574889 31850496 101 1
copy 2644 1 55834574889 31850496 102 1
copy 2645 1 55834574890 31850496 101 1
copy 2646 1 55834574890 31850496 102 1
copy 2647 1 55834574891 31850496 101 1
copy 2648 1 55834574891 31850496 102 1
copy 2649 1 55834574892 31850496 101 1
copy 2650 1 55834574892 31850496 102 1
copy 2651 1 55834574893 31850496 101 1
copy 2652 1 55834574893 31850496 102 1
copy 2653 1 55834574894 31850496 101 1
copy 2654 1 55834574894 31850496 102 1
copy 2655 1 55834574895 31850496 101 1
copy 2656 1 55834574895 31850496 102 1
copy 2657 1 55834574896 31850496 101 1
copy 2658 1 55834574896 31850496 102 1
copy 2659 1 55834574897 31850496 101 1
copy 2660 1 55834574897 31850496 102 1
copy 2661 1 55834574898 31850496 101 1
copy 2662 1 55834574898 31850496 102 1
copy 2663 1 55834574899 31850496 101 1
copy 2664 1 55834574899 31850496 102 1
copy 2665 1 55834574900 31850496 101 1
copy 2666 1 55834574900 31850496 102 1
copy 2667 1 55834574901 31850496 101 1
copy 2668 1 55834574901 31850496 102 1
copy 2669 1 55834574902 31850496 101 1
copy 2670 1 55834574902 31850496 102 1
copy 2671 1 55834574903 31850496 101 1
copy 2672 1 55834574903 31850496 102 1
copy 2673 1 55834574904 31850496 101 1
copy 2674 1 55834574904 31850496 102 1
copy 2675 1 55834574905 31850496 101 1
copy 2676 1 55834574905 31850496 102 1
copy 2677 1 55834574906 31850496 101 1
copy 2678 1 55834574906 31850496 102 1
copy 2679 1 55834574907 31850496 101 1
copy 2680 1 55834574907 31850496 102 1
copy 2681 1 55834574908 31850496 101 1
copy 2682 1 55834574908 31850496 102 1
copy 2683 1 55834574909 31850496 101 1
copy 2684 1 55834574909 31850496 102 1
copy 2685 1 55834574910 31850496 101 1
copy 2686 1 55834574910 31850496 102 1
copy 2687 1 55834574911 31850496 101 1
copy 2688 1 55834574911 31850496 102 1
copy 2689 1 55834574912 31850496 101 1
copy 2690 1 55834574912 31850496 102 1
copy 2691 1 55834574913 31850496 101 1
copy 2692 1 55834574913 31850496 102 1
copy 2693 1 55834574914 31850496 101 1
copy 2694 1 55834574914 31850496 102 1
copy 2695 1 55834574915 31850496 101 1
copy 2696 1 55834574915 31850496 102 1
copy 2697 1 55834574916 31850496 101 1
copy 2698 1 55834574916 31850496 102 1
copy 2699 1 55834574917 31850496 101 1
copy 2700 1 55834574917 31850496 102 1
copy 2701 1 55834574918 31850496 101 1
copy 2702 1 55834574918 31850496 102 1
copy 2703 1 55834574919 31850496 101 1
copy 2704 1 55834574919 31850496 102 1
copy 2705 1 55834574920 31850496 101 1
copy 2706 1 55834574920 31850496 102 1
copy 2707 1 55834574921 31850496 101 1
copy 2708 1 55834574921 31850496 102 1
copy 2709 1 55834574922 31850496 101 1
copy 2710 1 55834574922 31850496 102 1
copy 2711 1 55834574923 31850496 101 1
copy 2712 1 55834574923 31850496 102 1
copy 2713 1 55834574924 31850496 101 1
copy 2714 1 55834574924 31850496 102 1
copy 2715 1 55834574925 31850496 101 1
copy 2716 1 55834574925 31850496 102 1
copy 2717 1 55834574926 31850496 101 1
copy 2718 1 55834574926 31850496 102 1
copy 2719 1 55834574927 31850496 101 1
copy 2720 1 55834574927 31850496 102 1
copy 2721 1 55834574928 31850496 101 1
copy 2722 1 55834574928 31850496 102 1
copy 2723 1 55834574929 31850496 101 1
copy 2724 1 55834574929 31850496 102 1
copy 2725 1 55834574930 31850496 101 1
copy 2726 1 55834574930 31850496 102 1
copy 2727 1 55834574931 31850496 101 1
copy 2728 1 55834574931 31850496 102 1
copy 2729 1 55834574932 31850496 101 1
copy 2730 1 55834574932 31850496 102 1
copy 2731 1 55834574933 31850496 101 1
copy 2732 1 55834574933 31850496 102 1
copy 2733 1 55834574934 31850496 101 1
copy 2734 1 55834574934 31850496 102 1
copy 2735 1 55834574935 31850496 101 1
copy 2736 1 55834574935 31850496 102 1
copy 2737 1 55834574936 31850496 101 1
copy 2738 1 55834574936 31850496 102 1
copy 2739 1 55834574937 31850496 101 1
copy 2740 1 55834574937 31850496 102 1
copy 2741 1 55834574938 31850496 101 1
copy 2742 1 55834574938 31850496 102 1
copy 2743 1 55834574939 31850496 101 1
copy 2744 1 55834574939 31850496 102 1
copy 2745 1 55834574940 31850496 101 1
copy 2746 1 55834574940 31850496 102 1
copy 2747 1 55834574941 31850496 101 1
copy 2748 1 55834574941 31850496 102 1
copy 2749 1 55834574942 31850496 101 1
copy 2750 1 55834574942 31850496 102 1
copy 2751 1 55834574943 31850496 101 1
copy 2752 1 55834574943 31850496 102 1
copy 2753 1 55834574944 31850496 101 1
copy 2754 1 55834574944 31850496 102 1
copy 2755 1 55834574945 31850496 101 1
copy 2756 1 55834574945 31850496 102 1
copy 2757 1 55834574946 31850496 101 1
copy 2758 1 55834574946 31850496 102 1
copy 2759 1 55834574947 31850496 101 1
copy 2760 1 55834574947 31850496 102 1
copy 2761 1 55834574948 31850496 101 1
copy 2762 1 55834574948 31850496 102 1
copy 2763 1 55834574949 31850496 101 1
copy 2764 1 55834574949 31850496 102 1
copy 2765 1 55834574950 31850496 101 1
copy 2766 1 55834574950 31850496 102 1
copy 2767 1 55834574951 31850496 101 1
copy 2768 1 55834574951 31850496 102 1
copy 2769 1 55834574952 31850496 101 1
copy 2770 1 55834574952 31850496 102 1
copy 2771 1 55834574953 31850496 101 1
copy 2772 1 55834574953 31850496 102 1
copy 2773 1 55834574954 31850496 101 1
copy 2774 1 55834574954 31850496 102 1
copy 2775 1 55834574955 31850496 101 1
copy 2776 1 55834574955 31850496 102 1
copy 2777 1 55834574956 31850496 101 1
copy 2778 1 55834574956 31850496 102 1
copy 2779 1 55834574957 31850496 101 1
copy 2780 1 55834574957 31850496 102 1
copy 2781 1 55834574958 31850496 101 1
copy 2782 1 55834574958 31850496 102 1
copy 2783 1 55834574959 31850496 101 1
copy 2784 1 55834574959 31850496 102 1
copy 2785 1 55834574960 31850496 101 1
copy 2786 1 55834574960 31850496 102 1
copy 2787 1 55834574961 31850496 101 1
copy 2788 1 55834574961 31850496 102 1
copy 2789 1 55834574962 31850496 101 1
copy 2790 1 55834574962 31850496 102 1
copy 2791 1 55834574963 31850496 101 1
copy 2792 1 55834574963 31850496 102 1
copy 2793 1 55834574964 31850496 101 1
copy 2794 1 55834574964 31850496 102 1
copy 2795 1 55834574965 31850496 101 1
copy 2796 1 55834574965 31850496 102 1
copy 2797 1 55834574966 31850496 101 1
copy 2798 1 55834574966 31850496 102 1
copy 2799 1 55834574967 31850496 101 1
copy 2800 1 55834574967 31850496 102 1
copy 2801 1 55834574968 31850496 101 1
copy 2802 1 55834574968 31850496 102 1
copy 2803 1 55834574969 31850496 101 1
copy 2804 1 55834574969 31850496 102 1
copy 2805 1 55834574970 31850496 101 1
copy 2806 1 55834574970 31850496 102 1
copy 2807 1 55834574971 31850496 101 1
copy 2808 1 55834574971 31850496 102 1
copy 2809 1 55834574972 31850496 101 1
copy 2810 1 55834574972 31850496 102 1
copy 2811 1 55834574973 31850496 101 1
copy 2812 1 55834574973 31850496 102 1
copy 2813 1 55834574974 31850496 101 1
copy 2814 1 55834574974 31850496 102 1
copy 2815 1 55834574975 31850496 101 1
copy 2816 1 55834574975 31850496 102 1
copy 2817 1 60129542144 31850496 101 1
copy 2818 1 60129542144 31850496 102 1
copy 2819 1 60129542145 31850496 101 1
copy 2820 1 60129542145 31850496 102 1
copy 2821 1 60129542146 31850496 101 1
copy 2822 1 60129542146 31850496 102 1
copy 2823 1 60129542147 31850496 101 1
copy 2824 1 60129542147 31850496 102 1
copy 2825 1 60129542148 31850496 101 1
copy 2826 1 60129542148 31850496 102 1
copy 2827 1 60129542149 31850496 101 1
copy 2828 1 60129542149 31850496 102 1
copy 2829 1 60129542150 31850496 101 1
copy 2830 1 60129542150 31850496 102 1
copy 2831 1 60129542151 31850496 101 1
copy 2832 1 60129542151 31850496 102 1
copy 2833 1 60129542152 31850496 101 1
copy 2834 1 60129542152 31850496 102 1
copy 2835 1 60129542153 31850496 101 1
copy 2836 1 60129542153 31850496 102 1
copy 2837 1 60129542154 31850496 101 1
copy 2838 1 60129542154 31850496 102 1
copy 2839 1 60129542155 31850496 101 1
copy 2840 1 60129542155 31850496 102 1
copy 2841 1 60129542156 31850496 101 1
copy 2842 1 60129542156 31850496 102 1
copy 2843 1 60129542157 31850496 101 1
copy 2844 1 60129542157 31850496 102 1
copy 2845 1 60129542158 31850496 101 1
copy 2846 1 60129542158 31850496 102 1
copy 2847 1 60129542159 31850496 101 1
copy 2848 1 60129542159 31850496 102 1
copy 2849 1 60129542160 31850496 101 1
copy 2850 1 60129542160 31850496 102 1
copy 2851 1 60129542161 31850496 101 1
copy 2852 1 60129542161 31850496 102 1
copy 2853 1 60129542162 31850496 101 1
copy 2854 1 60129542162 31850496 102 1
copy 2855 1 60129542163 31850496 101 1
copy 2856 1 60129542163 31850496 102 1
copy 2857 1 60129542164 31850496 101 1
copy 2858 1 60129542164 31850496 102 1
copy 2859 1 60129542165 31850496 101 1
copy 2860 1 60129542165 31850496 102 1
copy 2861 1 60129542166 31850496 101 1
copy 2862 1 60129542166 31850496 102 1
copy 2863 1 60129542167 31850496 101 1
copy 2864 1 60129542167 31850496 102 1
copy 2865 1 60129542168 31850496 101 1
copy 2866 1 60129542168 31850496 102 1
copy 2867 1 60129542169 31850496 101 1
copy 2868 1 60129542169 31850496 102 1
copy 2869 1 60129542170 31850496 101 1
copy 2870 1 60129542170 31850496 102 1
copy 2871 1 60129542171 31850496 101 1
copy 2872 1 60129542171 31850496 102 1
copy 2873 1 60129542172 31850496 101 1
copy 2874 1 60129542172 31850496 102 1
copy 2875 1 60129542173 31850496 101 1
copy 2876 1 60129542173 31850496 102 1
copy 2877 1 60129542174 31850496 101 1
copy 2878 1 60129542174 31850496 102 1
copy 2879 1 60129542175 31850496 101 1
copy 2880 1 60129542175 31850496 102 1
copy 2881 1 60129542176 31850496 101 1
copy 2882 1 60129542176 31850496 102 1
copy 2883 1 60129542177 31850496 101 1
copy 2884 1 60129542177 31850496 102 1
copy 2885 1 60129542178 31850496 101 1
copy 2886 1 60129542178 31850496 102 1
copy 2887 1 60129542179 31850496 101 1
copy 2888 1 60129542179 31850496 102 1
copy 2889 1 60129542180 31850496 101 1
copy 2890 1 60129542180 31850496 102 1
copy 2891 1 60129542181 31850496 101 1
copy 2892 1 60129542181 31850496 102 1
copy 2893 1 60129542182 31850496 101 1
copy 2894 1 60129542182 31850496 102 1
copy 2895 1 60129542183 31850496 101 1
copy 2896 1 60129542183 31850496 102 1
copy 2897 1 60129542184 31850496 101 1
copy 2898 1 60129542184 31850496 102 1
copy 2899 1 60129542185 31850496 101 1
copy 2900 1 60129542185 31850496 102 1
copy 2901 1 60129542186 31850496 101 1
copy 2902 1 60129542186 31850496 102 1
copy 2903 1 60129542187 31850496 101 1
copy 2904 1 60129542187 31850496 102 1
copy 2905 1 60129542188 31850496 101 1
copy 2906 1 60129542188 31850496 102 1
copy 2907 1 60129542189 31850496 101 1
copy 2908 1 60129542189 31850496 102 1
copy 2909 1 60129542190 31850496 101 1
copy 2910 1 60129542190 31850496 102 1
copy 2911 1 60129542191 31850496 101 1
copy 2912 1 60129542191 31850496 102 1
copy 2913 1 60129542192 31850496 101 1
copy 2914 1 60129542192 31850496 102 1
copy 2915 1 60129542193 31850496 101 1
copy 2916 1 60129542193 31850496 102 1
copy 2917 1 60129542194 31850496 101 1
copy 2918 1 60129542194 31850496 102 1
copy 2919 1 60129542195 31850496 101 1
copy 2920 1 60129542195 31850496 102 1
copy 2921 1 60129542196 31850496 101 1
copy 2922 1 60129542196 31850496 102 1
copy 2923 1 60129542197 31850496 101 1
copy 2924 1 60129542197 31850496 102 1
copy 2925 1 60129542198 31850496 101 1
copy 2926 1 60129542198 31850496 102 1
copy 2927 1 60129542199 31850496 101 1
copy 2928 1 60129542199 31850496 102 1
copy 2929 1 60129542200 31850496 101 1
copy 2930 1 60129542200 31850496 102 1
copy 2931 1 60129542201 31850496 101 1
copy 2932 1 60129542201 31850496 102 1
copy 2933 1 60129542202 31850496 101 1
copy 2934 1 60129542202 31850496 102 1
copy 2935 1 60129542203 31850496 101 1
copy 2936 1 60129542203 31850496 102 1
copy 2937 1 60129542204 31850496 101 1
copy 2938 1 60129542204 31850496 102 1
copy 2939 1 60129542205 31850496 101 1
copy 2940 1 60129542205 31850496 102 1
copy 2941 1 60129542206 31850496 101 1
copy 2942 1 60129542206 31850496 102 1
copy 2943 1 60129542207 31850496 101 1
copy 2944 1 60129542207 31850496 102 1
copy 2945 1 60129542208 31850496 101 1
copy 2946 1 60129542208 31850496 102 1
copy 2947 1 60129542209 31850496 101 1
copy 2948 1 60129542209 31850496 102 1
copy 2949 1 60129542210 31850496 101 1
copy 2950 1 60129542210 31850496 102 1
copy 2951 1 60129542211 31850496 101 1
copy 2952 1 60129542211 31850496 102 1
copy 2953 1 60129542212 31850496 101 1
copy 2954 1 60129542212 31850496 102 1
copy 2955 1 60129542213 31850496 101 1
copy 2956 1 60129542213 31850496 102 1
copy 2957 1 60129542214 31850496 101 1
copy 2958 1 60129542214 31850496 102 1
copy 2959 1 60129542215 31850496 101 1
copy 2960 1 60129542215 31850496 102 1
copy 2961 1 60129542216 31850496 101 1
copy 2962 1 60129542216 31850496 102 1
copy 2963 1 60129542217 31850496 101 1
copy 2964 1 60129542217 31850496 102 1
copy 2965 1 60129542218 31850496 101 1
copy 2966 1 60129542218 31850496 102 1
copy 2967 1 60129542219 31850496 101 1
copy 2968 1 60129542219 31850496 102 1
copy 2969 1 60129542220 31850496 101 1
copy 2970 1 60129542220 31850496 102 1
copy 2971 1 60129542221 31850496 101 1
copy 2972 1 60129542221 31850496 102 1
copy 2973 1 60129542222 31850496 101 1
copy 2974 1 60129542222 31850496 102 1
copy 2975 1 60129542223 31850496 101 1
copy 2976 1 60129542223 31850496 102 1
copy 2977 1 60129542224 31850496 101 1
copy 2978 1 60129542224 31850496 102 1
copy 2979 1 60129542225 31850496 101 1
copy 2980 1 60129542225 31850496 102 1
copy 2981 1 60129542226 31850496 101 1
copy 2982 1 60129542226 31850496 102 1
copy 2983 1 60129542227 31850496 101 1
copy 2984 1 60129542227 31850496 102 1
copy 2985 1 60129542228 31850496 101 1
copy 2986 1 60129542228 31850496 102 1
copy 2987 1 60129542229 31850496 101 1
copy 2988 1 60129542229 31850496 102 1
copy 2989 1 60129542230 31850496 101 1
copy 2990 1 60129542230 31850496 102 1
copy 2991 1 60129542231 31850496 101 1
copy 2992 1 60129542231 31850496 102 1
copy 2993 1 60129542232 31850496 101 1
copy 2994 1 60129542232 31850496 102 1
copy 2995 1 60129542233 31850496 101 1
copy 2996 1 60129542233 31850496 102 1
copy 2997 1 60129542234 31850496 101 1
copy 2998 1 60129542234 31850496 102 1
copy 2999 1 60129542235 31850496 101 1
copy 3000 1 60129542235 31850496 102 1
copy 3001 1 60129542236 31850496 101 1
copy 3002 1 60129542236 31850496 102 1
copy 3003 1 60129542237 31850496 101 1
copy 3004 1 60129542237 31850496 102 1
copy 3005 1 60129542238 31850496 101 1
copy 3006 1 60129542238 31850496 102 1
copy 3007 1 60129542239 31850496 101 1
copy 3008 1 60129542239 31850496 102 1
copy 3009 1 60129542240 31850496 101 1
copy 3010 1 60129542240 31850496 102 1
copy 3011 1 60129542241 31850496 101 1
copy 3012 1 60129542241 31850496 102 1
copy 3013 1 60129542242 31850496 101 1
copy 3014 1 60129542242 31850496 102 1
copy 3015 1 60129542243 31850496 101 1
copy 3016 1 60129542243 31850496 102 1
copy 3017 1 60129542244 31850496 101 1
copy 3018 1 60129542244 31850496 102 1
copy 3019 1 60129542245 31850496 101 1
copy 3020 1 60129542245 31850496 102 1
copy 3021 1 60129542246 31850496 101 1
copy 3022 1 60129542246 31850496 102 1
copy 3023 1 60129542247 31850496 101 1
copy 3024 1 60129542247 31850496 102 1
copy 3025 1 60129542248 31850496 101 1
copy 3026 1 60129542248 31850496 102 1
copy 3027 1 60129542249 31850496 101 1
copy 3028 1 60129542249 31850496 102 1
copy 3029 1 60129542250 31850496 101 1
copy 3030 1 60129542250 31850496 102 1
copy 3031 1 60129542251 31850496 101 1
copy 3032 1 60129542251 31850496 102 1
copy 3033 1 60129542252 31850496 101 1
copy 3034 1 60129542252 31850496 102 1
copy 3035 1 60129542253 31850496 101 1
copy 3036 1 60129542253 31850496 102 1
copy 3037 1 60129542254 31850496 101 1
copy 3038 1 60129542254 31850496 102 1
copy 3039 1 60129542255 31850496 101 1
copy 3040 1 60129542255 31850496 102 1
copy 3041 1 60129542256 31850496 101 1
copy 3042 1 60129542256 31850496 102 1
copy 3043 1 60129542257 31850496 101 1
copy 3044 1 60129542257 31850496 102 1
copy 3045 1 60129542258 31850496 101 1
copy 3046 1 60129542258 31850496 102 1
copy 3047 1 60129542259 31850496 101 1
copy 3048 1 60129542259 31850496 102 1
copy 3049 1 60129542260 31850496 101 1
copy 3050 1 60129542260 31850496 102 1
copy 3051 1 60129542261 31850496 101 1
copy 3052 1 60129542261 31850496 102 1
copy 3053 1 60129542262 31850496 101 1
copy 3054 1 60129542262 31850496 102 1
copy 3055 1 60129542263 31850496 101 1
copy 3056 1 60129542263 31850496 102 1
copy 3057 1 60129542264 31850496 101 1
copy 3058 1 60129542264 31850496 102 1
copy 3059 1 60129542265 31850496 101 1
copy 3060 1 60129542265 31850496 102 1
copy 3061 1 60129542266 31850496 101 1
copy 3062 1 60129542266 31850496 102 1
copy 3063 1 60129542267 31850496 101 1
copy 3064 1 60129542267 31850496 102 1
copy 3065 1 60129542268 31850496 101 1
copy 3066 1 60129542268 31850496 102 1
copy 3067 1 60129542269 31850496 101 1
copy 3068 1 60129542269 31850496 102 1
copy 3069 1 60129542270 31850496 101 1
copy 3070 1 60129542270 31850496 102 1
copy 3071 1 60129542271 31850496 101 1
copy 3072 1 60129542271 31850496 102 1
copy 3073 1 64424509440 31850496 101 1
copy 3074 1 64424509440 31850496 102 1
copy 3075 1 64424509441 31850496 101 1
copy 3076 1 64424509441 31850496 102 1
copy 3077 1 64424509442 31850496 101 1
copy 3078 1 64424509442 31850496 102 1
copy 3079 1 64424509443 31850496 101 1
copy 3080 1 64424509443 31850496 102 1
copy 3081 1 64424509444 31850496 101 1
copy 3082 1 64424509444 31850496 102 1
copy 3083 1 64424509445 31850496 101 1
copy 3084 1 64424509445 31850496 102 1
copy 3085 1 64424509446 31850496 101 1
copy 3086 1 64424509446 31850496 102 1
copy 3087 1 64424509447 31850496 101 1
copy 3088 1 64424509447 31850496 102 1
copy 3089 1 64424509448 31850496 101 1
copy 3090 1 64424509448 31850496 102 1
copy 3091 1 64424509449 31850496 101 1
copy 3092 1 64424509449 31850496 102 1
copy 3093 1 64424509450 31850496 101 1
copy 3094 1 64424509450 31850496 102 1
copy 3095 1 64424509451 31850496 101 1
copy 3096 1 64424509451 31850496 102 1
copy 3097 1 64424509452 31850496 101 1
copy 3098 1 64424509452 31850496 102 1
copy 3099 1 64424509453 31850496 101 1
copy 3100 1 64424509453 31850496 102 1
copy 3101 1 64424509454 31850496 101 1
copy 3102 1 64424509454 31850496 102 1
copy 3103 1 64424509455 31850496 101 1
copy 3104 1 64424509455 31850496 102 1
copy 3105 1 64424509456 31850496 101 1
copy 3106 1 64424509456 31850496 102 1
copy 3107 1 64424509457 31850496 101 1
copy 3108 1 64424509457 31850496 102 1
copy 3109 1 64424509458 31850496 101 1
copy 3110 1 64424509458 31850496 102 1
copy 3111 1 64424509459 31850496 101 1
copy 3112 1 64424509459 31850496 102 1
copy 3113 1 64424509460 31850496 101 1
copy 3114 1 64424509460 31850496 102 1
copy 3115 1 64424509461 31850496 101 1
copy 3116 1 64424509461 31850496 102 1
copy 3117 1 64424509462 31850496 101 1
copy 3118 1 64424509462 31850496 102 1
copy 3119 1 64424509463 31850496 101 1
copy 3120 1 64424509463 31850496 102 1
copy 3121 1 64424509464 31850496 101 1
copy 3122 1 64424509464 31850496 102 1
copy 3123 1 64424509465 31850496 101 1
copy 3124 1 64424509465 31850496 102 1
copy 3125 1 64424509466 31850496 101 1
copy 3126 1 64424509466 31850496 102 1
copy 3127 1 64424509467 31850496 101 1
copy 3128 1 64424509467 31850496 102 1
copy 3129 1 64424509468 31850496 101 1
copy 3130 1 64424509468 31850496 102 1
copy 3131 1 64424509469 31850496 101 1
copy 3132 1 64424509469 31850496 102 1
copy 3133 1 64424509470 31850496 101 1
copy 3134 1 64424509470 31850496 102 1
copy 3135 1 64424509471 31850496 101 1
copy 3136 1 64424509471 31850496 102 1
copy 3137 1 64424509472 31850496 101 1
copy 3138 1 64424509472 31850496 102 1
copy 3139 1 64424509473 31850496 101 1
copy 3140 1 64424509473 31850496 102 1
copy 3141 1 64424509474 31850496 101 1
copy 3142 1 64424509474 31850496 102 1
copy 3143 1 64424509475 31850496 101 1
copy 3144 1 64424509475 31850496 102 1
copy 3145 1 64424509476 31850496 101 1
copy 3146 1 64424509476 31850496 102 1
copy 3147 1 64424509477 31850496 101 1
copy 3148 1 64424509477 31850496 102 1
copy 3149 1 64424509478 31850496 101 1
copy 3150 1 64424509478 31850496 102 1
copy 3151 1 64424509479 31850496 101 1
copy 3152 1 64424509479 31850496 102 1
copy 3153 1 64424509480 31850496 101 1
copy 3154 1 64424509480 31850496 102 1
copy 3155 1 64424509481 31850496 101 1
copy 3156 1 64424509481 31850496 102 1
copy 3157 1 64424509482 31850496 101 1
copy 3158 1 64424509482 31850496 102 1
copy 3159 1 64424509483 31850496 101 1
copy 3160 1 64424509483 31850496 102 1
copy 3161 1 64424509484 31850496 101 1
copy 3162 1 64424509484 31850496 102 1
copy 3163 1 64424509485 31850496 101 1
copy 3164 1 64424509485 31850496 102 1
copy 3165 1 64424509486 31850496 101 1
copy 3166 1 64424509486 31850496 102 1
copy 3167 1 64424509487 31850496 101 1
copy 3168 1 64424509487 31850496 102 1
copy 3169 1 64424509488 31850496 101 1
copy 3170 1 64424509488 31850496 102 1
copy 3171 1 64424509489 31850496 101 1
copy 3172 1 64424509489 31850496 102 1
copy 3173 1 64424509490 31850496 101 1
copy 3174 1 64424509490 31850496 102 1
copy 3175 1 64424509491 31850496 101 1
copy 3176 1 64424509491 31850496 102 1
copy 3177 1 64424509492 31850496 101 1
copy 3178 1 64424509492 31850496 102 1
copy 3179 1 64424509493 31850496 101 1
copy 3180 1 64424509493 31850496 102 1
copy 3181 1 64424509494 31850496 101 1
copy 3182 1 64424509494 31850496 102 1
copy 3183 1 64424509495 31850496 101 1
copy 3184 1 64424509495 31850496 102 1
copy 3185 1 64424509496 31850496 101 1
copy 3186 1 64424509496 31850496 102 1
copy 3187 1 64424509497 31850496 101 1
copy 3188 1 64424509497 31850496 102 1
copy 3189 1 64424509498 31850496 101 1
copy 3190 1 64424509498 31850496 102 1
copy 3191 1 64424509499 31850496 101 1
copy 3192 1 64424509499 31850496 102 1
copy 3193 1 64424509500 31850496 101 1
copy 3194 1 64424509500 31850496 102 1
copy 3195 1 64424509501 31850496 101 1
copy 3196 1 64424509501 31850496 102 1
copy 3197 1 64424509502 31850496 101 1
copy 3198 1 64424509502 31850496 102 1
copy 3199 1 64424509503 31850496 101 1
copy 3200 1 64424509503 31850496 102 1
copy 3201 1 64424509504 31850496 101 1
copy 3202 1 64424509504 31850496 102 1
copy 3203 1 64424509505 31850496 101 1
copy 3204 1 64424509505 31850496 102 1
copy 3205 1 64424509506 31850496 101 1
copy 3206 1 64424509506 31850496 102 1
copy 3207 1 64424509507 31850496 101 1
copy 3208 1 64424509507 31850496 102 1
copy 3209 1 64424509508 31850496 101 1
copy 3210 1 64424509508 31850496 102 1
copy 3211 1 64424509509 31850496 101 1
copy 3212 1 64424509509 31850496 102 1
copy 3213 1 64424509510 31850496 101 1
copy 3214 1 64424509510 31850496 102 1
copy 3215 1 64424509511 31850496 101 1
copy 3216 1 64424509511 31850496 102 1
copy 3217 1 64424509512 31850496 101 1
copy 3218 1 64424509512 31850496 102 1
copy 3219 1 64424509513 31850496 101 1
copy 3220 1 64424509513 31850496 102 1
copy 3221 1 64424509514 31850496 101 1
copy 3222 1 64424509514 31850496 102 1
copy 3223 1 64424509515 31850496 101 1
copy 3224 1 64424509515 31850496 102 1
copy 3225 1 64424509516 31850496 101 1
copy 3226 1 64424509516 31850496 102 1
copy 3227 1 64424509517 31850496 101 1
copy 3228 1 64424509517 31850496 102 1
copy 3229 1 64424509518 31850496 101 1
copy 3230 1 64424509518 31850496 102 1
copy 3231 1 64424509519 31850496 101 1
copy 3232 1 64424509519 31850496 102 1
copy 3233 1 64424509520 31850496 101 1
copy 3234 1 64424509520 31850496 102 1
copy 3235 1 64424509521 31850496 101 1
copy 3236 1 64424509521 31850496 102 1
copy 3237 1 64424509522 31850496 101 1
copy 3238 1 64424509522 31850496 102 1
copy 3239 1 64424509523 31850496 101 1
copy 3240 1 64424509523 31850496 102 1
copy 3241 1 64424509524 31850496 101 1
copy 3242 1 64424509524 31850496 102 1
copy 3243 1 64424509525 31850496 101 1
copy 3244 1 64424509525 31850496 102 1
copy 3245 1 64424509526 31850496 101 1
copy 3246 1 64424509526 31850496 102 1
copy 3247 1 64424509527 31850496 101 1
copy 3248 1 64424509527 31850496 102 1
copy 3249 1 64424509528 31850496 101 1
copy 3250 1 64424509528 31850496 102 1
copy 3251 1 64424509529 31850496 101 1
copy 3252 1 64424509529 31850496 102 1
copy 3253 1 64424509530 31850496 101 1
copy 3254 1 64424509530 31850496 102 1
copy 3255 1 64424509531 31850496 101 1
copy 3256 1 64424509531 31850496 102 1
copy 3257 1 64424509532 31850496 101 1
copy 3258 1 64424509532 31850496 102 1
copy 3259 1 64424509533 31850496 101 1
copy 3260 1 64424509533 31850496 102 1
copy 3261 1 64424509534 31850496 101 1
copy 3262 1 64424509534 31850496 102 1
copy 3263 1 64424509535 31850496 101 1
copy 3264 1 64424509535 31850496 102 1
copy 3265 1 64424509536 31850496 101 1
copy 3266 1 64424509536 31850496 102 1
copy 3267 1 64424509537 31850496 101 1
copy 3268 1 64424509537 31850496 102 1
copy 3269 1 64424509538 31850496 101 1
copy 3270 1 64424509538 31850496 102 1
copy 3271 1 64424509539 31850496 101 1
copy 3272 1 64424509539 31850496 102 1
copy 3273 1 64424509540 31850496 101 1
copy 3274 1 64424509540 31850496 102 1
copy 3275 1 64424509541 31850496 101 1
copy 3276 1 64424509541 31850496 102 1
copy 3277 1 64424509542 31850496 101 1
copy 3278 1 64424509542 31850496 102 1
copy 3279 1 64424509543 31850496 101 1
copy 3280 1 64424509543 31850496 102 1
copy 3281 1 64424509544 31850496 101 1
copy 3282 1 64424509544 31850496 102 1
copy 3283 1 64424509545 31850496 101 1
copy 3284 1 64424509545 31850496 102 1
copy 3285 1 64424509546 31850496 101 1
copy 3286 1 64424509546 31850496 102 1
copy 3287 1 64424509547 31850496 101 1
copy 3288 1 64424509547 31850496 102 1
copy 3289 1 64424509548 31850496 101 1
copy 3290 1 64424509548 31850496 102 1
copy 3291 1 64424509549 31850496 101 1
copy 3292 1 64424509549 31850496 102 1
copy 3293 1 64424509550 31850496 101 1
copy 3294 1 64424509550 31850496 102 1
copy 3295 1 64424509551 31850496 101 1
copy 3296 1 64424509551 31850496 102 1
copy 3297 1 64424509552 31850496 101 1
copy 3298 1 64424509552 31850496 102 1
copy 3299 1 64424509553 31850496 101 1
copy 3300 1 64424509553 31850496 102 1
copy 3301 1 64424509554 31850496 101 1
copy 3302 1 64424509554 31850496 102 1
copy 3303 1 64424509555 31850496 101 1
copy 3304 1 64424509555 31850496 102 1
copy 3305 1 64424509556 31850496 101 1
copy 3306 1 64424509556 31850496 102 1
copy 3307 1 64424509557 31850496 101 1
copy 3308 1 64424509557 31850496 102 1
copy 3309 1 64424509558 31850496 101 1
copy 3310 1 64424509558 31850496 102 1
copy 3311 1 64424509559 31850496 101 1
copy 3312 1 64424509559 31850496 102 1
copy 3313 1 64424509560 31850496 101 1
copy 3314 1 64424509560 31850496 102 1
copy 3315 1 64424509561 31850496 101 1
copy 3316 1 64424509561 31850496 102 1
copy 3317 1 64424509562 31850496 101 1
copy 3318 1 64424509562 31850496 102 1
copy 3319 1 64424509563 31850496 101 1
copy 3320 1 64424509563 31850496 102 1
copy 3321 1 64424509564 31850496 101 1
copy 3322 1 64424509564 31850496 102 1
copy 3323 1 64424509565 31850496 101 1
copy 3324 1 64424509565 31850496 102 1
copy 3325 1 64424509566 31850496 101 1
copy 3326 1 64424509566 31850496 102 1
copy 3327 1 64424509567 31850496 101 1
copy 3328 1 64424509567 31850496 102 1
copy 3329 1 68719476736 31850496 101 1
copy 3330 1 68719476736 31850496 102 1
copy 3331 1 68719476737 31850496 101 1
copy 3332 1 68719476737 31850496 102 1
copy 3333 1 68719476738 31850496 101 1
copy 3334 1 68719476738 31850496 102 1
copy 3335 1 68719476739 31850496 101 1
copy 3336 1 68719476739 31850496 102 1
copy 3337 1 68719476740 31850496 101 1
copy 3338 1 68719476740 31850496 102 1
copy 3339 1 68719476741 31850496 101 1
copy 3340 1 68719476741 31850496 102 1
copy 3341 1 68719476742 31850496 101 1
copy 3342 1 68719476742 31850496 102 1
copy 3343 1 68719476743 31850496 101 1
copy 3344 1 68719476743 31850496 102 1
copy 3345 1 68719476744 31850496 101 1
copy 3346 1 68719476744 31850496 102 1
copy 3347 1 68719476745 31850496 101 1
copy 3348 1 68719476745 31850496 102 1
copy 3349 1 68719476746 31850496 101 1
copy 3350 1 68719476746 31850496 102 1
copy 3351 1 68719476747 31850496 101 1
copy 3352 1 68719476747 31850496 102 1
copy 3353 1 68719476748 31850496 101 1
copy 3354 1 68719476748 31850496 102 1
copy 3355 1 68719476749 31850496 101 1
copy 3356 1 68719476749 31850496 102 1
copy 3357 1 68719476750 31850496 101 1
copy 3358 1 68719476750 31850496 102 1
copy 3359 1 68719476751 31850496 101 1
copy 3360 1 68719476751 31850496 102 1
copy 3361 1 68719476752 31850496 101 1
copy 3362 1 68719476752 31850496 102 1
copy 3363 1 68719476753 31850496 101 1
copy 3364 1 68719476753 31850496 102 1
copy 3365 1 68719476754 31850496 101 1
copy 3366 1 68719476754 31850496 102 1
copy 3367 1 68719476755 31850496 101 1
copy 3368 1 68719476755 31850496 102 1
copy 3369 1 68719476756 31850496 101 1
copy 3370 1 68719476756 31850496 102 1
copy 3371 1 68719476757 31850496 101 1
copy 3372 1 68719476757 31850496 102 1
copy 3373 1 68719476758 31850496 101 1
copy 3374 1 68719476758 31850496 102 1
copy 3375 1 68719476759 31850496 101 1
copy 3376 1 68719476759 31850496 102 1
copy 3377 1 68719476760 31850496 101 1
copy 3378 1 68719476760 31850496 102 1
copy 3379 1 68719476761 31850496 101 1
copy 3380 1 68719476761 31850496 102 1
copy 3381 1 68719476762 31850496 101 1
copy 3382 1 68719476762 31850496 102 1
copy 3383 1 68719476763 31850496 101 1
copy 3384 1 68719476763 31850496 102 1
copy 3385 1 68719476764 31850496 101 1
copy 3386 1 68719476764 31850496 102 1
copy 3387 1 68719476765 31850496 101 1
copy 3388 1 68719476765 31850496 102 1
copy 3389 1 68719476766 31850496 101 1
copy 3390 1 68719476766 31850496 102 1
copy 3391 1 68719476767 31850496 101 1
copy 3392 1 68719476767 31850496 102 1
copy 3393 1 68719476768 31850496 101 1
copy 3394 1 68719476768 31850496 102 1
copy 3395 1 68719476769 31850496 101 1
copy 3396 1 68719476769 31850496 102 1
copy 3397 1 68719476770 31850496 101 1
copy 3398 1 68719476770 31850496 102 1
copy 3399 1 68719476771 31850496 101 1
copy 3400 1 68719476771 31850496 102 1
copy 3401 1 68719476772 31850496 101 1
copy 3402 1 68719476772 31850496 102 1
copy 3403 1 68719476773 31850496 101 1
copy 3404 1 68719476773 31850496 102 1
copy 3405 1 68719476774 31850496 101 1
copy 3406 1 68719476774 31850496 102 1
copy 3407 1 68719476775 31850496 101 1
copy 3408 1 68719476775 31850496 102 1
copy 3409 1 68719476776 31850496 101 1
copy 3410 1 68719476776 31850496 102 1
copy 3411 1 68719476777 31850496 101 1
copy 3412 1 68719476777 31850496 102 1
copy 3413 1 68719476778 31850496 101 1
copy 3414 1 68719476778 31850496 102 1
copy 3415 1 68719476779 31850496 101 1
copy 3416 1 68719476779 31850496 102 1
copy 3417 1 68719476780 31850496 101 1
copy 3418 1 68719476780 31850496 102 1
copy 3419 1 68719476781 31850496 101 1
copy 3420 1 68719476781 31850496 102 1
copy 3421 1 68719476782 31850496 101 1
copy 3422 1 68719476782 31850496 102 1
copy 3423 1 68719476783 31850496 101 1
copy 3424 1 68719476783 31850496 102 1
copy 3425 1 68719476784 31850496 101 1
copy 3426 1 68719476784 31850496 102 1
copy 3427 1 68719476785 31850496 101 1
copy 3428 1 68719476785 31850496 102 1
copy 3429 1 68719476786 31850496 101 1
copy 3430 1 68719476786 31850496 102 1
copy 3431 1 68719476787 31850496 101 1
copy 3432 1 68719476787 31850496 102 1
copy 3433 1 68719476788 31850496 101 1
copy 3434 1 68719476788 31850496 102 1
copy 3435 1 68719476789 31850496 101 1
copy 3436 1 68719476789 31850496 102 1
copy 3437 1 68719476790 31850496 101 1
copy 3438 1 68719476790 31850496 102 1
copy 3439 1 68719476791 31850496 101 1
copy 3440 1 68719476791 31850496 102 1
copy 3441 1 68719476792 31850496 101 1
copy 3442 1 68719476792 31850496 102 1
copy 3443 1 68719476793 31850496 101 1
copy 3444 1 68719476793 31850496 102 1
copy 3445 1 68719476794 31850496 101 1
copy 3446 1 68719476794 31850496 102 1
copy 3447 1 68719476795 31850496 101 1
copy 3448 1 68719476795 31850496 102 1
copy 3449 1 68719476796 31850496 101 1
copy 3450 1 68719476796 31850496 102 1
copy 3451 1 68719476797 31850496 101 1
copy 3452 1 68719476797 31850496 102 1
copy 3453 1 68719476798 31850496 101 1
copy 3454 1 68719476798 31850496 102 1
copy 3455 1 68719476799 31850496 101 1
copy 3456 1 68719476799 31850496 102 1
copy 3457 1 68719476800 31850496 101 1
copy 3458 1 68719476800 31850496 102 1
copy 3459 1 68719476801 31850496 101 1
copy 3460 1 68719476801 31850496 102 1
copy 3461 1 68719476802 31850496 101 1
copy 3462 1 68719476802 31850496 102 1
copy 3463 1 68719476803 31850496 101 1
copy 3464 1 68719476803 31850496 102 1
copy 3465 1 68719476804 31850496 101 1
copy 3466 1 68719476804 31850496 102 1
copy 3467 1 68719476805 31850496 101 1
copy 3468 1 68719476805 31850496 102 1
copy 3469 1 68719476806 31850496 101 1
copy 3470 1 68719476806 31850496 102 1
copy 3471 1 68719476807 31850496 101 1
copy 3472 1 68719476807 31850496 102 1
copy 3473 1 68719476808 31850496 101 1
copy 3474 1 68719476808 31850496 102 1
copy 3475 1 68719476809 31850496 101 1
copy 3476 1 68719476809 31850496 102 1
copy 3477 1 68719476810 31850496 101 1
copy 3478 1 68719476810 31850496 102 1
copy 3479 1 68719476811 31850496 101 1
copy 3480 1 68719476811 31850496 102 1
copy 3481 1 68719476812 31850496 101 1
copy 3482 1 68719476812 31850496 102 1
copy 3483 1 68719476813 31850496 101 1
copy 3484 1 68719476813 31850496 102 1
copy 3485 1 68719476814 31850496 101 1
copy 3486 1 68719476814 31850496 102 1
copy 3487 1 68719476815 31850496 101 1
copy 3488 1 68719476815 31850496 102 1
copy 3489 1 68719476816 31850496 101 1
copy 3490 1 68719476816 31850496 102 1
copy 3491 1 68719476817 31850496 101 1
copy 3492 1 68719476817 31850496 102 1
copy 3493 1 68719476818 31850496 101 1
copy 3494 1 68719476818 31850496 102 1
copy 3495 1 68719476819 31850496 101 1
copy 3496 1 68719476819 31850496 102 1
copy 3497 1 68719476820 31850496 101 1
copy 3498 1 68719476820 31850496 102 1
copy 3499 1 68719476821 31850496 101 1
copy 3500 1 68719476821 31850496 102 1
copy 3501 1 68719476822 31850496 101 1
copy 3502 1 68719476822 31850496 102 1
copy 3503 1 68719476823 31850496 101 1
copy 3504 1 68719476823 31850496 102 1
copy 3505 1 68719476824 31850496 101 1
copy 3506 1 68719476824 31850496 102 1
copy 3507 1 68719476825 31850496 101 1
copy 3508 1 68719476825 31850496 102 1
copy 3509 1 68719476826 31850496 101 1
copy 3510 1 68719476826 31850496 102 1
copy 3511 1 68719476827 31850496 101 1
copy 3512 1 68719476827 31850496 102 1
copy 3513 1 68719476828 31850496 101 1
copy 3514 1 68719476828 31850496 102 1
copy 3515 1 68719476829 31850496 101 1
copy 3516 1 68719476829 31850496 102 1
copy 3517 1 68719476830 31850496 101 1
copy 3518 1 68719476830 31850496 102 1
copy 3519 1 68719476831 31850496 101 1
copy 3520 1 68719476831 31850496 102 1
copy 3521 1 68719476832 31850496 101 1
copy 3522 1 68719476832 31850496 102 1
copy 3523 1 68719476833 31850496 101 1
copy 3524 1 68719476833 31850496 102 1
copy 3525 1 68719476834 31850496 101 1
copy 3526 1 68719476834 31850496 102 1
copy 3527 1 68719476835 31850496 101 1
copy 3528 1 68719476835 31850496 102 1
copy 3529 1 68719476836 31850496 101 1
copy 3530 1 68719476836 31850496 102 1
copy 3531 1 68719476837 31850496 101 1
copy 3532 1 68719476837 31850496 102 1
copy 3533 1 68719476838 31850496 101 1
copy 3534 1 68719476838 31850496 102 1
copy 3535 1 68719476839 31850496 101 1
copy 3536 1 68719476839 31850496 102 1
copy 3537 1 68719476840 31850496 101 1
copy 3538 1 68719476840 31850496 102 1
copy 3539 1 68719476841 31850496 101 1
copy 3540 1 68719476841 31850496 102 1
copy 3541 1 68719476842 31850496 101 1
copy 3542 1 68719476842 31850496 102 1
copy 3543 1 68719476843 31850496 101 1
copy 3544 1 68719476843 31850496 102 1
copy 3545 1 68719476844 31850496 101 1
copy 3546 1 68719476844 31850496 102 1
copy 3547 1 68719476845 31850496 101 1
copy 3548 1 68719476845 31850496 102 1
copy 3549 1 68719476846 31850496 101 1
copy 3550 1 68719476846 31850496 102 1
copy 3551 1 68719476847 31850496 101 1
copy 3552 1 68719476847 31850496 102 1
copy 3553 1 68719476848 31850496 101 1
copy 3554 1 68719476848 31850496 102 1
copy 3555 1 68719476849 31850496 101 1
copy 3556 1 68719476849 31850496 102 1
copy 3557 1 68719476850 31850496 101 1
copy 3558 1 68719476850 31850496 102 1
copy 3559 1 68719476851 31850496 101 1
copy 3560 1 68719476851 31850496 102 1
copy 3561 1 68719476852 31850496 101 1
copy 3562 1 68719476852 31850496 102 1
copy 3563 1 68719476853 31850496 101 1
copy 3564 1 68719476853 31850496 102 1
copy 3565 1 68719476854 31850496 101 1
copy 3566 1 68719476854 31850496 102 1
copy 3567 1 68719476855 31850496 101 1
copy 3568 1 68719476855 31850496 102 1
copy 3569 1 68719476856 31850496 101 1
copy 3570 1 68719476856 31850496 102 1
copy 3571 1 68719476857 31850496 101 1
copy 3572 1 68719476857 31850496 102 1
copy 3573 1 68719476858 31850496 101 1
copy 3574 1 68719476858 31850496 102 1
copy 3575 1 68719476859 31850496 101 1
copy 3576 1 68719476859 31850496 102 1
copy 3577 1 68719476860 31850496 101 1
copy 3578 1 68719476860 31850496 102 1
copy 3579 1 68719476861 31850496 101 1
copy 3580 1 68719476861 31850496 102 1
copy 3581 1 68719476862 31850496 101 1
copy 3582 1 68719476862 31850496 102 1
copy 3583 1 68719476863 31850496 101 1
copy 3584 1 68719476863 31850496 102 1
copy 3585 1 73014444032 31850496 101 1
copy 3586 1 73014444032 31850496 102 1
copy 3587 1 73014444033 31850496 101 1
copy 3588 1 73014444033 31850496 102 1
copy 3589 1 73014444034 31850496 101 1
copy 3590 1 73014444034 31850496 102 1
copy 3591 1 73014444035 31850496 101 1
copy 3592 1 73014444035 31850496 102 1
copy 3593 1 73014444036 31850496 101 1
copy 3594 1 73014444036 31850496 102 1
copy 3595 1 73014444037 31850496 101 1
copy 3596 1 73014444037 31850496 102 1
copy 3597 1 73014444038 31850496 101 1
copy 3598 1 73014444038 31850496 102 1
copy 3599 1 73014444039 31850496 101 1
copy 3600 1 73014444039 31850496 102 1
copy 3601 1 73014444040 31850496 101 1
copy 3602 1 73014444040 31850496 102 1
copy 3603 1 73014444041 31850496 101 1
copy 3604 1 73014444041 31850496 102 1
copy 3605 1 73014444042 31850496 101 1
copy 3606 1 73014444042 31850496 102 1
copy 3607 1 73014444043 31850496 101 1
copy 3608 1 73014444043 31850496 102 1
copy 3609 1 73014444044 31850496 101 1
copy 3610 1 73014444044 31850496 102 1
copy 3611 1 73014444045 31850496 101 1
copy 3612 1 73014444045 31850496 102 1
copy 3613 1 73014444046 31850496 101 1
copy 3614 1 73014444046 31850496 102 1
copy 3615 1 73014444047 31850496 101 1
copy 3616 1 73014444047 31850496 102 1
copy 3617 1 73014444048 31850496 101 1
copy 3618 1 73014444048 31850496 102 1
copy 3619 1 73014444049 31850496 101 1
copy 3620 1 73014444049 31850496 102 1
copy 3621 1 73014444050 31850496 101 1
copy 3622 1 73014444050 31850496 102 1
copy 3623 1 73014444051 31850496 101 1
copy 3624 1 73014444051 31850496 102 1
copy 3625 1 73014444052 31850496 101 1
copy 3626 1 73014444052 31850496 102 1
copy 3627 1 73014444053 31850496 101 1
copy 3628 1 73014444053 31850496 102 1
copy 3629 1 73014444054 31850496 101 1
copy 3630 1 73014444054 31850496 102 1
copy 3631 1 73014444055 31850496 101 1
copy 3632 1 73014444055 31850496 102 1
copy 3633 1 73014444056 31850496 101 1
copy 3634 1 73014444056 31850496 102 1
copy 3635 1 73014444057 31850496 101 1
copy 3636 1 73014444057 31850496 102 1
copy 3637 1 73014444058 31850496 101 1
copy 3638 1 73014444058 31850496 102 1
copy 3639 1 73014444059 31850496 101 1
copy 3640 1 73014444059 31850496 102 1
copy 3641 1 73014444060 31850496 101 1
copy 3642 1 73014444060 31850496 102 1
copy 3643 1 73014444061 31850496 101 1
copy 3644 1 73014444061 31850496 102 1
copy 3645 1 73014444062 31850496 101 1
copy 3646 1 73014444062 31850496 102 1
copy 3647 1 73014444063 31850496 101 1
copy 3648 1 73014444063 31850496 102 1
copy 3649 1 73014444064 31850496 101 1
copy 3650 1 73014444064 31850496 102 1
copy 3651 1 73014444065 31850496 101 1
copy 3652 1 73014444065 31850496 102 1
copy 3653 1 73014444066 31850496 101 1
copy 3654 1 73014444066 31850496 102 1
copy 3655 1 73014444067 31850496 101 1
copy 3656 1 73014444067 31850496 102 1
copy 3657 1 73014444068 31850496 101 1
copy 3658 1 73014444068 31850496 102 1
copy 3659 1 73014444069 31850496 101 1
copy 3660 1 73014444069 31850496 102 1
copy 3661 1 73014444070 31850496 101 1
copy 3662 1 73014444070 31850496 102 1
copy 3663 1 73014444071 31850496 101 1
copy 3664 1 73014444071 31850496 102 1
copy 3665 1 73014444072 31850496 101 1
copy 3666 1 73014444072 31850496 102 1
copy 3667 1 73014444073 31850496 101 1
copy 3668 1 73014444073 31850496 102 1
copy 3669 1 73014444074 31850496 101 1
copy 3670 1 73014444074 31850496 102 1
copy 3671 1 73014444075 31850496 101 1
copy 3672 1 73014444075 31850496 102 1
copy 3673 1 73014444076 31850496 101 1
copy 3674 1 73014444076 31850496 102 1
copy 3675 1 73014444077 31850496 101 1
copy 3676 1 73014444077 31850496 102 1
copy 3677 1 73014444078 31850496 101 1
copy 3678 1 73014444078 31850496 102 1
copy 3679 1 73014444079 31850496 101 1
copy 3680 1 73014444079 31850496 102 1
copy 3681 1 73014444080 31850496 101 1
copy 3682 1 73014444080 31850496 102 1
copy 3683 1 73014444081 31850496 101 1
copy 3684 1 73014444081 31850496 102 1
copy 3685 1 73014444082 31850496 101 1
copy 3686 1 73014444082 31850496 102 1
copy 3687 1 73014444083 31850496 101 1
copy 3688 1 73014444083 31850496 102 1
copy 3689 1 73014444084 31850496 101 1
copy 3690 1 73014444084 31850496 102 1
copy 3691 1 73014444085 31850496 101 1
copy 3692 1 73014444085 31850496 102 1
copy 3693 1 73014444086 31850496 101 1
copy 3694 1 73014444086 31850496 102 1
copy 3695 1 73014444087 31850496 101 1
copy 3696 1 73014444087 31850496 102 1
copy 3697 1 73014444088 31850496 101 1
copy 3698 1 73014444088 31850496 102 1
copy 3699 1 73014444089 31850496 101 1
copy 3700 1 73014444089 31850496 102 1
copy 3701 1 73014444090 31850496 101 1
copy 3702 1 73014444090 31850496 102 1
copy 3703 1 73014444091 31850496 101 1
copy 3704 1 73014444091 31850496 102 1
copy 3705 1 73014444092 31850496 101 1
copy 3706 1 73014444092 31850496 102 1
copy 3707 1 73014444093 31850496 101 1
copy 3708 1 73014444093 31850496 102 1
copy 3709 1 73014444094 31850496 101 1
copy 3710 1 73014444094 31850496 102 1
copy 3711 1 73014444095 31850496 101 1
copy 3712 1 73014444095 31850496 102 1
copy 3713 1 73014444096 31850496 101 1
copy 3714 1 73014444096 31850496 102 1
copy 3715 1 73014444097 31850496 101 1
copy 3716 1 73014444097 31850496 102 1
copy 3717 1 73014444098 31850496 101 1
copy 3718 1 73014444098 31850496 102 1
copy 3719 1 73014444099 31850496 101 1
copy 3720 1 73014444099 31850496 102 1
copy 3721 1 73014444100 31850496 101 1
copy 3722 1 73014444100 31850496 102 1
copy 3723 1 73014444101 31850496 101 1
copy 3724 1 73014444101 31850496 102 1
copy 3725 1 73014444102 31850496 101 1
copy 3726 1 73014444102 31850496 102 1
copy 3727 1 73014444103 31850496 101 1
copy 3728 1 73014444103 31850496 102 1
copy 3729 1 73014444104 31850496 101 1
copy 3730 1 73014444104 31850496 102 1
copy 3731 1 73014444105 31850496 101 1
copy 3732 1 73014444105 31850496 102 1
copy 3733 1 73014444106 31850496 101 1
copy 3734 1 73014444106 31850496 102 1
copy 3735 1 73014444107 31850496 101 1
copy 3736 1 73014444107 31850496 102 1
copy 3737 1 73014444108 31850496 101 1
copy 3738 1 73014444108 31850496 102 1
copy 3739 1 73014444109 31850496 101 1
copy 3740 1 73014444109 31850496 102 1
copy 3741 1 73014444110 31850496 101 1
copy 3742 1 73014444110 31850496 102 1
copy 3743 1 73014444111 31850496 101 1
copy 3744 1 73014444111 31850496 102 1
copy 3745 1 73014444112 31850496 101 1
copy 3746 1 73014444112 31850496 102 1
copy 3747 1 73014444113 31850496 101 1
copy 3748 1 73014444113 31850496 102 1
copy 3749 1 73014444114 31850496 101 1
copy 3750 1 73014444114 31850496 102 1
copy 3751 1 73014444115 31850496 101 1
copy 3752 1 73014444115 31850496 102 1
copy 3753 1 73014444116 31850496 101 1
copy 3754 1 73014444116 31850496 102 1
copy 3755 1 73014444117 31850496 101 1
copy 3756 1 73014444117 31850496 102 1
copy 3757 1 73014444118 31850496 101 1
copy 3758 1 73014444118 31850496 102 1
copy 3759 1 73014444119 31850496 101 1
copy 3760 1 73014444119 31850496 102 1
copy 3761 1 73014444120 31850496 101 1
copy 3762 1 73014444120 31850496 102 1
copy 3763 1 73014444121 31850496 101 1
copy 3764 1 73014444121 31850496 102 1
copy 3765 1 73014444122 31850496 101 1
copy 3766 1 73014444122 31850496 102 1
copy 3767 1 73014444123 31850496 101 1
copy 3768 1 73014444123 31850496 102 1
copy 3769 1 73014444124 31850496 101 1
copy 3770 1 73014444124 31850496 102 1
copy 3771 1 73014444125 31850496 101 1
copy 3772 1 73014444125 31850496 102 1
copy 3773 1 73014444126 31850496 101 1
copy 3774 1 73014444126 31850496 102 1
copy 3775 1 73014444127 31850496 101 1
copy 3776 1 73014444127 31850496 102 1
copy 3777 1 73014444128 31850496 101 1
copy 3778 1 73014444128 31850496 102 1
copy 3779 1 73014444129 31850496 101 1
copy 3780 1 73014444129 31850496 102 1
copy 3781 1 73014444130 31850496 101 1
copy 3782 1 73014444130 31850496 102 1
copy 3783 1 73014444131 31850496 101 1
copy 3784 1 73014444131 31850496 102 1
copy 3785 1 73014444132 31850496 101 1
copy 3786 1 73014444132 31850496 102 1
copy 3787 1 73014444133 31850496 101 1
copy 3788 1 73014444133 31850496 102 1
copy 3789 1 73014444134 31850496 101 1
copy 3790 1 73014444134 31850496 102 1
copy 3791 1 73014444135 31850496 101 1
copy 3792 1 73014444135 31850496 102 1
copy 3793 1 73014444136 31850496 101 1
copy 3794 1 73014444136 31850496 102 1
copy 3795 1 73014444137 31850496 101 1
copy 3796 1 73014444137 31850496 102 1
copy 3797 1 73014444138 31850496 101 1
copy 3798 1 73014444138 31850496 102 1
copy 3799 1 73014444139 31850496 101 1
copy 3800 1 73014444139 31850496 102 1
copy 3801 1 73014444140 31850496 101 1
copy 3802 1 73014444140 31850496 102 1
copy 3803 1 73014444141 31850496 101 1
copy 3804 1 73014444141 31850496 102 1
copy 3805 1 73014444142 31850496 101 1
copy 3806 1 73014444142 31850496 102 1
copy 3807 1 73014444143 31850496 101 1
copy 3808 1 73014444143 31850496 102 1
copy 3809 1 73014444144 31850496 101 1
copy 3810 1 73014444144 31850496 102 1
copy 3811 1 73014444145 31850496 101 1
copy 3812 1 73014444145 31850496 102 1
copy 3813 1 73014444146 31850496 101 1
copy 3814 1 73014444146 31850496 102 1
copy 3815 1 73014444147 31850496 101 1
copy 3816 1 73014444147 31850496 102 1
copy 3817 1 73014444148 31850496 101 1
copy 3818 1 73014444148 31850496 102 1
copy 3819 1 73014444149 31850496 101 1
copy 3820 1 73014444149 31850496 102 1
copy 3821 1 73014444150 31850496 101 1
copy 3822 1 73014444150 31850496 102 1
copy 3823 1 73014444151 31850496 101 1
copy 3824 1 73014444151 31850496 102 1
copy 3825 1 73014444152 31850496 101 1
copy 3826 1 73014444152 31850496 102 1
copy 3827 1 73014444153 31850496 101 1
copy 3828 1 73014444153 31850496 102 1
copy 3829 1 73014444154 31850496 101 1
copy 3830 1 73014444154 31850496 102 1
copy 3831 1 73014444155 31850496 101 1
copy 3832 1 73014444155 31850496 102 1
copy 3833 1 73014444156 31850496 101 1
copy 3834 1 73014444156 31850496 102 1
copy 3835 1 73014444157 31850496 101 1
copy 3836 1 73014444157 31850496 102 1
copy 3837 1 73014444158 31850496 101 1
copy 3838 1 73014444158 31850496 102 1
copy 3839 1 73014444159 31850496 101 1
copy 3840 1 73014444159 31850496 102 1
copy 3841 1 77309411328 31850496 101 1
copy 3842 1 77309411328 31850496 102 1
copy 3843 1 77309411329 31850496 101 1
copy 3844 1 77309411329 31850496 102 1
copy 3845 1 77309411330 31850496 101 1
copy 3846 1 77309411330 31850496 102 1
copy 3847 1 77309411331 31850496 101 1
copy 3848 1 77309411331 31850496 102 1
copy 3849 1 77309411332 31850496 101 1
copy 3850 1 77309411332 31850496 102 1
copy 3851 1 77309411333 31850496 101 1
copy 3852 1 77309411333 31850496 102 1
copy 3853 1 77309411334 31850496 101 1
copy 3854 1 77309411334 31850496 102 1
copy 3855 1 77309411335 31850496 101 1
copy 3856 1 77309411335 31850496 102 1
copy 3857 1 77309411336 31850496 101 1
copy 3858 1 77309411336 31850496 102 1
copy 3859 1 77309411337 31850496 101 1
copy 3860 1 77309411337 31850496 102 1
copy 3861 1 77309411338 31850496 101 1
copy 3862 1 77309411338 31850496 102 1
copy 3863 1 77309411339 31850496 101 1
copy 3864 1 77309411339 31850496 102 1
copy 3865 1 77309411340 31850496 101 1
copy 3866 1 77309411340 31850496 102 1
copy 3867 1 77309411341 31850496 101 1
copy 3868 1 77309411341 31850496 102 1
copy 3869 1 77309411342 31850496 101 1
copy 3870 1 77309411342 31850496 102 1
copy 3871 1 77309411343 31850496 101 1
copy 3872 1 77309411343 31850496 102 1
copy 3873 1 77309411344 31850496 101 1
copy 3874 1 77309411344 31850496 102 1
copy 3875 1 77309411345 31850496 101 1
copy 3876 1 77309411345 31850496 102 1
copy 3877 1 77309411346 31850496 101 1
copy 3878 1 77309411346 31850496 102 1
copy 3879 1 77309411347 31850496 101 1
copy 3880 1 77309411347 31850496 102 1
copy 3881 1 77309411348 31850496 101 1
copy 3882 1 77309411348 31850496 102 1
copy 3883 1 77309411349 31850496 101 1
copy 3884 1 77309411349 31850496 102 1
copy 3885 1 77309411350 31850496 101 1
copy 3886 1 77309411350 31850496 102 1
copy 3887 1 77309411351 31850496 101 1
copy 3888 1 77309411351 31850496 102 1
copy 3889 1 77309411352 31850496 101 1
copy 3890 1 77309411352 31850496 102 1
copy 3891 1 77309411353 31850496 101 1
copy 3892 1 77309411353 31850496 102 1
copy 3893 1 77309411354 31850496 101 1
copy 3894 1 77309411354 31850496 102 1
copy 3895 1 77309411355 31850496 101 1
copy 3896 1 77309411355 31850496 102 1
copy 3897 1 77309411356 31850496 101 1
copy 3898 1 77309411356 31850496 102 1
copy 3899 1 77309411357 31850496 101 1
copy 3900 1 77309411357 31850496 102 1
copy 3901 1 77309411358 31850496 101 1
copy 3902 1 77309411358 31850496 102 1
copy 3903 1 77309411359 31850496 101 1
copy 3904 1 77309411359 31850496 102 1
copy 3905 1 77309411360 31850496 101 1
copy 3906 1 77309411360 31850496 102 1
copy 3907 1 77309411361 31850496 101 1
copy 3908 1 77309411361 31850496 102 1
copy 3909 1 77309411362 31850496 101 1
copy 3910 1 77309411362 31850496 102 1
copy 3911 1 77309411363 31850496 101 1
copy 3912 1 77309411363 31850496 102 1
copy 3913 1 77309411364 31850496 101 1
copy 3914 1 77309411364 31850496 102 1
copy 3915 1 77309411365 31850496 101 1
copy 3916 1 77309411365 31850496 102 1
copy 3917 1 77309411366 31850496 101 1
copy 3918 1 77309411366 31850496 102 1
copy 3919 1 77309411367 31850496 101 1
copy 3920 1 77309411367 31850496 102 1
copy 3921 1 77309411368 31850496 101 1
copy 3922 1 77309411368 31850496 102 1
copy 3923 1 77309411369 31850496 101 1
copy 3924 1 77309411369 31850496 102 1
copy 3925 1 77309411370 31850496 101 1
copy 3926 1 77309411370 31850496 102 1
copy 3927 1 77309411371 31850496 101 1
copy 3928 1 77309411371 31850496 102 1
copy 3929 1 77309411372 31850496 101 1
copy 3930 1 77309411372 31850496 102 1
copy 3931 1 77309411373 31850496 101 1
copy 3932 1 77309411373 31850496 102 1
copy 3933 1 77309411374 31850496 101 1
copy 3934 1 77309411374 31850496 102 1
copy 3935 1 77309411375 31850496 101 1
copy 3936 1 77309411375 31850496 102 1
copy 3937 1 77309411376 31850496 101 1
copy 3938 1 77309411376 31850496 102 1
copy 3939 1 77309411377 31850496 101 1
copy 3940 1 77309411377 31850496 102 1
copy 3941 1 77309411378 31850496 101 1
copy 3942 1 77309411378 31850496 102 1
copy 3943 1 77309411379 31850496 101 1
copy 3944 1 77309411379 31850496 102 1
copy 3945 1 77309411380 31850496 101 1
copy 3946 1 77309411380 31850496 102 1
copy 3947 1 77309411381 31850496 101 1
copy 3948 1 77309411381 31850496 102 1
copy 3949 1 77309411382 31850496 101 1
copy 3950 1 77309411382 31850496 102 1
copy 3951 1 77309411383 31850496 101 1
copy 3952 1 77309411383 31850496 102 1
copy 3953 1 77309411384 31850496 101 1
copy 3954 1 77309411384 31850496 102 1
copy 3955 1 77309411385 31850496 101 1
copy 3956 1 77309411385 31850496 102 1
copy 3957 1 77309411386 31850496 101 1
copy 3958 1 77309411386 31850496 102 1
copy 3959 1 77309411387 31850496 101 1
copy 3960 1 77309411387 31850496 102 1
copy 3961 1 77309411388 31850496 101 1
copy 3962 1 77309411388 31850496 102 1
copy 3963 1 77309411389 31850496 101 1
copy 3964 1 77309411389 31850496 102 1
copy 3965 1 77309411390 31850496 101 1
copy 3966 1 77309411390 31850496 102 1
copy 3967 1 77309411391 31850496 101 1
copy 3968 1 77309411391 31850496 102 1
copy 3969 1 77309411392 31850496 101 1
copy 3970 1 77309411392 31850496 102 1
copy 3971 1 77309411393 31850496 101 1
copy 3972 1 77309411393 31850496 102 1
copy 3973 1 77309411394 31850496 101 1
copy 3974 1 77309411394 31850496 102 1
copy 3975 1 77309411395 31850496 101 1
copy 3976 1 77309411395 31850496 102 1
copy 3977 1 77309411396 31850496 101 1
copy 3978 1 77309411396 31850496 102 1
copy 3979 1 77309411397 31850496 101 1
copy 3980 1 77309411397 31850496 102 1
copy 3981 1 77309411398 31850496 101 1
copy 3982 1 77309411398 31850496 102 1
copy 3983 1 77309411399 31850496 101 1
copy 3984 1 77309411399 31850496 102 1
copy 3985 1 77309411400 31850496 101 1
copy 3986 1 77309411400 31850496 102 1
copy 3987 1 77309411401 31850496 101 1
copy 3988 1 77309411401 31850496 102 1
copy 3989 1 77309411402 31850496 101 1
copy 3990 1 77309411402 31850496 102 1
copy 3991 1 77309411403 31850496 101 1
copy 3992 1 77309411403 31850496 102 1
copy 3993 1 77309411404 31850496 101 1
copy 3994 1 77309411404 31850496 102 1
copy 3995 1 77309411405 31850496 101 1
copy 3996 1 77309411405 31850496 102 1
copy 3997 1 77309411406 31850496 101 1
copy 3998 1 77309411406 31850496 102 1
copy 3999 1 77309411407 31850496 101 1
copy 4000 1 77309411407 31850496 102 1
copy 4001 1 77309411408 31850496 101 1
copy 4002 1 77309411408 31850496 102 1
copy 4003 1 77309411409 31850496 101 1
copy 4004 1 77309411409 31850496 102 1
copy 4005 1 77309411410 31850496 101 1
copy 4006 1 77309411410 31850496 102 1
copy 4007 1 77309411411 31850496 101 1
copy 4008 1 77309411411 31850496 102 1
copy 4009 1 77309411412 31850496 101 1
copy 4010 1 77309411412 31850496 102 1
copy 4011 1 77309411413 31850496 101 1
copy 4012 1 77309411413 31850496 102 1
copy 4013 1 77309411414 31850496 101 1
copy 4014 1 77309411414 31850496 102 1
copy 4015 1 77309411415 31850496 101 1
copy 4016 1 77309411415 31850496 102 1
copy 4017 1 77309411416 31850496 101 1
copy 4018 1 77309411416 31850496 102 1
copy 4019 1 77309411417 31850496 101 1
copy 4020 1 77309411417 31850496 102 1
copy 4021 1 77309411418 31850496 101 1
copy 4022 1 77309411418 31850496 102 1
copy 4023 1 77309411419 31850496 101 1
copy 4024 1 77309411419 31850496 102 1
copy 4025 1 77309411420 31850496 101 1
copy 4026 1 77309411420 31850496 102 1
copy 4027 1 77309411421 31850496 101 1
copy 4028 1 77309411421 31850496 102 1
copy 4029 1 77309411422 31850496 101 1
copy 4030 1 77309411422 31850496 102 1
copy 4031 1 77309411423 31850496 101 1
copy 4032 1 77309411423 31850496 102 1
copy 4033 1 77309411424 31850496 101 1
copy 4034 1 77309411424 31850496 102 1
copy 4035 1 77309411425 31850496 101 1
copy 4036 1 77309411425 31850496 102 1
copy 4037 1 77309411426 31850496 101 1
copy 4038 1 77309411426 31850496 102 1
copy 4039 1 77309411427 31850496 101 1
copy 4040 1 77309411427 31850496 102 1
copy 4041 1 77309411428 31850496 101 1
copy 4042 1 77309411428 31850496 102 1
copy 4043 1 77309411429 31850496 101 1
copy 4044 1 77309411429 31850496 102 1
copy 4045 1 77309411430 31850496 101 1
copy 4046 1 77309411430 31850496 102 1
copy 4047 1 77309411431 31850496 101 1
copy 4048 1 77309411431 31850496 102 1
copy 4049 1 77309411432 31850496 101 1
copy 4050 1 77309411432 31850496 102 1
copy 4051 1 77309411433 31850496 101 1
copy 4052 1 77309411433 31850496 102 1
copy 4053 1 77309411434 31850496 101 1
copy 4054 1 77309411434 31850496 102 1
copy 4055 1 77309411435 31850496 101 1
copy 4056 1 77309411435 31850496 102 1
copy 4057 1 77309411436 31850496 101 1
copy 4058 1 77309411436 31850496 102 1
copy 4059 1 77309411437 31850496 101 1
copy 4060 1 77309411437 31850496 102 1
copy 4061 1 77309411438 31850496 101 1
copy 4062 1 77309411438 31850496 102 1
copy 4063 1 77309411439 31850496 101 1
copy 4064 1 77309411439 31850496 102 1
copy 4065 1 77309411440 31850496 101 1
copy 4066 1 77309411440 31850496 102 1
copy 4067 1 77309411441 31850496 101 1
copy 4068 1 77309411441 31850496 102 1
copy 4069 1 77309411442 31850496 101 1
copy 4070 1 77309411442 31850496 102 1
copy 4071 1 77309411443 31850496 101 1
copy 4072 1 77309411443 31850496 102 1
copy 4073 1 77309411444 31850496 101 1
copy 4074 1 77309411444 31850496 102 1
copy 4075 1 77309411445 31850496 101 1
copy 4076 1 77309411445 31850496 102 1
copy 4077 1 77309411446 31850496 101 1
copy 4078 1 77309411446 31850496 102 1
copy 4079 1 77309411447 31850496 101 1
copy 4080 1 77309411447 31850496 102 1
copy 4081 1 77309411448 31850496 101 1
copy 4082 1 77309411448 31850496 102 1
copy 4083 1 77309411449 31850496 101 1
copy 4084 1 77309411449 31850496 102 1
copy 4085 1 77309411450 31850496 101 1
copy 4086 1 77309411450 31850496 102 1
copy 4087 1 77309411451 31850496 101 1
copy 4088 1 77309411451 31850496 102 1
copy 4089 1 77309411452 31850496 101 1
copy 4090 1 77309411452 31850496 102 1
copy 4091 1 77309411453 31850496 101 1
copy 4092 1 77309411453 31850496 102 1
copy 4093 1 77309411454 31850496 101 1
copy 4094 1 77309411454 31850496 102 1
copy 4095 1 77309411455 31850496 101 1
copy 4096 1 77309411455 31850496 102 1
copy 4097 1 81604378624 31850496 101 1
copy 4098 1 81604378624 31850496 102 1
copy 4099 1 81604378625 31850496 101 1
copy 4100 1 81604378625 31850496 102 1
copy 4101 1 81604378626 31850496 101 1
copy 4102 1 81604378626 31850496 102 1
copy 4103 1 81604378627 31850496 101 1
copy 4104 1 81604378627 31850496 102 1
copy 4105 1 81604378628 31850496 101 1
copy 4106 1 81604378628 31850496 102 1
copy 4107 1 81604378629 31850496 101 1
copy 4108 1 81604378629 31850496 102 1
copy 4109 1 81604378630 31850496 101 1
copy 4110 1 81604378630 31850496 102 1
copy 4111 1 81604378631 31850496 101 1
copy 4112 1 81604378631 31850496 102 1
copy 4113 1 81604378632 31850496 101 1
copy 4114 1 81604378632 31850496 102 1
copy 4115 1 81604378633 31850496 101 1
copy 4116 1 81604378633 31850496 102 1
copy 4117 1 81604378634 31850496 101 1
copy 4118 1 81604378634 31850496 102 1
copy 4119 1 81604378635 31850496 101 1
copy 4120 1 81604378635 31850496 102 1
copy 4121 1 81604378636 31850496 101 1
copy 4122 1 81604378636 31850496 102 1
copy 4123 1 81604378637 31850496 101 1
copy 4124 1 81604378637 31850496 102 1
copy 4125 1 81604378638 31850496 101 1
copy 4126 1 81604378638 31850496 102 1
copy 4127 1 81604378639 31850496 101 1
copy 4128 1 81604378639 31850496 102 1
copy 4129 1 81604378640 31850496 101 1
copy 4130 1 81604378640 31850496 102 1
copy 4131 1 81604378641 31850496 101 1
copy 4132 1 81604378641 31850496 102 1
copy 4133 1 81604378642 31850496 101 1
copy 4134 1 81604378642 31850496 102 1
copy 4135 1 81604378643 31850496 101 1
copy 4136 1 81604378643 31850496 102 1
copy 4137 1 81604378644 31850496 101 1
copy 4138 1 81604378644 31850496 102 1
copy 4139 1 81604378645 31850496 101 1
copy 4140 1 81604378645 31850496 102 1
copy 4141 1 81604378646 31850496 101 1
copy 4142 1 81604378646 31850496 102 1
copy 4143 1 81604378647 31850496 101 1
copy 4144 1 81604378647 31850496 102 1
copy 4145 1 81604378648 31850496 101 1
copy 4146 1 81604378648 31850496 102 1
copy 4147 1 81604378649 31850496 101 1
copy 4148 1 81604378649 31850496 102 1
copy 4149 1 81604378650 31850496 101 1
copy 4150 1 81604378650 31850496 102 1
copy 4151 1 81604378651 31850496 101 1
copy 4152 1 81604378651 31850496 102 1
copy 4153 1 81604378652 31850496 101 1
copy 4154 1 81604378652 31850496 102 1
copy 4155 1 81604378653 31850496 101 1
copy 4156 1 81604378653 31850496 102 1
copy 4157 1 81604378654 31850496 101 1
copy 4158 1 81604378654 31850496 102 1
copy 4159 1 81604378655 31850496 101 1
copy 4160 1 81604378655 31850496 102 1
copy 4161 1 81604378656 31850496 101 1
copy 4162 1 81604378656 31850496 102 1
copy 4163 1 81604378657 31850496 101 1
copy 4164 1 81604378657 31850496 102 1
copy 4165 1 81604378658 31850496 101 1
copy 4166 1 81604378658 31850496 102 1
copy 4167 1 81604378659 31850496 101 1
copy 4168 1 81604378659 31850496 102 1
copy 4169 1 81604378660 31850496 101 1
copy 4170 1 81604378660 31850496 102 1
copy 4171 1 81604378661 31850496 101 1
copy 4172 1 81604378661 31850496 102 1
copy 4173 1 81604378662 31850496 101 1
copy 4174 1 81604378662 31850496 102 1
copy 4175 1 81604378663 31850496 101 1
copy 4176 1 81604378663 31850496 102 1
copy 4177 1 81604378664 31850496 101 1
copy 4178 1 81604378664 31850496 102 1
copy 4179 1 81604378665 31850496 101 1
copy 4180 1 81604378665 31850496 102 1
copy 4181 1 81604378666 31850496 101 1
copy 4182 1 81604378666 31850496 102 1
copy 4183 1 81604378667 31850496 101 1
copy 4184 1 81604378667 31850496 102 1
copy 4185 1 81604378668 31850496 101 1
copy 4186 1 81604378668 31850496 102 1
copy 4187 1 81604378669 31850496 101 1
copy 4188 1 81604378669 31850496 102 1
copy 4189 1 81604378670 31850496 101 1
copy 4190 1 81604378670 31850496 102 1
copy 4191 1 81604378671 31850496 101 1
copy 4192 1 81604378671 31850496 102 1
copy 4193 1 81604378672 31850496 101 1
copy 4194 1 81604378672 31850496 102 1
copy 4195 1 81604378673 31850496 101 1
copy 4196 1 81604378673 31850496 102 1
copy 4197 1 81604378674 31850496 101 1
copy 4198 1 81604378674 31850496 102 1
copy 4199 1 81604378675 31850496 101 1
copy 4200 1 81604378675 31850496 102 1
copy 4201 1 81604378676 31850496 101 1
copy 4202 1 81604378676 31850496 102 1
copy 4203 1 81604378677 31850496 101 1
copy 4204 1 81604378677 31850496 102 1
copy 4205 1 81604378678 31850496 101 1
copy 4206 1 81604378678 31850496 102 1
copy 4207 1 81604378679 31850496 101 1
copy 4208 1 81604378679 31850496 102 1
copy 4209 1 81604378680 31850496 101 1
copy 4210 1 81604378680 31850496 102 1
copy 4211 1 81604378681 31850496 101 1
copy 4212 1 81604378681 31850496 102 1
copy 4213 1 81604378682 31850496 101 1
copy 4214 1 81604378682 31850496 102 1
copy 4215 1 81604378683 31850496 101 1
copy 4216 1 81604378683 31850496 102 1
copy 4217 1 81604378684 31850496 101 1
copy 4218 1 81604378684 31850496 102 1
copy 4219 1 81604378685 31850496 101 1
copy 4220 1 81604378685 31850496 102 1
copy 4221 1 81604378686 31850496 101 1
copy 4222 1 81604378686 31850496 102 1
copy 4223 1 81604378687 31850496 101 1
copy 4224 1 81604378687 31850496 102 1
copy 4225 1 81604378688 31850496 101 1
copy 4226 1 81604378688 31850496 102 1
copy 4227 1 81604378689 31850496 101 1
copy 4228 1 81604378689 31850496 102 1
copy 4229 1 81604378690 31850496 101 1
copy 4230 1 81604378690 31850496 102 1
copy 4231 1 81604378691 31850496 101 1
copy 4232 1 81604378691 31850496 102 1
copy 4233 1 81604378692 31850496 101 1
copy 4234 1 81604378692 31850496 102 1
copy 4235 1 81604378693 31850496 101 1
copy 4236 1 81604378693 31850496 102 1
copy 4237 1 81604378694 31850496 101 1
copy 4238 1 81604378694 31850496 102 1
copy 4239 1 81604378695 31850496 101 1
copy 4240 1 81604378695 31850496 102 1
copy 4241 1 81604378696 31850496 101 1
copy 4242 1 81604378696 31850496 102 1
copy 4243 1 81604378697 31850496 101 1
copy 4244 1 81604378697 31850496 102 1
copy 4245 1 81604378698 31850496 101 1
copy 4246 1 81604378698 31850496 102 1
copy 4247 1 81604378699 31850496 101 1
copy 4248 1 81604378699 31850496 102 1
copy 4249 1 81604378700 31850496 101 1
copy 4250 1 81604378700 31850496 102 1
copy 4251 1 81604378701 31850496 101 1
copy 4252 1 81604378701 31850496 102 1
copy 4253 1 81604378702 31850496 101 1
copy 4254 1 81604378702 31850496 102 1
copy 4255 1 81604378703 31850496 101 1
copy 4256 1 81604378703 31850496 102 1
copy 4257 1 81604378704 31850496 101 1
copy 4258 1 81604378704 31850496 102 1
copy 4259 1 81604378705 31850496 101 1
copy 4260 1 81604378705 31850496 102 1
copy 4261 1 81604378706 31850496 101 1
copy 4262 1 81604378706 31850496 102 1
copy 4263 1 81604378707 31850496 101 1
copy 4264 1 81604378707 31850496 102 1
copy 4265 1 81604378708 31850496 101 1
copy 4266 1 81604378708 31850496 102 1
copy 4267 1 81604378709 31850496 101 1
copy 4268 1 81604378709 31850496 102 1
copy 4269 1 81604378710 31850496 101 1
copy 4270 1 81604378710 31850496 102 1
copy 4271 1 81604378711 31850496 101 1
copy 4272 1 81604378711 31850496 102 1
copy 4273 1 81604378712 31850496 101 1
copy 4274 1 81604378712 31850496 102 1
copy 4275 1 81604378713 31850496 101 1
copy 4276 1 81604378713 31850496 102 1
copy 4277 1 81604378714 31850496 101 1
copy 4278 1 81604378714 31850496 102 1
copy 4279 1 81604378715 31850496 101 1
copy 4280 1 81604378715 31850496 102 1
copy 4281 1 81604378716 31850496 101 1
copy 4282 1 81604378716 31850496 102 1
copy 4283 1 81604378717 31850496 101 1
copy 4284 1 81604378717 31850496 102 1
copy 4285 1 81604378718 31850496 101 1
copy 4286 1 81604378718 31850496 102 1
copy 4287 1 81604378719 31850496 101 1
copy 4288 1 81604378719 31850496 102 1
copy 4289 1 81604378720 31850496 101 1
copy 4290 1 81604378720 31850496 102 1
copy 4291 1 81604378721 31850496 101 1
copy 4292 1 81604378721 31850496 102 1
copy 4293 1 81604378722 31850496 101 1
copy 4294 1 81604378722 31850496 102 1
copy 4295 1 81604378723 31850496 101 1
copy 4296 1 81604378723 31850496 102 1
copy 4297 1 81604378724 31850496 101 1
copy 4298 1 81604378724 31850496 102 1
copy 4299 1 81604378725 31850496 101 1
copy 4300 1 81604378725 31850496 102 1
copy 4301 1 81604378726 31850496 101 1
copy 4302 1 81604378726 31850496 102 1
copy 4303 1 81604378727 31850496 101 1
copy 4304 1 81604378727 31850496 102 1
copy 4305 1 81604378728 31850496 101 1
copy 4306 1 81604378728 31850496 102 1
copy 4307 1 81604378729 31850496 101 1
copy 4308 1 81604378729 31850496 102 1
copy 4309 1 81604378730 31850496 101 1
copy 4310 1 81604378730 31850496 102 1
copy 4311 1 81604378731 31850496 101 1
copy 4312 1 81604378731 31850496 102 1
copy 4313 1 81604378732 31850496 101 1
copy 4314 1 81604378732 31850496 102 1
copy 4315 1 81604378733 31850496 101 1
copy 4316 1 81604378733 31850496 102 1
copy 4317 1 81604378734 31850496 101 1
copy 4318 1 81604378734 31850496 102 1
copy 4319 1 81604378735 31850496 101 1
copy 4320 1 81604378735 31850496 102 1
copy 4321 1 81604378736 31850496 101 1
copy 4322 1 81604378736 31850496 102 1
copy 4323 1 81604378737 31850496 101 1
copy 4324 1 81604378737 31850496 102 1
copy 4325 1 81604378738 31850496 101 1
copy 4326 1 81604378738 31850496 102 1
copy 4327 1 81604378739 31850496 101 1
copy 4328 1 81604378739 31850496 102 1
copy 4329 1 81604378740 31850496 101 1
copy 4330 1 81604378740 31850496 102 1
copy 4331 1 81604378741 31850496 101 1
copy 4332 1 81604378741 31850496 102 1
copy 4333 1 81604378742 31850496 101 1
copy 4334 1 81604378742 31850496 102 1
copy 4335 1 81604378743 31850496 101 1
copy 4336 1 81604378743 31850496 102 1
copy 4337 1 81604378744 31850496 101 1
copy 4338 1 81604378744 31850496 102 1
copy 4339 1 81604378745 31850496 101 1
copy 4340 1 81604378745 31850496 102 1
copy 4341 1 81604378746 31850496 101 1
copy 4342 1 81604378746 31850496 102 1
copy 4343 1 81604378747 31850496 101 1
copy 4344 1 81604378747 31850496 102 1
copy 4345 1 81604378748 31850496 101 1
copy 4346 1 81604378748 31850496 102 1
copy 4347 1 81604378749 31850496 101 1
copy 4348 1 81604378749 31850496 102 1
copy 4349 1 81604378750 31850496 101 1
copy 4350 1 81604378750 31850496 102 1
copy 4351 1 81604378751 31850496 101 1
copy 4352 1 81604378751 31850496 102 1
copy 4353 1 85899345920 31850496 101 1
copy 4354 1 85899345920 31850496 102 1
copy 4355 1 85899345921 31850496 101 1
copy 4356 1 85899345921 31850496 102 1
copy 4357 1 85899345922 31850496 101 1
copy 4358 1 85899345922 31850496 102 1
copy 4359 1 85899345923 31850496 101 1
copy 4360 1 85899345923 31850496 102 1
copy 4361 1 85899345924 31850496 101 1
copy 4362 1 85899345924 31850496 102 1
copy 4363 1 85899345925 31850496 101 1
copy 4364 1 85899345925 31850496 102 1
copy 4365 1 85899345926 31850496 101 1
copy 4366 1 85899345926 31850496 102 1
copy 4367 1 85899345927 31850496 101 1
copy 4368 1 85899345927 31850496 102 1
copy 4369 1 85899345928 31850496 101 1
copy 4370 1 85899345928 31850496 102 1
copy 4371 1 85899345929 31850496 101 1
copy 4372 1 85899345929 31850496 102 1
copy 4373 1 85899345930 31850496 101 1
copy 4374 1 85899345930 31850496 102 1
copy 4375 1 85899345931 31850496 101 1
copy 4376 1 85899345931 31850496 102 1
copy 4377 1 85899345932 31850496 101 1
copy 4378 1 85899345932 31850496 102 1
copy 4379 1 85899345933 31850496 101 1
copy 4380 1 85899345933 31850496 102 1
copy 4381 1 85899345934 31850496 101 1
copy 4382 1 85899345934 31850496 102 1
copy 4383 1 85899345935 31850496 101 1
copy 4384 1 85899345935 31850496 102 1
copy 4385 1 85899345936 31850496 101 1
copy 4386 1 85899345936 31850496 102 1
copy 4387 1 85899345937 31850496 101 1
copy 4388 1 85899345937 31850496 102 1
copy 4389 1 85899345938 31850496 101 1
copy 4390 1 85899345938 31850496 102 1
copy 4391 1 85899345939 31850496 101 1
copy 4392 1 85899345939 31850496 102 1
copy 4393 1 85899345940 31850496 101 1
copy 4394 1 85899345940 31850496 102 1
copy 4395 1 85899345941 31850496 101 1
copy 4396 1 85899345941 31850496 102 1
copy 4397 1 85899345942 31850496 101 1
copy 4398 1 85899345942 31850496 102 1
copy 4399 1 85899345943 31850496 101 1
copy 4400 1 85899345943 31850496 102 1
copy 4401 1 85899345944 31850496 101 1
copy 4402 1 85899345944 31850496 102 1
copy 4403 1 85899345945 31850496 101 1
copy 4404 1 85899345945 31850496 102 1
copy 4405 1 85899345946 31850496 101 1
copy 4406 1 85899345946 31850496 102 1
copy 4407 1 85899345947 31850496 101 1
copy 4408 1 85899345947 31850496 102 1
copy 4409 1 85899345948 31850496 101 1
copy 4410 1 85899345948 31850496 102 1
copy 4411 1 85899345949 31850496 101 1
copy 4412 1 85899345949 31850496 102 1
copy 4413 1 85899345950 31850496 101 1
copy 4414 1 85899345950 31850496 102 1
copy 4415 1 85899345951 31850496 101 1
copy 4416 1 85899345951 31850496 102 1
copy 4417 1 85899345952 31850496 101 1
copy 4418 1 85899345952 31850496 102 1
copy 4419 1 85899345953 31850496 101 1
copy 4420 1 85899345953 31850496 102 1
copy 4421 1 85899345954 31850496 101 1
copy 4422 1 85899345954 31850496 102 1
copy 4423 1 85899345955 31850496 101 1
copy 4424 1 85899345955 31850496 102 1
copy 4425 1 85899345956 31850496 101 1
copy 4426 1 85899345956 31850496 102 1
copy 4427 1 85899345957 31850496 101 1
copy 4428 1 85899345957 31850496 102 1
copy 4429 1 85899345958 31850496 101 1
copy 4430 1 85899345958 31850496 102 1
copy 4431 1 85899345959 31850496 101 1
copy 4432 1 85899345959 31850496 102 1
copy 4433 1 85899345960 31850496 101 1
copy 4434 1 85899345960 31850496 102 1
copy 4435 1 85899345961 31850496 101 1
copy 4436 1 85899345961 31850496 102 1
copy 4437 1 85899345962 31850496 101 1
copy 4438 1 85899345962 31850496 102 1
copy 4439 1 85899345963 31850496 101 1
copy 4440 1 85899345963 31850496 102 1
copy 4441 1 85899345964 31850496 101 1
copy 4442 1 85899345964 31850496 102 1
copy 4443 1 85899345965 31850496 101 1
copy 4444 1 85899345965 31850496 102 1
copy 4445 1 85899345966 31850496 101 1
copy 4446 1 85899345966 31850496 102 1
copy 4447 1 85899345967 31850496 101 1
copy 4448 1 85899345967 31850496 102 1
copy 4449 1 85899345968 31850496 101 1
copy 4450 1 85899345968 31850496 102 1
copy 4451 1 85899345969 31850496 101 1
copy 4452 1 85899345969 31850496 102 1
copy 4453 1 85899345970 31850496 101 1
copy 4454 1 85899345970 31850496 102 1
copy 4455 1 85899345971 31850496 101 1
copy 4456 1 85899345971 31850496 102 1
copy 4457 1 85899345972 31850496 101 1
copy 4458 1 85899345972 31850496 102 1
copy 4459 1 85899345973 31850496 101 1
copy 4460 1 85899345973 31850496 102 1
copy 4461 1 85899345974 31850496 101 1
copy 4462 1 85899345974 31850496 102 1
copy 4463 1 85899345975 31850496 101 1
copy 4464 1 85899345975 31850496 102 1
copy 4465 1 85899345976 31850496 101 1
copy 4466 1 85899345976 31850496 102 1
copy 4467 1 85899345977 31850496 101 1
copy 4468 1 85899345977 31850496 102 1
copy 4469 1 85899345978 31850496 101 1
copy 4470 1 85899345978 31850496 102 1
copy 4471 1 85899345979 31850496 101 1
copy 4472 1 85899345979 31850496 102 1
copy 4473 1 85899345980 31850496 101 1
copy 4474 1 85899345980 31850496 102 1
copy 4475 1 85899345981 31850496 101 1
copy 4476 1 85899345981 31850496 102 1
copy 4477 1 85899345982 31850496 101 1
copy 4478 1 85899345982 31850496 102 1
copy 4479 1 85899345983 31850496 101 1
copy 4480 1 85899345983 31850496 102 1
copy 4481 1 85899345984 31850496 101 1
copy 4482 1 85899345984 31850496 102 1
copy 4483 1 85899345985 31850496 101 1
copy 4484 1 85899345985 31850496 102 1
copy 4485 1 85899345986 31850496 101 1
copy 4486 1 85899345986 31850496 102 1
copy 4487 1 85899345987 31850496 101 1
copy 4488 1 85899345987 31850496 102 1
copy 4489 1 85899345988 31850496 101 1
copy 4490 1 85899345988 31850496 102 1
copy 4491 1 85899345989 31850496 101 1
copy 4492 1 85899345989 31850496 102 1
copy 4493 1 85899345990 31850496 101 1
copy 4494 1 85899345990 31850496 102 1
copy 4495 1 85899345991 31850496 101 1
copy 4496 1 85899345991 31850496 102 1
copy 4497 1 85899345992 31850496 101 1
copy 4498 1 85899345992 31850496 102 1
copy 4499 1 85899345993 31850496 101 1
copy 4500 1 85899345993 31850496 102 1
copy 4501 1 85899345994 31850496 101 1
copy 4502 1 85899345994 31850496 102 1
copy 4503 1 85899345995 31850496 101 1
copy 4504 1 85899345995 31850496 102 1
copy 4505 1 85899345996 31850496 101 1
copy 4506 1 85899345996 31850496 102 1
copy 4507 1 85899345997 31850496 101 1
copy 4508 1 85899345997 31850496 102 1
copy 4509 1 85899345998 31850496 101 1
copy 4510 1 85899345998 31850496 102 1
copy 4511 1 85899345999 31850496 101 1
copy 4512 1 85899345999 31850496 102 1
copy 4513 1 85899346000 31850496 101 1
copy 4514 1 85899346000 31850496 102 1
copy 4515 1 85899346001 31850496 101 1
copy 4516 1 85899346001 31850496 102 1
copy 4517 1 85899346002 31850496 101 1
copy 4518 1 85899346002 31850496 102 1
copy 4519 1 85899346003 31850496 101 1
copy 4520 1 85899346003 31850496 102 1
copy 4521 1 85899346004 31850496 101 1
copy 4522 1 85899346004 31850496 102 1
copy 4523 1 85899346005 31850496 101 1
copy 4524 1 85899346005 31850496 102 1
copy 4525 1 85899346006 31850496 101 1
copy 4526 1 85899346006 31850496 102 1
copy 4527 1 85899346007 31850496 101 1
copy 4528 1 85899346007 31850496 102 1
copy 4529 1 85899346008 31850496 101 1
copy 4530 1 85899346008 31850496 102 1
copy 4531 1 85899346009 31850496 101 1
copy 4532 1 85899346009 31850496 102 1
copy 4533 1 85899346010 31850496 101 1
copy 4534 1 85899346010 31850496 102 1
copy 4535 1 85899346011 31850496 101 1
copy 4536 1 85899346011 31850496 102 1
copy 4537 1 85899346012 31850496 101 1
copy 4538 1 85899346012 31850496 102 1
copy 4539 1 85899346013 31850496 101 1
copy 4540 1 85899346013 31850496 102 1
copy 4541 1 85899346014 31850496 101 1
copy 4542 1 85899346014 31850496 102 1
copy 4543 1 85899346015 31850496 101 1
copy 4544 1 85899346015 31850496 102 1
copy 4545 1 85899346016 31850496 101 1
copy 4546 1 85899346016 31850496 102 1
copy 4547 1 85899346017 31850496 101 1
copy 4548 1 85899346017 31850496 102 1
copy 4549 1 85899346018 31850496 101 1
copy 4550 1 85899346018 31850496 102 1
copy 4551 1 85899346019 31850496 101 1
copy 4552 1 85899346019 31850496 102 1
copy 4553 1 85899346020 31850496 101 1
copy 4554 1 85899346020 31850496 102 1
copy 4555 1 85899346021 31850496 101 1
copy 4556 1 85899346021 31850496 102 1
copy 4557 1 85899346022 31850496 101 1
copy 4558 1 85899346022 31850496 102 1
copy 4559 1 85899346023 31850496 101 1
copy 4560 1 85899346023 31850496 102 1
copy 4561 1 85899346024 31850496 101 1
copy 4562 1 85899346024 31850496 102 1
copy 4563 1 85899346025 31850496 101 1
copy 4564 1 85899346025 31850496 102 1
copy 4565 1 85899346026 31850496 101 1
copy 4566 1 85899346026 31850496 102 1
copy 4567 1 85899346027 31850496 101 1
copy 4568 1 85899346027 31850496 102 1
copy 4569 1 85899346028 31850496 101 1
copy 4570 1 85899346028 31850496 102 1
copy 4571 1 85899346029 31850496 101 1
copy 4572 1 85899346029 31850496 102 1
copy 4573 1 85899346030 31850496 101 1
copy 4574 1 85899346030 31850496 102 1
copy 4575 1 85899346031 31850496 101 1
copy 4576 1 85899346031 31850496 102 1
copy 4577 1 85899346032 31850496 101 1
copy 4578 1 85899346032 31850496 102 1
copy 4579 1 85899346033 31850496 101 1
copy 4580 1 85899346033 31850496 102 1
copy 4581 1 85899346034 31850496 101 1
copy 4582 1 85899346034 31850496 102 1
copy 4583 1 85899346035 31850496 101 1
copy 4584 1 85899346035 31850496 102 1
copy 4585 1 85899346036 31850496 101 1
copy 4586 1 85899346036 31850496 102 1
copy 4587 1 85899346037 31850496 101 1
copy 4588 1 85899346037 31850496 102 1
copy 4589 1 85899346038 31850496 101 1
copy 4590 1 85899346038 31850496 102 1
copy 4591 1 85899346039 31850496 101 1
copy 4592 1 85899346039 31850496 102 1
copy 4593 1 85899346040 31850496 101 1
copy 4594 1 85899346040 31850496 102 1
copy 4595 1 85899346041 31850496 101 1
copy 4596 1 85899346041 31850496 102 1
copy 4597 1 85899346042 31850496 101 1
copy 4598 1 85899346042 31850496 102 1
copy 4599 1 85899346043 31850496 101 1
copy 4600 1 85899346043 31850496 102 1
copy 4601 1 85899346044 31850496 101 1
copy 4602 1 85899346044 31850496 102 1
copy 4603 1 85899346045 31850496 101 1
copy 4604 1 85899346045 31850496 102 1
copy 4605 1 85899346046 31850496 101 1
copy 4606 1 85899346046 31850496 102 1
copy 4607 1 85899346047 31850496 101 1
copy 4608 1 85899346047 31850496 102 1
copy 4609 1 90194313216 31850496 101 1
copy 4610 1 90194313216 31850496 102 1
copy 4611 1 90194313217 31850496 101 1
copy 4612 1 90194313217 31850496 102 1
copy 4613 1 90194313218 31850496 101 1
copy 4614 1 90194313218 31850496 102 1
copy 4615 1 90194313219 31850496 101 1
copy 4616 1 90194313219 31850496 102 1
copy 4617 1 90194313220 31850496 101 1
copy 4618 1 90194313220 31850496 102 1
copy 4619 1 90194313221 31850496 101 1
copy 4620 1 90194313221 31850496 102 1
copy 4621 1 90194313222 31850496 101 1
copy 4622 1 90194313222 31850496 102 1
copy 4623 1 90194313223 31850496 101 1
copy 4624 1 90194313223 31850496 102 1
copy 4625 1 90194313224 31850496 101 1
copy 4626 1 90194313224 31850496 102 1
copy 4627 1 90194313225 31850496 101 1
copy 4628 1 90194313225 31850496 102 1
copy 4629 1 90194313226 31850496 101 1
copy 4630 1 90194313226 31850496 102 1
copy 4631 1 90194313227 31850496 101 1
copy 4632 1 90194313227 31850496 102 1
copy 4633 1 90194313228 31850496 101 1
copy 4634 1 90194313228 31850496 102 1
copy 4635 1 90194313229 31850496 101 1
copy 4636 1 90194313229 31850496 102 1
copy 4637 1 90194313230 31850496 101 1
copy 4638 1 90194313230 31850496 102 1
copy 4639 1 90194313231 31850496 101 1
copy 4640 1 90194313231 31850496 102 1
copy 4641 1 90194313232 31850496 101 1
copy 4642 1 90194313232 31850496 102 1
copy 4643 1 90194313233 31850496 101 1
copy 4644 1 90194313233 31850496 102 1
copy 4645 1 90194313234 31850496 101 1
copy 4646 1 90194313234 31850496 102 1
copy 4647 1 90194313235 31850496 101 1
copy 4648 1 90194313235 31850496 102 1
copy 4649 1 90194313236 31850496 101 1
copy 4650 1 90194313236 31850496 102 1
copy 4651 1 90194313237 31850496 101 1
copy 4652 1 90194313237 31850496 102 1
copy 4653 1 90194313238 31850496 101 1
copy 4654 1 90194313238 31850496 102 1
copy 4655 1 90194313239 31850496 101 1
copy 4656 1 90194313239 31850496 102 1
copy 4657 1 90194313240 31850496 101 1
copy 4658 1 90194313240 31850496 102 1
copy 4659 1 90194313241 31850496 101 1
copy 4660 1 90194313241 31850496 102 1
copy 4661 1 90194313242 31850496 101 1
copy 4662 1 90194313242 31850496 102 1
copy 4663 1 90194313243 31850496 101 1
copy 4664 1 90194313243 31850496 102 1
copy 4665 1 90194313244 31850496 101 1
copy 4666 1 90194313244 31850496 102 1
copy 4667 1 90194313245 31850496 101 1
copy 4668 1 90194313245 31850496 102 1
copy 4669 1 90194313246 31850496 101 1
copy 4670 1 90194313246 31850496 102 1
copy 4671 1 90194313247 31850496 101 1
copy 4672 1 90194313247 31850496 102 1
copy 4673 1 90194313248 31850496 101 1
copy 4674 1 90194313248 31850496 102 1
copy 4675 1 90194313249 31850496 101 1
copy 4676 1 90194313249 31850496 102 1
copy 4677 1 90194313250 31850496 101 1
copy 4678 1 90194313250 31850496 102 1
copy 4679 1 90194313251 31850496 101 1
copy 4680 1 90194313251 31850496 102 1
copy 4681 1 90194313252 31850496 101 1
copy 4682 1 90194313252 31850496 102 1
copy 4683 1 90194313253 31850496 101 1
copy 4684 1 90194313253 31850496 102 1
copy 4685 1 90194313254 31850496 101 1
copy 4686 1 90194313254 31850496 102 1
copy 4687 1 90194313255 31850496 101 1
copy 4688 1 90194313255 31850496 102 1
copy 4689 1 90194313256 31850496 101 1
copy 4690 1 90194313256 31850496 102 1
copy 4691 1 90194313257 31850496 101 1
copy 4692 1 90194313257 31850496 102 1
copy 4693 1 90194313258 31850496 101 1
copy 4694 1 90194313258 31850496 102 1
copy 4695 1 90194313259 31850496 101 1
copy 4696 1 90194313259 31850496 102 1
copy 4697 1 90194313260 31850496 101 1
copy 4698 1 90194313260 31850496 102 1
copy 4699 1 90194313261 31850496 101 1
copy 4700 1 90194313261 31850496 102 1
copy 4701 1 90194313262 31850496 101 1
copy 4702 1 90194313262 31850496 102 1
copy 4703 1 90194313263 31850496 101 1
copy 4704 1 90194313263 31850496 102 1
copy 4705 1 90194313264 31850496 101 1
copy 4706 1 90194313264 31850496 102 1
copy 4707 1 90194313265 31850496 101 1
copy 4708 1 90194313265 31850496 102 1
copy 4709 1 90194313266 31850496 101 1
copy 4710 1 90194313266 31850496 102 1
copy 4711 1 90194313267 31850496 101 1
copy 4712 1 90194313267 31850496 102 1
copy 4713 1 90194313268 31850496 101 1
copy 4714 1 90194313268 31850496 102 1
copy 4715 1 90194313269 31850496 101 1
copy 4716 1 90194313269 31850496 102 1
copy 4717 1 90194313270 31850496 101 1
copy 4718 1 90194313270 31850496 102 1
copy 4719 1 90194313271 31850496 101 1
copy 4720 1 90194313271 31850496 102 1
copy 4721 1 90194313272 31850496 101 1
copy 4722 1 90194313272 31850496 102 1
copy 4723 1 90194313273 31850496 101 1
copy 4724 1 90194313273 31850496 102 1
copy 4725 1 90194313274 31850496 101 1
copy 4726 1 90194313274 31850496 102 1
copy 4727 1 90194313275 31850496 101 1
copy 4728 1 90194313275 31850496 102 1
copy 4729 1 90194313276 31850496 101 1
copy 4730 1 90194313276 31850496 102 1
copy 4731 1 90194313277 31850496 101 1
copy 4732 1 90194313277 31850496 102 1
copy 4733 1 90194313278 31850496 101 1
copy 4734 1 90194313278 31850496 102 1
copy 4735 1 90194313279 31850496 101 1
copy 4736 1 90194313279 31850496 102 1
copy 4737 1 90194313280 31850496 101 1
copy 4738 1 90194313280 31850496 102 1
copy 4739 1 90194313281 31850496 101 1
copy 4740 1 90194313281 31850496 102 1
copy 4741 1 90194313282 31850496 101 1
copy 4742 1 90194313282 31850496 102 1
copy 4743 1 90194313283 31850496 101 1
copy 4744 1 90194313283 31850496 102 1
copy 4745 1 90194313284 31850496 101 1
copy 4746 1 90194313284 31850496 102 1
copy 4747 1 90194313285 31850496 101 1
copy 4748 1 90194313285 31850496 102 1
copy 4749 1 90194313286 31850496 101 1
copy 4750 1 90194313286 31850496 102 1
copy 4751 1 90194313287 31850496 101 1
copy 4752 1 90194313287 31850496 102 1
copy 4753 1 90194313288 31850496 101 1
copy 4754 1 90194313288 31850496 102 1
copy 4755 1 90194313289 31850496 101 1
copy 4756 1 90194313289 31850496 102 1
copy 4757 1 90194313290 31850496 101 1
copy 4758 1 90194313290 31850496 102 1
copy 4759 1 90194313291 31850496 101 1
copy 4760 1 90194313291 31850496 102 1
copy 4761 1 90194313292 31850496 101 1
copy 4762 1 90194313292 31850496 102 1
copy 4763 1 90194313293 31850496 101 1
copy 4764 1 90194313293 31850496 102 1
copy 4765 1 90194313294 31850496 101 1
copy 4766 1 90194313294 31850496 102 1
copy 4767 1 90194313295 31850496 101 1
copy 4768 1 90194313295 31850496 102 1
copy 4769 1 90194313296 31850496 101 1
copy 4770 1 90194313296 31850496 102 1
copy 4771 1 90194313297 31850496 101 1
copy 4772 1 90194313297 31850496 102 1
copy 4773 1 90194313298 31850496 101 1
copy 4774 1 90194313298 31850496 102 1
copy 4775 1 90194313299 31850496 101 1
copy 4776 1 90194313299 31850496 102 1
copy 4777 1 90194313300 31850496 101 1
copy 4778 1 90194313300 31850496 102 1
copy 4779 1 90194313301 31850496 101 1
copy 4780 1 90194313301 31850496 102 1
copy 4781 1 90194313302 31850496 101 1
copy 4782 1 90194313302 31850496 102 1
copy 4783 1 90194313303 31850496 101 1
copy 4784 1 90194313303 31850496 102 1
copy 4785 1 90194313304 31850496 101 1
copy 4786 1 90194313304 31850496 102 1
copy 4787 1 90194313305 31850496 101 1
copy 4788 1 90194313305 31850496 102 1
copy 4789 1 90194313306 31850496 101 1
copy 4790 1 90194313306 31850496 102 1
copy 4791 1 90194313307 31850496 101 1
copy 4792 1 90194313307 31850496 102 1
copy 4793 1 90194313308 31850496 101 1
copy 4794 1 90194313308 31850496 102 1
copy 4795 1 90194313309 31850496 101 1
copy 4796 1 90194313309 31850496 102 1
copy 4797 1 90194313310 31850496 101 1
copy 4798 1 90194313310 31850496 102 1
copy 4799 1 90194313311 31850496 101 1
copy 4800 1 90194313311 31850496 102 1
copy 4801 1 90194313312 31850496 101 1
copy 4802 1 90194313312 31850496 102 1
copy 4803 1 90194313313 31850496 101 1
copy 4804 1 90194313313 31850496 102 1
copy 4805 1 90194313314 31850496 101 1
copy 4806 1 90194313314 31850496 102 1
copy 4807 1 90194313315 31850496 101 1
copy 4808 1 90194313315 31850496 102 1
copy 4809 1 90194313316 31850496 101 1
copy 4810 1 90194313316 31850496 102 1
copy 4811 1 90194313317 31850496 101 1
copy 4812 1 90194313317 31850496 102 1
copy 4813 1 90194313318 31850496 101 1
copy 4814 1 90194313318 31850496 102 1
copy 4815 1 90194313319 31850496 101 1
copy 4816 1 90194313319 31850496 102 1
copy 4817 1 90194313320 31850496 101 1
copy 4818 1 90194313320 31850496 102 1
copy 4819 1 90194313321 31850496 101 1
copy 4820 1 90194313321 31850496 102 1
copy 4821 1 90194313322 31850496 101 1
copy 4822 1 90194313322 31850496 102 1
copy 4823 1 90194313323 31850496 101 1
copy 4824 1 90194313323 31850496 102 1
copy 4825 1 90194313324 31850496 101 1
copy 4826 1 90194313324 31850496 102 1
copy 4827 1 90194313325 31850496 101 1
copy 4828 1 90194313325 31850496 102 1
copy 4829 1 90194313326 31850496 101 1
copy 4830 1 90194313326 31850496 102 1
copy 4831 1 90194313327 31850496 101 1
copy 4832 1 90194313327 31850496 102 1
copy 4833 1 90194313328 31850496 101 1
copy 4834 1 90194313328 31850496 102 1
copy 4835 1 90194313329 31850496 101 1
copy 4836 1 90194313329 31850496 102 1
copy 4837 1 90194313330 31850496 101 1
copy 4838 1 90194313330 31850496 102 1
copy 4839 1 90194313331 31850496 101 1
copy 4840 1 90194313331 31850496 102 1
copy 4841 1 90194313332 31850496 101 1
copy 4842 1 90194313332 31850496 102 1
copy 4843 1 90194313333 31850496 101 1
copy 4844 1 90194313333 31850496 102 1
copy 4845 1 90194313334 31850496 101 1
copy 4846 1 90194313334 31850496 102 1
copy 4847 1 90194313335 31850496 101 1
copy 4848 1 90194313335 31850496 102 1
copy 4849 1 90194313336 31850496 101 1
copy 4850 1 90194313336 31850496 102 1
copy 4851 1 90194313337 31850496 101 1
copy 4852 1 90194313337 31850496 102 1
copy 4853 1 90194313338 31850496 101 1
copy 4854 1 90194313338 31850496 102 1
copy 4855 1 90194313339 31850496 101 1
copy 4856 1 90194313339 31850496 102 1
copy 4857 1 90194313340 31850496 101 1
copy 4858 1 90194313340 31850496 102 1
copy 4859 1 90194313341 31850496 101 1
copy 4860 1 90194313341 31850496 102 1
copy 4861 1 90194313342 31850496 101 1
copy 4862 1 90194313342 31850496 102 1
copy 4863 1 90194313343 31850496 101 1
copy 4864 1 90194313343 31850496 102 1
copy 4865 1 94489280512 31850496 101 1
copy 4866 1 94489280512 31850496 102 1
copy 4867 1 94489280513 31850496 101 1
copy 4868 1 94489280513 31850496 102 1
copy 4869 1 94489280514 31850496 101 1
copy 4870 1 94489280514 31850496 102 1
copy 4871 1 94489280515 31850496 101 1
copy 4872 1 94489280515 31850496 102 1
copy 4873 1 94489280516 31850496 101 1
copy 4874 1 94489280516 31850496 102 1
copy 4875 1 94489280517 31850496 101 1
copy 4876 1 94489280517 31850496 102 1
copy 4877 1 94489280518 31850496 101 1
copy 4878 1 94489280518 31850496 102 1
copy 4879 1 94489280519 31850496 101 1
copy 4880 1 94489280519 31850496 102 1
copy 4881 1 94489280520 31850496 101 1
copy 4882 1 94489280520 31850496 102 1
copy 4883 1 94489280521 31850496 101 1
copy 4884 1 94489280521 31850496 102 1
copy 4885 1 94489280522 31850496 101 1
copy 4886 1 94489280522 31850496 102 1
copy 4887 1 94489280523 31850496 101 1
copy 4888 1 94489280523 31850496 102 1
copy 4889 1 94489280524 31850496 101 1
copy 4890 1 94489280524 31850496 102 1
copy 4891 1 94489280525 31850496 101 1
copy 4892 1 94489280525 31850496 102 1
copy 4893 1 94489280526 31850496 101 1
copy 4894 1 94489280526 31850496 102 1
copy 4895 1 94489280527 31850496 101 1
copy 4896 1 94489280527 31850496 102 1
copy 4897 1 94489280528 31850496 101 1
copy 4898 1 94489280528 31850496 102 1
copy 4899 1 94489280529 31850496 101 1
copy 4900 1 94489280529 31850496 102 1
copy 4901 1 94489280530 31850496 101 1
copy 4902 1 94489280530 31850496 102 1
copy 4903 1 94489280531 31850496 101 1
copy 4904 1 94489280531 31850496 102 1
copy 4905 1 94489280532 31850496 101 1
copy 4906 1 94489280532 31850496 102 1
copy 4907 1 94489280533 31850496 101 1
copy 4908 1 94489280533 31850496 102 1
copy 4909 1 94489280534 31850496 101 1
copy 4910 1 94489280534 31850496 102 1
copy 4911 1 94489280535 31850496 101 1
copy 4912 1 94489280535 31850496 102 1
copy 4913 1 94489280536 31850496 101 1
copy 4914 1 94489280536 31850496 102 1
copy 4915 1 94489280537 31850496 101 1
copy 4916 1 94489280537 31850496 102 1
copy 4917 1 94489280538 31850496 101 1
copy 4918 1 94489280538 31850496 102 1
copy 4919 1 94489280539 31850496 101 1
copy 4920 1 94489280539 31850496 102 1
copy 4921 1 94489280540 31850496 101 1
copy 4922 1 94489280540 31850496 102 1
copy 4923 1 94489280541 31850496 101 1
copy 4924 1 94489280541 31850496 102 1
copy 4925 1 94489280542 31850496 101 1
copy 4926 1 94489280542 31850496 102 1
copy 4927 1 94489280543 31850496 101 1
copy 4928 1 94489280543 31850496 102 1
copy 4929 1 94489280544 31850496 101 1
copy 4930 1 94489280544 31850496 102 1
copy 4931 1 94489280545 31850496 101 1
copy 4932 1 94489280545 31850496 102 1
copy 4933 1 94489280546 31850496 101 1
copy 4934 1 94489280546 31850496 102 1
copy 4935 1 94489280547 31850496 101 1
copy 4936 1 94489280547 31850496 102 1
copy 4937 1 94489280548 31850496 101 1
copy 4938 1 94489280548 31850496 102 1
copy 4939 1 94489280549 31850496 101 1
copy 4940 1 94489280549 31850496 102 1
copy 4941 1 94489280550 31850496 101 1
copy 4942 1 94489280550 31850496 102 1
copy 4943 1 94489280551 31850496 101 1
copy 4944 1 94489280551 31850496 102 1
copy 4945 1 94489280552 31850496 101 1
copy 4946 1 94489280552 31850496 102 1
copy 4947 1 94489280553 31850496 101 1
copy 4948 1 94489280553 31850496 102 1
copy 4949 1 94489280554 31850496 101 1
copy 4950 1 94489280554 31850496 102 1
copy 4951 1 94489280555 31850496 101 1
copy 4952 1 94489280555 31850496 102 1
copy 4953 1 94489280556 31850496 101 1
copy 4954 1 94489280556 31850496 102 1
copy 4955 1 94489280557 31850496 101 1
copy 4956 1 94489280557 31850496 102 1
copy 4957 1 94489280558 31850496 101 1
copy 4958 1 94489280558 31850496 102 1
copy 4959 1 94489280559 31850496 101 1
copy 4960 1 94489280559 31850496 102 1
copy 4961 1 94489280560 31850496 101 1
copy 4962 1 94489280560 31850496 102 1
copy 4963 1 94489280561 31850496 101 1
copy 4964 1 94489280561 31850496 102 1
copy 4965 1 94489280562 31850496 101 1
copy 4966 1 94489280562 31850496 102 1
copy 4967 1 94489280563 31850496 101 1
copy 4968 1 94489280563 31850496 102 1
copy 4969 1 94489280564 31850496 101 1
copy 4970 1 94489280564 31850496 102 1
copy 4971 1 94489280565 31850496 101 1
copy 4972 1 94489280565 31850496 102 1
copy 4973 1 94489280566 31850496 101 1
copy 4974 1 94489280566 31850496 102 1
copy 4975 1 94489280567 31850496 101 1
copy 4976 1 94489280567 31850496 102 1
copy 4977 1 94489280568 31850496 101 1
copy 4978 1 94489280568 31850496 102 1
copy 4979 1 94489280569 31850496 101 1
copy 4980 1 94489280569 31850496 102 1
copy 4981 1 94489280570 31850496 101 1
copy 4982 1 94489280570 31850496 102 1
copy 4983 1 94489280571 31850496 101 1
copy 4984 1 94489280571 31850496 102 1
copy 4985 1 94489280572 31850496 101 1
copy 4986 1 94489280572 31850496 102 1
copy 4987 1 94489280573 31850496 101 1
copy 4988 1 94489280573 31850496 102 1
copy 4989 1 94489280574 31850496 101 1
copy 4990 1 94489280574 31850496 102 1
copy 4991 1 94489280575 31850496 101 1
copy 4992 1 94489280575 31850496 102 1
copy 4993 1 94489280576 31850496 101 1
copy 4994 1 94489280576 31850496 102 1
copy 4995 1 94489280577 31850496 101 1
copy 4996 1 94489280577 31850496 102 1
copy 4997 1 94489280578 31850496 101 1
copy 4998 1 94489280578 31850496 102 1
copy 4999 1 94489280579 31850496 101 1
copy 5000 1 94489280579 31850496 102 1
copy 5001 1 94489280580 31850496 101 1
copy 5002 1 94489280580 31850496 102 1
copy 5003 1 94489280581 31850496 101 1
copy 5004 1 94489280581 31850496 102 1
copy 5005 1 94489280582 31850496 101 1
copy 5006 1 94489280582 31850496 102 1
copy 5007 1 94489280583 31850496 101 1
copy 5008 1 94489280583 31850496 102 1
copy 5009 1 94489280584 31850496 101 1
copy 5010 1 94489280584 31850496 102 1
copy 5011 1 94489280585 31850496 101 1
copy 5012 1 94489280585 31850496 102 1
copy 5013 1 94489280586 31850496 101 1
copy 5014 1 94489280586 31850496 102 1
copy 5015 1 94489280587 31850496 101 1
copy 5016 1 94489280587 31850496 102 1
copy 5017 1 94489280588 31850496 101 1
copy 5018 1 94489280588 31850496 102 1
copy 5019 1 94489280589 31850496 101 1
copy 5020 1 94489280589 31850496 102 1
copy 5021 1 94489280590 31850496 101 1
copy 5022 1 94489280590 31850496 102 1
copy 5023 1 94489280591 31850496 101 1
copy 5024 1 94489280591 31850496 102 1
copy 5025 1 94489280592 31850496 101 1
copy 5026 1 94489280592 31850496 102 1
copy 5027 1 94489280593 31850496 101 1
copy 5028 1 94489280593 31850496 102 1
copy 5029 1 94489280594 31850496 101 1
copy 5030 1 94489280594 31850496 102 1
copy 5031 1 94489280595 31850496 101 1
copy 5032 1 94489280595 31850496 102 1
copy 5033 1 94489280596 31850496 101 1
copy 5034 1 94489280596 31850496 102 1
copy 5035 1 94489280597 31850496 101 1
copy 5036 1 94489280597 31850496 102 1
copy 5037 1 94489280598 31850496 101 1
copy 5038 1 94489280598 31850496 102 1
copy 5039 1 94489280599 31850496 101 1
copy 5040 1 94489280599 31850496 102 1
copy 5041 1 94489280600 31850496 101 1
copy 5042 1 94489280600 31850496 102 1
copy 5043 1 94489280601 31850496 101 1
copy 5044 1 94489280601 31850496 102 1
copy 5045 1 94489280602 31850496 101 1
copy 5046 1 94489280602 31850496 102 1
copy 5047 1 94489280603 31850496 101 1
copy 5048 1 94489280603 31850496 102 1
copy 5049 1 94489280604 31850496 101 1
copy 5050 1 94489280604 31850496 102 1
copy 5051 1 94489280605 31850496 101 1
copy 5052 1 94489280605 31850496 102 1
copy 5053 1 94489280606 31850496 101 1
copy 5054 1 94489280606 31850496 102 1
copy 5055 1 94489280607 31850496 101 1
copy 5056 1 94489280607 31850496 102 1
copy 5057 1 94489280608 31850496 101 1
copy 5058 1 94489280608 31850496 102 1
copy 5059 1 94489280609 31850496 101 1
copy 5060 1 94489280609 31850496 102 1
copy 5061 1 94489280610 31850496 101 1
copy 5062 1 94489280610 31850496 102 1
copy 5063 1 94489280611 31850496 101 1
copy 5064 1 94489280611 31850496 102 1
copy 5065 1 94489280612 31850496 101 1
copy 5066 1 94489280612 31850496 102 1
copy 5067 1 94489280613 31850496 101 1
copy 5068 1 94489280613 31850496 102 1
copy 5069 1 94489280614 31850496 101 1
copy 5070 1 94489280614 31850496 102 1
copy 5071 1 94489280615 31850496 101 1
copy 5072 1 94489280615 31850496 102 1
copy 5073 1 94489280616 31850496 101 1
copy 5074 1 94489280616 31850496 102 1
copy 5075 1 94489280617 31850496 101 1
copy 5076 1 94489280617 31850496 102 1
copy 5077 1 94489280618 31850496 101 1
copy 5078 1 94489280618 31850496 102 1
copy 5079 1 94489280619 31850496 101 1
copy 5080 1 94489280619 31850496 102 1
copy 5081 1 94489280620 31850496 101 1
copy 5082 1 94489280620 31850496 102 1
copy 5083 1 94489280621 31850496 101 1
copy 5084 1 94489280621 31850496 102 1
copy 5085 1 94489280622 31850496 101 1
copy 5086 1 94489280622 31850496 102 1
copy 5087 1 94489280623 31850496 101 1
copy 5088 1 94489280623 31850496 102 1
copy 5089 1 94489280624 31850496 101 1
copy 5090 1 94489280624 31850496 102 1
copy 5091 1 94489280625 31850496 101 1
copy 5092 1 94489280625 31850496 102 1
copy 5093 1 94489280626 31850496 101 1
copy 5094 1 94489280626 31850496 102 1
copy 5095 1 94489280627 31850496 101 1
copy 5096 1 94489280627 31850496 102 1
copy 5097 1 94489280628 31850496 101 1
copy 5098 1 94489280628 31850496 102 1
copy 5099 1 94489280629 31850496 101 1
copy 5100 1 94489280629 31850496 102 1
copy 5101 1 94489280630 31850496 101 1
copy 5102 1 94489280630 31850496 102 1
copy 5103 1 94489280631 31850496 101 1
copy 5104 1 94489280631 31850496 102 1
copy 5105 1 94489280632 31850496 101 1
copy 5106 1 94489280632 31850496 102 1
copy 5107 1 94489280633 31850496 101 1
copy 5108 1 94489280633 31850496 102 1
copy 5109 1 94489280634 31850496 101 1
copy 5110 1 94489280634 31850496 102 1
copy 5111 1 94489280635 31850496 101 1
copy 5112 1 94489280635 31850496 102 1
copy 5113 1 94489280636 31850496 101 1
copy 5114 1 94489280636 31850496 102 1
copy 5115 1 94489280637 31850496 101 1
copy 5116 1 94489280637 31850496 102 1
copy 5117 1 94489280638 31850496 101 1
copy 5118 1 94489280638 31850496 102 1
copy 5119 1 94489280639 31850496 101 1
copy 5120 1 94489280639 31850496 102 1
copy 5121 1 98784247808 31850496 101 1
copy 5122 1 98784247808 31850496 102 1
copy 5123 1 98784247809 31850496 101 1
copy 5124 1 98784247809 31850496 102 1
copy 5125 1 98784247810 31850496 101 1
copy 5126 1 98784247810 31850496 102 1
copy 5127 1 98784247811 31850496 101 1
copy 5128 1 98784247811 31850496 102 1
copy 5129 1 98784247812 31850496 101 1
copy 5130 1 98784247812 31850496 102 1
copy 5131 1 98784247813 31850496 101 1
copy 5132 1 98784247813 31850496 102 1
copy 5133 1 98784247814 31850496 101 1
copy 5134 1 98784247814 31850496 102 1
copy 5135 1 98784247815 31850496 101 1
copy 5136 1 98784247815 31850496 102 1
copy 5137 1 98784247816 31850496 101 1
copy 5138 1 98784247816 31850496 102 1
copy 5139 1 98784247817 31850496 101 1
copy 5140 1 98784247817 31850496 102 1
copy 5141 1 98784247818 31850496 101 1
copy 5142 1 98784247818 31850496 102 1
copy 5143 1 98784247819 31850496 101 1
copy 5144 1 98784247819 31850496 102 1
copy 5145 1 98784247820 31850496 101 1
copy 5146 1 98784247820 31850496 102 1
copy 5147 1 98784247821 31850496 101 1
copy 5148 1 98784247821 31850496 102 1
copy 5149 1 98784247822 31850496 101 1
copy 5150 1 98784247822 31850496 102 1
copy 5151 1 98784247823 31850496 101 1
copy 5152 1 98784247823 31850496 102 1
copy 5153 1 98784247824 31850496 101 1
copy 5154 1 98784247824 31850496 102 1
copy 5155 1 98784247825 31850496 101 1
copy 5156 1 98784247825 31850496 102 1
copy 5157 1 98784247826 31850496 101 1
copy 5158 1 98784247826 31850496 102 1
copy 5159 1 98784247827 31850496 101 1
copy 5160 1 98784247827 31850496 102 1
copy 5161 1 98784247828 31850496 101 1
copy 5162 1 98784247828 31850496 102 1
copy 5163 1 98784247829 31850496 101 1
copy 5164 1 98784247829 31850496 102 1
copy 5165 1 98784247830 31850496 101 1
copy 5166 1 98784247830 31850496 102 1
copy 5167 1 98784247831 31850496 101 1
copy 5168 1 98784247831 31850496 102 1
copy 5169 1 98784247832 31850496 101 1
copy 5170 1 98784247832 31850496 102 1
copy 5171 1 98784247833 31850496 101 1
copy 5172 1 98784247833 31850496 102 1
copy 5173 1 98784247834 31850496 101 1
copy 5174 1 98784247834 31850496 102 1
copy 5175 1 98784247835 31850496 101 1
copy 5176 1 98784247835 31850496 102 1
copy 5177 1 98784247836 31850496 101 1
copy 5178 1 98784247836 31850496 102 1
copy 5179 1 98784247837 31850496 101 1
copy 5180 1 98784247837 31850496 102 1
copy 5181 1 98784247838 31850496 101 1
copy 5182 1 98784247838 31850496 102 1
copy 5183 1 98784247839 31850496 101 1
copy 5184 1 98784247839 31850496 102 1
copy 5185 1 98784247840 31850496 101 1
copy 5186 1 98784247840 31850496 102 1
copy 5187 1 98784247841 31850496 101 1
copy 5188 1 98784247841 31850496 102 1
copy 5189 1 98784247842 31850496 101 1
copy 5190 1 98784247842 31850496 102 1
copy 5191 1 98784247843 31850496 101 1
copy 5192 1 98784247843 31850496 102 1
copy 5193 1 98784247844 31850496 101 1
copy 5194 1 98784247844 31850496 102 1
copy 5195 1 98784247845 31850496 101 1
copy 5196 1 98784247845 31850496 102 1
copy 5197 1 98784247846 31850496 101 1
copy 5198 1 98784247846 31850496 102 1
copy 5199 1 98784247847 31850496 101 1
copy 5200 1 98784247847 31850496 102 1
copy 5201 1 98784247848 31850496 101 1
copy 5202 1 98784247848 31850496 102 1
copy 5203 1 98784247849 31850496 101 1
copy 5204 1 98784247849 31850496 102 1
copy 5205 1 98784247850 31850496 101 1
copy 5206 1 98784247850 31850496 102 1
copy 5207 1 98784247851 31850496 101 1
copy 5208 1 98784247851 31850496 102 1
copy 5209 1 98784247852 31850496 101 1
copy 5210 1 98784247852 31850496 102 1
copy 5211 1 98784247853 31850496 101 1
copy 5212 1 98784247853 31850496 102 1
copy 5213 1 98784247854 31850496 101 1
copy 5214 1 98784247854 31850496 102 1
copy 5215 1 98784247855 31850496 101 1
copy 5216 1 98784247855 31850496 102 1
copy 5217 1 98784247856 31850496 101 1
copy 5218 1 98784247856 31850496 102 1
copy 5219 1 98784247857 31850496 101 1
copy 5220 1 98784247857 31850496 102 1
copy 5221 1 98784247858 31850496 101 1
copy 5222 1 98784247858 31850496 102 1
copy 5223 1 98784247859 31850496 101 1
copy 5224 1 98784247859 31850496 102 1
copy 5225 1 98784247860 31850496 101 1
copy 5226 1 98784247860 31850496 102 1
copy 5227 1 98784247861 31850496 101 1
copy 5228 1 98784247861 31850496 102 1
copy 5229 1 98784247862 31850496 101 1
copy 5230 1 98784247862 31850496 102 1
copy 5231 1 98784247863 31850496 101 1
copy 5232 1 98784247863 31850496 102 1
copy 5233 1 98784247864 31850496 101 1
copy 5234 1 98784247864 31850496 102 1
copy 5235 1 98784247865 31850496 101 1
copy 5236 1 98784247865 31850496 102 1
copy 5237 1 98784247866 31850496 101 1
copy 5238 1 98784247866 31850496 102 1
copy 5239 1 98784247867 31850496 101 1
copy 5240 1 98784247867 31850496 102 1
copy 5241 1 98784247868 31850496 101 1
copy 5242 1 98784247868 31850496 102 1
copy 5243 1 98784247869 31850496 101 1
copy 5244 1 98784247869 31850496 102 1
copy 5245 1 98784247870 31850496 101 1
copy 5246 1 98784247870 31850496 102 1
copy 5247 1 98784247871 31850496 101 1
copy 5248 1 98784247871 31850496 102 1
copy 5249 1 98784247872 31850496 101 1
copy 5250 1 98784247872 31850496 102 1
copy 5251 1 98784247873 31850496 101 1
copy 5252 1 98784247873 31850496 102 1
copy 5253 1 98784247874 31850496 101 1
copy 5254 1 98784247874 31850496 102 1
copy 5255 1 98784247875 31850496 101 1
copy 5256 1 98784247875 31850496 102 1
copy 5257 1 98784247876 31850496 101 1
copy 5258 1 98784247876 31850496 102 1
copy 5259 1 98784247877 31850496 101 1
copy 5260 1 98784247877 31850496 102 1
copy 5261 1 98784247878 31850496 101 1
copy 5262 1 98784247878 31850496 102 1
copy 5263 1 98784247879 31850496 101 1
copy 5264 1 98784247879 31850496 102 1
copy 5265 1 98784247880 31850496 101 1
copy 5266 1 98784247880 31850496 102 1
copy 5267 1 98784247881 31850496 101 1
copy 5268 1 98784247881 31850496 102 1
copy 5269 1 98784247882 31850496 101 1
copy 5270 1 98784247882 31850496 102 1
copy 5271 1 98784247883 31850496 101 1
copy 5272 1 98784247883 31850496 102 1
copy 5273 1 98784247884 31850496 101 1
copy 5274 1 98784247884 31850496 102 1
copy 5275 1 98784247885 31850496 101 1
copy 5276 1 98784247885 31850496 102 1
copy 5277 1 98784247886 31850496 101 1
copy 5278 1 98784247886 31850496 102 1
copy 5279 1 98784247887 31850496 101 1
copy 5280 1 98784247887 31850496 102 1
copy 5281 1 98784247888 31850496 101 1
copy 5282 1 98784247888 31850496 102 1
copy 5283 1 98784247889 31850496 101 1
copy 5284 1 98784247889 31850496 102 1
copy 5285 1 98784247890 31850496 101 1
copy 5286 1 98784247890 31850496 102 1
copy 5287 1 98784247891 31850496 101 1
copy 5288 1 98784247891 31850496 102 1
copy 5289 1 98784247892 31850496 101 1
copy 5290 1 98784247892 31850496 102 1
copy 5291 1 98784247893 31850496 101 1
copy 5292 1 98784247893 31850496 102 1
copy 5293 1 98784247894 31850496 101 1
copy 5294 1 98784247894 31850496 102 1
copy 5295 1 98784247895 31850496 101 1
copy 5296 1 98784247895 31850496 102 1
copy 5297 1 98784247896 31850496 101 1
copy 5298 1 98784247896 31850496 102 1
copy 5299 1 98784247897 31850496 101 1
copy 5300 1 98784247897 31850496 102 1
copy 5301 1 98784247898 31850496 101 1
copy 5302 1 98784247898 31850496 102 1
copy 5303 1 98784247899 31850496 101 1
copy 5304 1 98784247899 31850496 102 1
copy 5305 1 98784247900 31850496 101 1
copy 5306 1 98784247900 31850496 102 1
copy 5307 1 98784247901 31850496 101 1
copy 5308 1 98784247901 31850496 102 1
copy 5309 1 98784247902 31850496 101 1
copy 5310 1 98784247902 31850496 102 1
copy 5311 1 98784247903 31850496 101 1
copy 5312 1 98784247903 31850496 102 1
copy 5313 1 98784247904 31850496 101 1
copy 5314 1 98784247904 31850496 102 1
copy 5315 1 98784247905 31850496 101 1
copy 5316 1 98784247905 31850496 102 1
copy 5317 1 98784247906 31850496 101 1
copy 5318 1 98784247906 31850496 102 1
copy 5319 1 98784247907 31850496 101 1
copy 5320 1 98784247907 31850496 102 1
copy 5321 1 98784247908 31850496 101 1
copy 5322 1 98784247908 31850496 102 1
copy 5323 1 98784247909 31850496 101 1
copy 5324 1 98784247909 31850496 102 1
copy 5325 1 98784247910 31850496 101 1
copy 5326 1 98784247910 31850496 102 1
copy 5327 1 98784247911 31850496 101 1
copy 5328 1 98784247911 31850496 102 1
copy 5329 1 98784247912 31850496 101 1
copy 5330 1 98784247912 31850496 102 1
copy 5331 1 98784247913 31850496 101 1
copy 5332 1 98784247913 31850496 102 1
copy 5333 1 98784247914 31850496 101 1
copy 5334 1 98784247914 31850496 102 1
copy 5335 1 98784247915 31850496 101 1
copy 5336 1 98784247915 31850496 102 1
copy 5337 1 98784247916 31850496 101 1
copy 5338 1 98784247916 31850496 102 1
copy 5339 1 98784247917 31850496 101 1
copy 5340 1 98784247917 31850496 102 1
copy 5341 1 98784247918 31850496 101 1
copy 5342 1 98784247918 31850496 102 1
copy 5343 1 98784247919 31850496 101 1
copy 5344 1 98784247919 31850496 102 1
copy 5345 1 98784247920 31850496 101 1
copy 5346 1 98784247920 31850496 102 1
copy 5347 1 98784247921 31850496 101 1
copy 5348 1 98784247921 31850496 102 1
copy 5349 1 98784247922 31850496 101 1
copy 5350 1 98784247922 31850496 102 1
copy 5351 1 98784247923 31850496 101 1
copy 5352 1 98784247923 31850496 102 1
copy 5353 1 98784247924 31850496 101 1
copy 5354 1 98784247924 31850496 102 1
copy 5355 1 98784247925 31850496 101 1
copy 5356 1 98784247925 31850496 102 1
copy 5357 1 98784247926 31850496 101 1
copy 5358 1 98784247926 31850496 102 1
copy 5359 1 98784247927 31850496 101 1
copy 5360 1 98784247927 31850496 102 1
copy 5361 1 98784247928 31850496 101 1
copy 5362 1 98784247928 31850496 102 1
copy 5363 1 98784247929 31850496 101 1
copy 5364 1 98784247929 31850496 102 1
copy 5365 1 98784247930 31850496 101 1
copy 5366 1 98784247930 31850496 102 1
copy 5367 1 98784247931 31850496 101 1
copy 5368 1 98784247931 31850496 102 1
copy 5369 1 98784247932 31850496 101 1
copy 5370 1 98784247932 31850496 102 1
copy 5371 1 98784247933 31850496 101 1
copy 5372 1 98784247933 31850496 102 1
copy 5373 1 98784247934 31850496 101 1
copy 5374 1 98784247934 31850496 102 1
copy 5375 1 98784247935 31850496 101 1
copy 5376 1 98784247935 31850496 102 1
copy 5377 1 103079215104 31850496 101 1
copy 5378 1 103079215104 31850496 102 1
copy 5379 1 103079215105 31850496 101 1
copy 5380 1 103079215105 31850496 102 1
copy 5381 1 103079215106 31850496 101 1
copy 5382 1 103079215106 31850496 102 1
copy 5383 1 103079215107 31850496 101 1
copy 5384 1 103079215107 31850496 102 1
copy 5385 1 103079215108 31850496 101 1
copy 5386 1 103079215108 31850496 102 1
copy 5387 1 103079215109 31850496 101 1
copy 5388 1 103079215109 31850496 102 1
copy 5389 1 103079215110 31850496 101 1
copy 5390 1 103079215110 31850496 102 1
copy 5391 1 103079215111 31850496 101 1
copy 5392 1 103079215111 31850496 102 1
copy 5393 1 103079215112 31850496 101 1
copy 5394 1 103079215112 31850496 102 1
copy 5395 1 103079215113 31850496 101 1
copy 5396 1 103079215113 31850496 102 1
copy 5397 1 103079215114 31850496 101 1
copy 5398 1 103079215114 31850496 102 1
copy 5399 1 103079215115 31850496 101 1
copy 5400 1 103079215115 31850496 102 1
copy 5401 1 103079215116 31850496 101 1
copy 5402 1 103079215116 31850496 102 1
copy 5403 1 103079215117 31850496 101 1
copy 5404 1 103079215117 31850496 102 1
copy 5405 1 103079215118 31850496 101 1
copy 5406 1 103079215118 31850496 102 1
copy 5407 1 103079215119 31850496 101 1
copy 5408 1 103079215119 31850496 102 1
copy 5409 1 103079215120 31850496 101 1
copy 5410 1 103079215120 31850496 102 1
copy 5411 1 103079215121 31850496 101 1
copy 5412 1 103079215121 31850496 102 1
copy 5413 1 103079215122 31850496 101 1
copy 5414 1 103079215122 31850496 102 1
copy 5415 1 103079215123 31850496 101 1
copy 5416 1 103079215123 31850496 102 1
copy 5417 1 103079215124 31850496 101 1
copy 5418 1 103079215124 31850496 102 1
copy 5419 1 103079215125 31850496 101 1
copy 5420 1 103079215125 31850496 102 1
copy 5421 1 103079215126 31850496 101 1
copy 5422 1 103079215126 31850496 102 1
copy 5423 1 103079215127 31850496 101 1
copy 5424 1 103079215127 31850496 102 1
copy 5425 1 103079215128 31850496 101 1
copy 5426 1 103079215128 31850496 102 1
copy 5427 1 103079215129 31850496 101 1
copy 5428 1 103079215129 31850496 102 1
copy 5429 1 103079215130 31850496 101 1
copy 5430 1 103079215130 31850496 102 1
copy 5431 1 103079215131 31850496 101 1
copy 5432 1 103079215131 31850496 102 1
copy 5433 1 103079215132 31850496 101 1
copy 5434 1 103079215132 31850496 102 1
copy 5435 1 103079215133 31850496 101 1
copy 5436 1 103079215133 31850496 102 1
copy 5437 1 103079215134 31850496 101 1
copy 5438 1 103079215134 31850496 102 1
copy 5439 1 103079215135 31850496 101 1
copy 5440 1 103079215135 31850496 102 1
copy 5441 1 103079215136 31850496 101 1
copy 5442 1 103079215136 31850496 102 1
copy 5443 1 103079215137 31850496 101 1
copy 5444 1 103079215137 31850496 102 1
copy 5445 1 103079215138 31850496 101 1
copy 5446 1 103079215138 31850496 102 1
copy 5447 1 103079215139 31850496 101 1
copy 5448 1 103079215139 31850496 102 1
copy 5449 1 103079215140 31850496 101 1
copy 5450 1 103079215140 31850496 102 1
copy 5451 1 103079215141 31850496 101 1
copy 5452 1 103079215141 31850496 102 1
copy 5453 1 103079215142 31850496 101 1
copy 5454 1 103079215142 31850496 102 1
copy 5455 1 103079215143 31850496 101 1
copy 5456 1 103079215143 31850496 102 1
copy 5457 1 103079215144 31850496 101 1
copy 5458 1 103079215144 31850496 102 1
copy 5459 1 103079215145 31850496 101 1
copy 5460 1 103079215145 31850496 102 1
copy 5461 1 103079215146 31850496 101 1
copy 5462 1 103079215146 31850496 102 1
copy 5463 1 103079215147 31850496 101 1
copy 5464 1 103079215147 31850496 102 1
copy 5465 1 103079215148 31850496 101 1
copy 5466 1 103079215148 31850496 102 1
copy 5467 1 103079215149 31850496 101 1
copy 5468 1 103079215149 31850496 102 1
copy 5469 1 103079215150 31850496 101 1
copy 5470 1 103079215150 31850496 102 1
copy 5471 1 103079215151 31850496 101 1
copy 5472 1 103079215151 31850496 102 1
copy 5473 1 103079215152 31850496 101 1
copy 5474 1 103079215152 31850496 102 1
copy 5475 1 103079215153 31850496 101 1
copy 5476 1 103079215153 31850496 102 1
copy 5477 1 103079215154 31850496 101 1
copy 5478 1 103079215154 31850496 102 1
copy 5479 1 103079215155 31850496 101 1
copy 5480 1 103079215155 31850496 102 1
copy 5481 1 103079215156 31850496 101 1
copy 5482 1 103079215156 31850496 102 1
copy 5483 1 103079215157 31850496 101 1
copy 5484 1 103079215157 31850496 102 1
copy 5485 1 103079215158 31850496 101 1
copy 5486 1 103079215158 31850496 102 1
copy 5487 1 103079215159 31850496 101 1
copy 5488 1 103079215159 31850496 102 1
copy 5489 1 103079215160 31850496 101 1
copy 5490 1 103079215160 31850496 102 1
copy 5491 1 103079215161 31850496 101 1
copy 5492 1 103079215161 31850496 102 1
copy 5493 1 103079215162 31850496 101 1
copy 5494 1 103079215162 31850496 102 1
copy 5495 1 103079215163 31850496 101 1
copy 5496 1 103079215163 31850496 102 1
copy 5497 1 103079215164 31850496 101 1
copy 5498 1 103079215164 31850496 102 1
copy 5499 1 103079215165 31850496 101 1
copy 5500 1 103079215165 31850496 102 1
copy 5501 1 103079215166 31850496 101 1
copy 5502 1 103079215166 31850496 102 1
copy 5503 1 103079215167 31850496 101 1
copy 5504 1 103079215167 31850496 102 1
copy 5505 1 103079215168 31850496 101 1
copy 5506 1 103079215168 31850496 102 1
copy 5507 1 103079215169 31850496 101 1
copy 5508 1 103079215169 31850496 102 1
copy 5509 1 103079215170 31850496 101 1
copy 5510 1 103079215170 31850496 102 1
copy 5511 1 103079215171 31850496 101 1
copy 5512 1 103079215171 31850496 102 1
copy 5513 1 103079215172 31850496 101 1
copy 5514 1 103079215172 31850496 102 1
copy 5515 1 103079215173 31850496 101 1
copy 5516 1 103079215173 31850496 102 1
copy 5517 1 103079215174 31850496 101 1
copy 5518 1 103079215174 31850496 102 1
copy 5519 1 103079215175 31850496 101 1
copy 5520 1 103079215175 31850496 102 1
copy 5521 1 103079215176 31850496 101 1
copy 5522 1 103079215176 31850496 102 1
copy 5523 1 103079215177 31850496 101 1
copy 5524 1 103079215177 31850496 102 1
copy 5525 1 103079215178 31850496 101 1
copy 5526 1 103079215178 31850496 102 1
copy 5527 1 103079215179 31850496 101 1
copy 5528 1 103079215179 31850496 102 1
copy 5529 1 103079215180 31850496 101 1
copy 5530 1 103079215180 31850496 102 1
copy 5531 1 103079215181 31850496 101 1
copy 5532 1 103079215181 31850496 102 1
copy 5533 1 103079215182 31850496 101 1
copy 5534 1 103079215182 31850496 102 1
copy 5535 1 103079215183 31850496 101 1
copy 5536 1 103079215183 31850496 102 1
copy 5537 1 103079215184 31850496 101 1
copy 5538 1 103079215184 31850496 102 1
copy 5539 1 103079215185 31850496 101 1
copy 5540 1 103079215185 31850496 102 1
copy 5541 1 103079215186 31850496 101 1
copy 5542 1 103079215186 31850496 102 1
copy 5543 1 103079215187 31850496 101 1
copy 5544 1 103079215187 31850496 102 1
copy 5545 1 103079215188 31850496 101 1
copy 5546 1 103079215188 31850496 102 1
copy 5547 1 103079215189 31850496 101 1
copy 5548 1 103079215189 31850496 102 1
copy 5549 1 103079215190 31850496 101 1
copy 5550 1 103079215190 31850496 102 1
copy 5551 1 103079215191 31850496 101 1
copy 5552 1 103079215191 31850496 102 1
copy 5553 1 103079215192 31850496 101 1
copy 5554 1 103079215192 31850496 102 1
copy 5555 1 103079215193 31850496 101 1
copy 5556 1 103079215193 31850496 102 1
copy 5557 1 103079215194 31850496 101 1
copy 5558 1 103079215194 31850496 102 1
copy 5559 1 103079215195 31850496 101 1
copy 5560 1 103079215195 31850496 102 1
copy 5561 1 103079215196 31850496 101 1
copy 5562 1 103079215196 31850496 102 1
copy 5563 1 103079215197 31850496 101 1
copy 5564 1 103079215197 31850496 102 1
copy 5565 1 103079215198 31850496 101 1
copy 5566 1 103079215198 31850496 102 1
copy 5567 1 103079215199 31850496 101 1
copy 5568 1 103079215199 31850496 102 1
copy 5569 1 103079215200 31850496 101 1
copy 5570 1 103079215200 31850496 102 1
copy 5571 1 103079215201 31850496 101 1
copy 5572 1 103079215201 31850496 102 1
copy 5573 1 103079215202 31850496 101 1
copy 5574 1 103079215202 31850496 102 1
copy 5575 1 103079215203 31850496 101 1
copy 5576 1 103079215203 31850496 102 1
copy 5577 1 103079215204 31850496 101 1
copy 5578 1 103079215204 31850496 102 1
copy 5579 1 103079215205 31850496 101 1
copy 5580 1 103079215205 31850496 102 1
copy 5581 1 103079215206 31850496 101 1
copy 5582 1 103079215206 31850496 102 1
copy 5583 1 103079215207 31850496 101 1
copy 5584 1 103079215207 31850496 102 1
copy 5585 1 103079215208 31850496 101 1
copy 5586 1 103079215208 31850496 102 1
copy 5587 1 103079215209 31850496 101 1
copy 5588 1 103079215209 31850496 102 1
copy 5589 1 103079215210 31850496 101 1
copy 5590 1 103079215210 31850496 102 1
copy 5591 1 103079215211 31850496 101 1
copy 5592 1 103079215211 31850496 102 1
copy 5593 1 103079215212 31850496 101 1
copy 5594 1 103079215212 31850496 102 1
copy 5595 1 103079215213 31850496 101 1
copy 5596 1 103079215213 31850496 102 1
copy 5597 1 103079215214 31850496 101 1
copy 5598 1 103079215214 31850496 102 1
copy 5599 1 103079215215 31850496 101 1
copy 5600 1 103079215215 31850496 102 1
copy 5601 1 103079215216 31850496 101 1
copy 5602 1 103079215216 31850496 102 1
copy 5603 1 103079215217 31850496 101 1
copy 5604 1 103079215217 31850496 102 1
copy 5605 1 103079215218 31850496 101 1
copy 5606 1 103079215218 31850496 102 1
copy 5607 1 103079215219 31850496 101 1
copy 5608 1 103079215219 31850496 102 1
copy 5609 1 103079215220 31850496 101 1
copy 5610 1 103079215220 31850496 102 1
copy 5611 1 103079215221 31850496 101 1
copy 5612 1 103079215221 31850496 102 1
copy 5613 1 103079215222 31850496 101 1
copy 5614 1 103079215222 31850496 102 1
copy 5615 1 103079215223 31850496 101 1
copy 5616 1 103079215223 31850496 102 1
copy 5617 1 103079215224 31850496 101 1
copy 5618 1 103079215224 31850496 102 1
copy 5619 1 103079215225 31850496 101 1
copy 5620 1 103079215225 31850496 102 1
copy 5621 1 103079215226 31850496 101 1
copy 5622 1 103079215226 31850496 102 1
copy 5623 1 103079215227 31850496 101 1
copy 5624 1 103079215227 31850496 102 1
copy 5625 1 103079215228 31850496 101 1
copy 5626 1 103079215228 31850496 102 1
copy 5627 1 103079215229 31850496 101 1
copy 5628 1 103079215229 31850496 102 1
copy 5629 1 103079215230 31850496 101 1
copy 5630 1 103079215230 31850496 102 1
copy 5631 1 103079215231 31850496 101 1
copy 5632 1 103079215231 31850496 102 1
copy 5633 1 107374182400 31850496 101 1
copy 5634 1 107374182400 31850496 102 1
copy 5635 1 107374182401 31850496 101 1
copy 5636 1 107374182401 31850496 102 1
copy 5637 1 107374182402 31850496 101 1
copy 5638 1 107374182402 31850496 102 1
copy 5639 1 107374182403 31850496 101 1
copy 5640 1 107374182403 31850496 102 1
copy 5641 1 107374182404 31850496 101 1
copy 5642 1 107374182404 31850496 102 1
copy 5643 1 107374182405 31850496 101 1
copy 5644 1 107374182405 31850496 102 1
copy 5645 1 107374182406 31850496 101 1
copy 5646 1 107374182406 31850496 102 1
copy 5647 1 107374182407 31850496 101 1
copy 5648 1 107374182407 31850496 102 1
copy 5649 1 107374182408 31850496 101 1
copy 5650 1 107374182408 31850496 102 1
copy 5651 1 107374182409 31850496 101 1
copy 5652 1 107374182409 31850496 102 1
copy 5653 1 107374182410 31850496 101 1
copy 5654 1 107374182410 31850496 102 1
copy 5655 1 107374182411 31850496 101 1
copy 5656 1 107374182411 31850496 102 1
copy 5657 1 107374182412 31850496 101 1
copy 5658 1 107374182412 31850496 102 1
copy 5659 1 107374182413 31850496 101 1
copy 5660 1 107374182413 31850496 102 1
copy 5661 1 107374182414 31850496 101 1
copy 5662 1 107374182414 31850496 102 1
copy 5663 1 107374182415 31850496 101 1
copy 5664 1 107374182415 31850496 102 1
copy 5665 1 107374182416 31850496 101 1
copy 5666 1 107374182416 31850496 102 1
copy 5667 1 107374182417 31850496 101 1
copy 5668 1 107374182417 31850496 102 1
copy 5669 1 107374182418 31850496 101 1
copy 5670 1 107374182418 31850496 102 1
copy 5671 1 107374182419 31850496 101 1
copy 5672 1 107374182419 31850496 102 1
copy 5673 1 107374182420 31850496 101 1
copy 5674 1 107374182420 31850496 102 1
copy 5675 1 107374182421 31850496 101 1
copy 5676 1 107374182421 31850496 102 1
copy 5677 1 107374182422 31850496 101 1
copy 5678 1 107374182422 31850496 102 1
copy 5679 1 107374182423 31850496 101 1
copy 5680 1 107374182423 31850496 102 1
copy 5681 1 107374182424 31850496 101 1
copy 5682 1 107374182424 31850496 102 1
copy 5683 1 107374182425 31850496 101 1
copy 5684 1 107374182425 31850496 102 1
copy 5685 1 107374182426 31850496 101 1
copy 5686 1 107374182426 31850496 102 1
copy 5687 1 107374182427 31850496 101 1
copy 5688 1 107374182427 31850496 102 1
copy 5689 1 107374182428 31850496 101 1
copy 5690 1 107374182428 31850496 102 1
copy 5691 1 107374182429 31850496 101 1
copy 5692 1 107374182429 31850496 102 1
copy 5693 1 107374182430 31850496 101 1
copy 5694 1 107374182430 31850496 102 1
copy 5695 1 107374182431 31850496 101 1
copy 5696 1 107374182431 31850496 102 1
copy 5697 1 107374182432 31850496 101 1
copy 5698 1 107374182432 31850496 102 1
copy 5699 1 107374182433 31850496 101 1
copy 5700 1 107374182433 31850496 102 1
copy 5701 1 107374182434 31850496 101 1
copy 5702 1 107374182434 31850496 102 1
copy 5703 1 107374182435 31850496 101 1
copy 5704 1 107374182435 31850496 102 1
copy 5705 1 107374182436 31850496 101 1
copy 5706 1 107374182436 31850496 102 1
copy 5707 1 107374182437 31850496 101 1
copy 5708 1 107374182437 31850496 102 1
copy 5709 1 107374182438 31850496 101 1
copy 5710 1 107374182438 31850496 102 1
copy 5711 1 107374182439 31850496 101 1
copy 5712 1 107374182439 31850496 102 1
copy 5713 1 107374182440 31850496 101 1
copy 5714 1 107374182440 31850496 102 1
copy 5715 1 107374182441 31850496 101 1
copy 5716 1 107374182441 31850496 102 1
copy 5717 1 107374182442 31850496 101 1
copy 5718 1 107374182442 31850496 102 1
copy 5719 1 107374182443 31850496 101 1
copy 5720 1 107374182443 31850496 102 1
copy 5721 1 107374182444 31850496 101 1
copy 5722 1 107374182444 31850496 102 1
copy 5723 1 107374182445 31850496 101 1
copy 5724 1 107374182445 31850496 102 1
copy 5725 1 107374182446 31850496 101 1
copy 5726 1 107374182446 31850496 102 1
copy 5727 1 107374182447 31850496 101 1
copy 5728 1 107374182447 31850496 102 1
copy 5729 1 107374182448 31850496 101 1
copy 5730 1 107374182448 31850496 102 1
copy 5731 1 107374182449 31850496 101 1
copy 5732 1 107374182449 31850496 102 1
copy 5733 1 107374182450 31850496 101 1
copy 5734 1 107374182450 31850496 102 1
copy 5735 1 107374182451 31850496 101 1
copy 5736 1 107374182451 31850496 102 1
copy 5737 1 107374182452 31850496 101 1
copy 5738 1 107374182452 31850496 102 1
copy 5739 1 107374182453 31850496 101 1
copy 5740 1 107374182453 31850496 102 1
copy 5741 1 107374182454 31850496 101 1
copy 5742 1 107374182454 31850496 102 1
copy 5743 1 107374182455 31850496 101 1
copy 5744 1 107374182455 31850496 102 1
copy 5745 1 107374182456 31850496 101 1
copy 5746 1 107374182456 31850496 102 1
copy 5747 1 107374182457 31850496 101 1
copy 5748 1 107374182457 31850496 102 1
copy 5749 1 107374182458 31850496 101 1
copy 5750 1 107374182458 31850496 102 1
copy 5751 1 107374182459 31850496 101 1
copy 5752 1 107374182459 31850496 102 1
copy 5753 1 107374182460 31850496 101 1
copy 5754 1 107374182460 31850496 102 1
copy 5755 1 107374182461 31850496 101 1
copy 5756 1 107374182461 31850496 102 1
copy 5757 1 107374182462 31850496 101 1
copy 5758 1 107374182462 31850496 102 1
copy 5759 1 107374182463 31850496 101 1
copy 5760 1 107374182463 31850496 102 1
copy 5761 1 107374182464 31850496 101 1
copy 5762 1 107374182464 31850496 102 1
copy 5763 1 107374182465 31850496 101 1
copy 5764 1 107374182465 31850496 102 1
copy 5765 1 107374182466 31850496 101 1
copy 5766 1 107374182466 31850496 102 1
copy 5767 1 107374182467 31850496 101 1
copy 5768 1 107374182467 31850496 102 1
copy 5769 1 107374182468 31850496 101 1
copy 5770 1 107374182468 31850496 102 1
copy 5771 1 107374182469 31850496 101 1
copy 5772 1 107374182469 31850496 102 1
copy 5773 1 107374182470 31850496 101 1
copy 5774 1 107374182470 31850496 102 1
copy 5775 1 107374182471 31850496 101 1
copy 5776 1 107374182471 31850496 102 1
copy 5777 1 107374182472 31850496 101 1
copy 5778 1 107374182472 31850496 102 1
copy 5779 1 107374182473 31850496 101 1
copy 5780 1 107374182473 31850496 102 1
copy 5781 1 107374182474 31850496 101 1
copy 5782 1 107374182474 31850496 102 1
copy 5783 1 107374182475 31850496 101 1
copy 5784 1 107374182475 31850496 102 1
copy 5785 1 107374182476 31850496 101 1
copy 5786 1 107374182476 31850496 102 1
copy 5787 1 107374182477 31850496 101 1
copy 5788 1 107374182477 31850496 102 1
copy 5789 1 107374182478 31850496 101 1
copy 5790 1 107374182478 31850496 102 1
copy 5791 1 107374182479 31850496 101 1
copy 5792 1 107374182479 31850496 102 1
copy 5793 1 107374182480 31850496 101 1
copy 5794 1 107374182480 31850496 102 1
copy 5795 1 107374182481 31850496 101 1
copy 5796 1 107374182481 31850496 102 1
copy 5797 1 107374182482 31850496 101 1
copy 5798 1 107374182482 31850496 102 1
copy 5799 1 107374182483 31850496 101 1
copy 5800 1 107374182483 31850496 102 1
copy 5801 1 107374182484 31850496 101 1
copy 5802 1 107374182484 31850496 102 1
copy 5803 1 107374182485 31850496 101 1
copy 5804 1 107374182485 31850496 102 1
copy 5805 1 107374182486 31850496 101 1
copy 5806 1 107374182486 31850496 102 1
copy 5807 1 107374182487 31850496 101 1
copy 5808 1 107374182487 31850496 102 1
copy 5809 1 107374182488 31850496 101 1
copy 5810 1 107374182488 31850496 102 1
copy 5811 1 107374182489 31850496 101 1
copy 5812 1 107374182489 31850496 102 1
copy 5813 1 107374182490 31850496 101 1
copy 5814 1 107374182490 31850496 102 1
copy 5815 1 107374182491 31850496 101 1
copy 5816 1 107374182491 31850496 102 1
copy 5817 1 107374182492 31850496 101 1
copy 5818 1 107374182492 31850496 102 1
copy 5819 1 107374182493 31850496 101 1
copy 5820 1 107374182493 31850496 102 1
copy 5821 1 107374182494 31850496 101 1
copy 5822 1 107374182494 31850496 102 1
copy 5823 1 107374182495 31850496 101 1
copy 5824 1 107374182495 31850496 102 1
copy 5825 1 107374182496 31850496 101 1
copy 5826 1 107374182496 31850496 102 1
copy 5827 1 107374182497 31850496 101 1
copy 5828 1 107374182497 31850496 102 1
copy 5829 1 107374182498 31850496 101 1
copy 5830 1 107374182498 31850496 102 1
copy 5831 1 107374182499 31850496 101 1
copy 5832 1 107374182499 31850496 102 1
copy 5833 1 107374182500 31850496 101 1
copy 5834 1 107374182500 31850496 102 1
copy 5835 1 107374182501 31850496 101 1
copy 5836 1 107374182501 31850496 102 1
copy 5837 1 107374182502 31850496 101 1
copy 5838 1 107374182502 31850496 102 1
copy 5839 1 107374182503 31850496 101 1
copy 5840 1 107374182503 31850496 102 1
copy 5841 1 107374182504 31850496 101 1
copy 5842 1 107374182504 31850496 102 1
copy 5843 1 107374182505 31850496 101 1
copy 5844 1 107374182505 31850496 102 1
copy 5845 1 107374182506 31850496 101 1
copy 5846 1 107374182506 31850496 102 1
copy 5847 1 107374182507 31850496 101 1
copy 5848 1 107374182507 31850496 102 1
copy 5849 1 107374182508 31850496 101 1
copy 5850 1 107374182508 31850496 102 1
copy 5851 1 107374182509 31850496 101 1
copy 5852 1 107374182509 31850496 102 1
copy 5853 1 107374182510 31850496 101 1
copy 5854 1 107374182510 31850496 102 1
copy 5855 1 107374182511 31850496 101 1
copy 5856 1 107374182511 31850496 102 1
copy 5857 1 107374182512 31850496 101 1
copy 5858 1 107374182512 31850496 102 1
copy 5859 1 107374182513 31850496 101 1
copy 5860 1 107374182513 31850496 102 1
copy 5861 1 107374182514 31850496 101 1
copy 5862 1 107374182514 31850496 102 1
copy 5863 1 107374182515 31850496 101 1
copy 5864 1 107374182515 31850496 102 1
copy 5865 1 107374182516 31850496 101 1
copy 5866 1 107374182516 31850496 102 1
copy 5867 1 107374182517 31850496 101 1
copy 5868 1 107374182517 31850496 102 1
copy 5869 1 107374182518 31850496 101 1
copy 5870 1 107374182518 31850496 102 1
copy 5871 1 107374182519 31850496 101 1
copy 5872 1 107374182519 31850496 102 1
copy 5873 1 107374182520 31850496 101 1
copy 5874 1 107374182520 31850496 102 1
copy 5875 1 107374182521 31850496 101 1
copy 5876 1 107374182521 31850496 102 1
copy 5877 1 107374182522 31850496 101 1
copy 5878 1 107374182522 31850496 102 1
copy 5879 1 107374182523 31850496 101 1
copy 5880 1 107374182523 31850496 102 1
copy 5881 1 107374182524 31850496 101 1
copy 5882 1 107374182524 31850496 102 1
copy 5883 1 107374182525 31850496 101 1
copy 5884 1 107374182525 31850496 102 1
copy 5885 1 107374182526 31850496 101 1
copy 5886 1 107374182526 31850496 102 1
copy 5887 1 107374182527 31850496 101 1
copy 5888 1 107374182527 31850496 102 1
copy 5889 1 111669149696 31850496 101 1
copy 5890 1 111669149696 31850496 102 1
copy 5891 1 111669149697 31850496 101 1
copy 5892 1 111669149697 31850496 102 1
copy 5893 1 111669149698 31850496 101 1
copy 5894 1 111669149698 31850496 102 1
copy 5895 1 111669149699 31850496 101 1
copy 5896 1 111669149699 31850496 102 1
copy 5897 1 111669149700 31850496 101 1
copy 5898 1 111669149700 31850496 102 1
copy 5899 1 111669149701 31850496 101 1
copy 5900 1 111669149701 31850496 102 1
copy 5901 1 111669149702 31850496 101 1
copy 5902 1 111669149702 31850496 102 1
copy 5903 1 111669149703 31850496 101 1
copy 5904 1 111669149703 31850496 102 1
copy 5905 1 111669149704 31850496 101 1
copy 5906 1 111669149704 31850496 102 1
copy 5907 1 111669149705 31850496 101 1
copy 5908 1 111669149705 31850496 102 1
copy 5909 1 111669149706 31850496 101 1
copy 5910 1 111669149706 31850496 102 1
copy 5911 1 111669149707 31850496 101 1
copy 5912 1 111669149707 31850496 102 1
copy 5913 1 111669149708 31850496 101 1
copy 5914 1 111669149708 31850496 102 1
copy 5915 1 111669149709 31850496 101 1
copy 5916 1 111669149709 31850496 102 1
copy 5917 1 111669149710 31850496 101 1
copy 5918 1 111669149710 31850496 102 1
copy 5919 1 111669149711 31850496 101 1
copy 5920 1 111669149711 31850496 102 1
copy 5921 1 111669149712 31850496 101 1
copy 5922 1 111669149712 31850496 102 1
copy 5923 1 111669149713 31850496 101 1
copy 5924 1 111669149713 31850496 102 1
copy 5925 1 111669149714 31850496 101 1
copy 5926 1 111669149714 31850496 102 1
copy 5927 1 111669149715 31850496 101 1
copy 5928 1 111669149715 31850496 102 1
copy 5929 1 111669149716 31850496 101 1
copy 5930 1 111669149716 31850496 102 1
copy 5931 1 111669149717 31850496 101 1
copy 5932 1 111669149717 31850496 102 1
copy 5933 1 111669149718 31850496 101 1
copy 5934 1 111669149718 31850496 102 1
copy 5935 1 111669149719 31850496 101 1
copy 5936 1 111669149719 31850496 102 1
copy 5937 1 111669149720 31850496 101 1
copy 5938 1 111669149720 31850496 102 1
copy 5939 1 111669149721 31850496 101 1
copy 5940 1 111669149721 31850496 102 1
copy 5941 1 111669149722 31850496 101 1
copy 5942 1 111669149722 31850496 102 1
copy 5943 1 111669149723 31850496 101 1
copy 5944 1 111669149723 31850496 102 1
copy 5945 1 111669149724 31850496 101 1
copy 5946 1 111669149724 31850496 102 1
copy 5947 1 111669149725 31850496 101 1
copy 5948 1 111669149725 31850496 102 1
copy 5949 1 111669149726 31850496 101 1
copy 5950 1 111669149726 31850496 102 1
copy 5951 1 111669149727 31850496 101 1
copy 5952 1 111669149727 31850496 102 1
copy 5953 1 111669149728 31850496 101 1
copy 5954 1 111669149728 31850496 102 1
copy 5955 1 111669149729 31850496 101 1
copy 5956 1 111669149729 31850496 102 1
copy 5957 1 111669149730 31850496 101 1
copy 5958 1 111669149730 31850496 102 1
copy 5959 1 111669149731 31850496 101 1
copy 5960 1 111669149731 31850496 102 1
copy 5961 1 111669149732 31850496 101 1
copy 5962 1 111669149732 31850496 102 1
copy 5963 1 111669149733 31850496 101 1
copy 5964 1 111669149733 31850496 102 1
copy 5965 1 111669149734 31850496 101 1
copy 5966 1 111669149734 31850496 102 1
copy 5967 1 111669149735 31850496 101 1
copy 5968 1 111669149735 31850496 102 1
copy 5969 1 111669149736 31850496 101 1
copy 5970 1 111669149736 31850496 102 1
copy 5971 1 111669149737 31850496 101 1
copy 5972 1 111669149737 31850496 102 1
copy 5973 1 111669149738 31850496 101 1
copy 5974 1 111669149738 31850496 102 1
copy 5975 1 111669149739 31850496 101 1
copy 5976 1 111669149739 31850496 102 1
copy 5977 1 111669149740 31850496 101 1
copy 5978 1 111669149740 31850496 102 1
copy 5979 1 111669149741 31850496 101 1
copy 5980 1 111669149741 31850496 102 1
copy 5981 1 111669149742 31850496 101 1
copy 5982 1 111669149742 31850496 102 1
copy 5983 1 111669149743 31850496 101 1
copy 5984 1 111669149743 31850496 102 1
copy 5985 1 111669149744 31850496 101 1
copy 5986 1 111669149744 31850496 102 1
copy 5987 1 111669149745 31850496 101 1
copy 5988 1 111669149745 31850496 102 1
copy 5989 1 111669149746 31850496 101 1
copy 5990 1 111669149746 31850496 102 1
copy 5991 1 111669149747 31850496 101 1
copy 5992 1 111669149747 31850496 102 1
copy 5993 1 111669149748 31850496 101 1
copy 5994 1 111669149748 31850496 102 1
copy 5995 1 111669149749 31850496 101 1
copy 5996 1 111669149749 31850496 102 1
copy 5997 1 111669149750 31850496 101 1
copy 5998 1 111669149750 31850496 102 1
copy 5999 1 111669149751 31850496 101 1
copy 6000 1 111669149751 31850496 102 1
copy 6001 1 111669149752 31850496 101 1
copy 6002 1 111669149752 31850496 102 1
copy 6003 1 111669149753 31850496 101 1
copy 6004 1 111669149753 31850496 102 1
copy 6005 1 111669149754 31850496 101 1
copy 6006 1 111669149754 31850496 102 1
copy 6007 1 111669149755 31850496 101 1
copy 6008 1 111669149755 31850496 102 1
copy 6009 1 111669149756 31850496 101 1
copy 6010 1 111669149756 31850496 102 1
copy 6011 1 111669149757 31850496 101 1
copy 6012 1 111669149757 31850496 102 1
copy 6013 1 111669149758 31850496 101 1
copy 6014 1 111669149758 31850496 102 1
copy 6015 1 111669149759 31850496 101 1
copy 6016 1 111669149759 31850496 102 1
copy 6017 1 111669149760 31850496 101 1
copy 6018 1 111669149760 31850496 102 1
copy 6019 1 111669149761 31850496 101 1
copy 6020 1 111669149761 31850496 102 1
copy 6021 1 111669149762 31850496 101 1
copy 6022 1 111669149762 31850496 102 1
copy 6023 1 111669149763 31850496 101 1
copy 6024 1 111669149763 31850496 102 1
copy 6025 1 111669149764 31850496 101 1
copy 6026 1 111669149764 31850496 102 1
copy 6027 1 111669149765 31850496 101 1
copy 6028 1 111669149765 31850496 102 1
copy 6029 1 111669149766 31850496 101 1
copy 6030 1 111669149766 31850496 102 1
copy 6031 1 111669149767 31850496 101 1
copy 6032 1 111669149767 31850496 102 1
copy 6033 1 111669149768 31850496 101 1
copy 6034 1 111669149768 31850496 102 1
copy 6035 1 111669149769 31850496 101 1
copy 6036 1 111669149769 31850496 102 1
copy 6037 1 111669149770 31850496 101 1
copy 6038 1 111669149770 31850496 102 1
copy 6039 1 111669149771 31850496 101 1
copy 6040 1 111669149771 31850496 102 1
copy 6041 1 111669149772 31850496 101 1
copy 6042 1 111669149772 31850496 102 1
copy 6043 1 111669149773 31850496 101 1
copy 6044 1 111669149773 31850496 102 1
copy 6045 1 111669149774 31850496 101 1
copy 6046 1 111669149774 31850496 102 1
copy 6047 1 111669149775 31850496 101 1
copy 6048 1 111669149775 31850496 102 1
copy 6049 1 111669149776 31850496 101 1
copy 6050 1 111669149776 31850496 102 1
copy 6051 1 111669149777 31850496 101 1
copy 6052 1 111669149777 31850496 102 1
copy 6053 1 111669149778 31850496 101 1
copy 6054 1 111669149778 31850496 102 1
copy 6055 1 111669149779 31850496 101 1
copy 6056 1 111669149779 31850496 102 1
copy 6057 1 111669149780 31850496 101 1
copy 6058 1 111669149780 31850496 102 1
copy 6059 1 111669149781 31850496 101 1
copy 6060 1 111669149781 31850496 102 1
copy 6061 1 111669149782 31850496 101 1
copy 6062 1 111669149782 31850496 102 1
copy 6063 1 111669149783 31850496 101 1
copy 6064 1 111669149783 31850496 102 1
copy 6065 1 111669149784 31850496 101 1
copy 6066 1 111669149784 31850496 102 1
copy 6067 1 111669149785 31850496 101 1
copy 6068 1 111669149785 31850496 102 1
copy 6069 1 111669149786 31850496 101 1
copy 6070 1 111669149786 31850496 102 1
copy 6071 1 111669149787 31850496 101 1
copy 6072 1 111669149787 31850496 102 1
copy 6073 1 111669149788 31850496 101 1
copy 6074 1 111669149788 31850496 102 1
copy 6075 1 111669149789 31850496 101 1
copy 6076 1 111669149789 31850496 102 1
copy 6077 1 111669149790 31850496 101 1
copy 6078 1 111669149790 31850496 102 1
copy 6079 1 111669149791 31850496 101 1
copy 6080 1 111669149791 31850496 102 1
copy 6081 1 111669149792 31850496 101 1
copy 6082 1 111669149792 31850496 102 1
copy 6083 1 111669149793 31850496 101 1
copy 6084 1 111669149793 31850496 102 1
copy 6085 1 111669149794 31850496 101 1
copy 6086 1 111669149794 31850496 102 1
copy 6087 1 111669149795 31850496 101 1
copy 6088 1 111669149795 31850496 102 1
copy 6089 1 111669149796 31850496 101 1
copy 6090 1 111669149796 31850496 102 1
copy 6091 1 111669149797 31850496 101 1
copy 6092 1 111669149797 31850496 102 1
copy 6093 1 111669149798 31850496 101 1
copy 6094 1 111669149798 31850496 102 1
copy 6095 1 111669149799 31850496 101 1
copy 6096 1 111669149799 31850496 102 1
copy 6097 1 111669149800 31850496 101 1
copy 6098 1 111669149800 31850496 102 1
copy 6099 1 111669149801 31850496 101 1
copy 6100 1 111669149801 31850496 102 1
copy 6101 1 111669149802 31850496 101 1
copy 6102 1 111669149802 31850496 102 1
copy 6103 1 111669149803 31850496 101 1
copy 6104 1 111669149803 31850496 102 1
copy 6105 1 111669149804 31850496 101 1
copy 6106 1 111669149804 31850496 102 1
copy 6107 1 111669149805 31850496 101 1
copy 6108 1 111669149805 31850496 102 1
copy 6109 1 111669149806 31850496 101 1
copy 6110 1 111669149806 31850496 102 1
copy 6111 1 111669149807 31850496 101 1
copy 6112 1 111669149807 31850496 102 1
copy 6113 1 111669149808 31850496 101 1
copy 6114 1 111669149808 31850496 102 1
copy 6115 1 111669149809 31850496 101 1
copy 6116 1 111669149809 31850496 102 1
copy 6117 1 111669149810 31850496 101 1
copy 6118 1 111669149810 31850496 102 1
copy 6119 1 111669149811 31850496 101 1
copy 6120 1 111669149811 31850496 102 1
copy 6121 1 111669149812 31850496 101 1
copy 6122 1 111669149812 31850496 102 1
copy 6123 1 111669149813 31850496 101 1
copy 6124 1 111669149813 31850496 102 1
copy 6125 1 111669149814 31850496 101 1
copy 6126 1 111669149814 31850496 102 1
copy 6127 1 111669149815 31850496 101 1
copy 6128 1 111669149815 31850496 102 1
copy 6129 1 111669149816 31850496 101 1
copy 6130 1 111669149816 31850496 102 1
copy 6131 1 111669149817 31850496 101 1
copy 6132 1 111669149817 31850496 102 1
copy 6133 1 111669149818 31850496 101 1
copy 6134 1 111669149818 31850496 102 1
copy 6135 1 111669149819 31850496 101 1
copy 6136 1 111669149819 31850496 102 1
copy 6137 1 111669149820 31850496 101 1
copy 6138 1 111669149820 31850496 102 1
copy 6139 1 111669149821 31850496 101 1
copy 6140 1 111669149821 31850496 102 1
copy 6141 1 111669149822 31850496 101 1
copy 6142 1 111669149822 31850496 102 1
copy 6143 1 111669149823 31850496 101 1
copy 6144 1 111669149823 31850496 102 1
copy 6145 1 115964116992 31850496 101 1
copy 6146 1 115964116992 31850496 102 1
copy 6147 1 115964116993 31850496 101 1
copy 6148 1 115964116993 31850496 102 1
copy 6149 1 115964116994 31850496 101 1
copy 6150 1 115964116994 31850496 102 1
copy 6151 1 115964116995 31850496 101 1
copy 6152 1 115964116995 31850496 102 1
copy 6153 1 115964116996 31850496 101 1
copy 6154 1 115964116996 31850496 102 1
copy 6155 1 115964116997 31850496 101 1
copy 6156 1 115964116997 31850496 102 1
copy 6157 1 115964116998 31850496 101 1
copy 6158 1 115964116998 31850496 102 1
copy 6159 1 115964116999 31850496 101 1
copy 6160 1 115964116999 31850496 102 1
copy 6161 1 115964117000 31850496 101 1
copy 6162 1 115964117000 31850496 102 1
copy 6163 1 115964117001 31850496 101 1
copy 6164 1 115964117001 31850496 102 1
copy 6165 1 115964117002 31850496 101 1
copy 6166 1 115964117002 31850496 102 1
copy 6167 1 115964117003 31850496 101 1
copy 6168 1 115964117003 31850496 102 1
copy 6169 1 115964117004 31850496 101 1
copy 6170 1 115964117004 31850496 102 1
copy 6171 1 115964117005 31850496 101 1
copy 6172 1 115964117005 31850496 102 1
copy 6173 1 115964117006 31850496 101 1
copy 6174 1 115964117006 31850496 102 1
copy 6175 1 115964117007 31850496 101 1
copy 6176 1 115964117007 31850496 102 1
copy 6177 1 115964117008 31850496 101 1
copy 6178 1 115964117008 31850496 102 1
copy 6179 1 115964117009 31850496 101 1
copy 6180 1 115964117009 31850496 102 1
copy 6181 1 115964117010 31850496 101 1
copy 6182 1 115964117010 31850496 102 1
copy 6183 1 115964117011 31850496 101 1
copy 6184 1 115964117011 31850496 102 1
copy 6185 1 115964117012 31850496 101 1
copy 6186 1 115964117012 31850496 102 1
copy 6187 1 115964117013 31850496 101 1
copy 6188 1 115964117013 31850496 102 1
copy 6189 1 115964117014 31850496 101 1
copy 6190 1 115964117014 31850496 102 1
copy 6191 1 115964117015 31850496 101 1
copy 6192 1 115964117015 31850496 102 1
copy 6193 1 115964117016 31850496 101 1
copy 6194 1 115964117016 31850496 102 1
copy 6195 1 115964117017 31850496 101 1
copy 6196 1 115964117017 31850496 102 1
copy 6197 1 115964117018 31850496 101 1
copy 6198 1 115964117018 31850496 102 1
copy 6199 1 115964117019 31850496 101 1
copy 6200 1 115964117019 31850496 102 1
copy 6201 1 115964117020 31850496 101 1
copy 6202 1 115964117020 31850496 102 1
copy 6203 1 115964117021 31850496 101 1
copy 6204 1 115964117021 31850496 102 1
copy 6205 1 115964117022 31850496 101 1
copy 6206 1 115964117022 31850496 102 1
copy 6207 1 115964117023 31850496 101 1
copy 6208 1 115964117023 31850496 102 1
copy 6209 1 115964117024 31850496 101 1
copy 6210 1 115964117024 31850496 102 1
copy 6211 1 115964117025 31850496 101 1
copy 6212 1 115964117025 31850496 102 1
copy 6213 1 115964117026 31850496 101 1
copy 6214 1 115964117026 31850496 102 1
copy 6215 1 115964117027 31850496 101 1
copy 6216 1 115964117027 31850496 102 1
copy 6217 1 115964117028 31850496 101 1
copy 6218 1 115964117028 31850496 102 1
copy 6219 1 115964117029 31850496 101 1
copy 6220 1 115964117029 31850496 102 1
copy 6221 1 115964117030 31850496 101 1
copy 6222 1 115964117030 31850496 102 1
copy 6223 1 115964117031 31850496 101 1
copy 6224 1 115964117031 31850496 102 1
copy 6225 1 115964117032 31850496 101 1
copy 6226 1 115964117032 31850496 102 1
copy 6227 1 115964117033 31850496 101 1
copy 6228 1 115964117033 31850496 102 1
copy 6229 1 115964117034 31850496 101 1
copy 6230 1 115964117034 31850496 102 1
copy 6231 1 115964117035 31850496 101 1
copy 6232 1 115964117035 31850496 102 1
copy 6233 1 115964117036 31850496 101 1
copy 6234 1 115964117036 31850496 102 1
copy 6235 1 115964117037 31850496 101 1
copy 6236 1 115964117037 31850496 102 1
copy 6237 1 115964117038 31850496 101 1
copy 6238 1 115964117038 31850496 102 1
copy 6239 1 115964117039 31850496 101 1
copy 6240 1 115964117039 31850496 102 1
copy 6241 1 115964117040 31850496 101 1
copy 6242 1 115964117040 31850496 102 1
copy 6243 1 115964117041 31850496 101 1
copy 6244 1 115964117041 31850496 102 1
copy 6245 1 115964117042 31850496 101 1
copy 6246 1 115964117042 31850496 102 1
copy 6247 1 115964117043 31850496 101 1
copy 6248 1 115964117043 31850496 102 1
copy 6249 1 115964117044 31850496 101 1
copy 6250 1 115964117044 31850496 102 1
copy 6251 1 115964117045 31850496 101 1
copy 6252 1 115964117045 31850496 102 1
copy 6253 1 115964117046 31850496 101 1
copy 6254 1 115964117046 31850496 102 1
copy 6255 1 115964117047 31850496 101 1
copy 6256 1 115964117047 31850496 102 1
copy 6257 1 115964117048 31850496 101 1
copy 6258 1 115964117048 31850496 102 1
copy 6259 1 115964117049 31850496 101 1
copy 6260 1 115964117049 31850496 102 1
copy 6261 1 115964117050 31850496 101 1
copy 6262 1 115964117050 31850496 102 1
copy 6263 1 115964117051 31850496 101 1
copy 6264 1 115964117051 31850496 102 1
copy 6265 1 115964117052 31850496 101 1
copy 6266 1 115964117052 31850496 102 1
copy 6267 1 115964117053 31850496 101 1
copy 6268 1 115964117053 31850496 102 1
copy 6269 1 115964117054 31850496 101 1
copy 6270 1 115964117054 31850496 102 1
copy 6271 1 115964117055 31850496 101 1
copy 6272 1 115964117055 31850496 102 1
copy 6273 1 115964117056 31850496 101 1
copy 6274 1 115964117056 31850496 102 1
copy 6275 1 115964117057 31850496 101 1
copy 6276 1 115964117057 31850496 102 1
copy 6277 1 115964117058 31850496 101 1
copy 6278 1 115964117058 31850496 102 1
copy 6279 1 115964117059 31850496 101 1
copy 6280 1 115964117059 31850496 102 1
copy 6281 1 115964117060 31850496 101 1
copy 6282 1 115964117060 31850496 102 1
copy 6283 1 115964117061 31850496 101 1
copy 6284 1 115964117061 31850496 102 1
copy 6285 1 115964117062 31850496 101 1
copy 6286 1 115964117062 31850496 102 1
copy 6287 1 115964117063 31850496 101 1
copy 6288 1 115964117063 31850496 102 1
copy 6289 1 115964117064 31850496 101 1
copy 6290 1 115964117064 31850496 102 1
copy 6291 1 115964117065 31850496 101 1
copy 6292 1 115964117065 31850496 102 1
copy 6293 1 115964117066 31850496 101 1
copy 6294 1 115964117066 31850496 102 1
copy 6295 1 115964117067 31850496 101 1
copy 6296 1 115964117067 31850496 102 1
copy 6297 1 115964117068 31850496 101 1
copy 6298 1 115964117068 31850496 102 1
copy 6299 1 115964117069 31850496 101 1
copy 6300 1 115964117069 31850496 102 1
copy 6301 1 115964117070 31850496 101 1
copy 6302 1 115964117070 31850496 102 1
copy 6303 1 115964117071 31850496 101 1
copy 6304 1 115964117071 31850496 102 1
copy 6305 1 115964117072 31850496 101 1
copy 6306 1 115964117072 31850496 102 1
copy 6307 1 115964117073 31850496 101 1
copy 6308 1 115964117073 31850496 102 1
copy 6309 1 115964117074 31850496 101 1
copy 6310 1 115964117074 31850496 102 1
copy 6311 1 115964117075 31850496 101 1
copy 6312 1 115964117075 31850496 102 1
copy 6313 1 115964117076 31850496 101 1
copy 6314 1 115964117076 31850496 102 1
copy 6315 1 115964117077 31850496 101 1
copy 6316 1 115964117077 31850496 102 1
copy 6317 1 115964117078 31850496 101 1
copy 6318 1 115964117078 31850496 102 1
copy 6319 1 115964117079 31850496 101 1
copy 6320 1 115964117079 31850496 102 1
copy 6321 1 115964117080 31850496 101 1
copy 6322 1 115964117080 31850496 102 1
copy 6323 1 115964117081 31850496 101 1
copy 6324 1 115964117081 31850496 102 1
copy 6325 1 115964117082 31850496 101 1
copy 6326 1 115964117082 31850496 102 1
copy 6327 1 115964117083 31850496 101 1
copy 6328 1 115964117083 31850496 102 1
copy 6329 1 115964117084 31850496 101 1
copy 6330 1 115964117084 31850496 102 1
copy 6331 1 115964117085 31850496 101 1
copy 6332 1 115964117085 31850496 102 1
copy 6333 1 115964117086 31850496 101 1
copy 6334 1 115964117086 31850496 102 1
copy 6335 1 115964117087 31850496 101 1
copy 6336 1 115964117087 31850496 102 1
copy 6337 1 115964117088 31850496 101 1
copy 6338 1 115964117088 31850496 102 1
copy 6339 1 115964117089 31850496 101 1
copy 6340 1 115964117089 31850496 102 1
copy 6341 1 115964117090 31850496 101 1
copy 6342 1 115964117090 31850496 102 1
copy 6343 1 115964117091 31850496 101 1
copy 6344 1 115964117091 31850496 102 1
copy 6345 1 115964117092 31850496 101 1
copy 6346 1 115964117092 31850496 102 1
copy 6347 1 115964117093 31850496 101 1
copy 6348 1 115964117093 31850496 102 1
copy 6349 1 115964117094 31850496 101 1
copy 6350 1 115964117094 31850496 102 1
copy 6351 1 115964117095 31850496 101 1
copy 6352 1 115964117095 31850496 102 1
copy 6353 1 115964117096 31850496 101 1
copy 6354 1 115964117096 31850496 102 1
copy 6355 1 115964117097 31850496 101 1
copy 6356 1 115964117097 31850496 102 1
copy 6357 1 115964117098 31850496 101 1
copy 6358 1 115964117098 31850496 102 1
copy 6359 1 115964117099 31850496 101 1
copy 6360 1 115964117099 31850496 102 1
copy 6361 1 115964117100 31850496 101 1
copy 6362 1 115964117100 31850496 102 1
copy 6363 1 115964117101 31850496 101 1
copy 6364 1 115964117101 31850496 102 1
copy 6365 1 115964117102 31850496 101 1
copy 6366 1 115964117102 31850496 102 1
copy 6367 1 115964117103 31850496 101 1
copy 6368 1 115964117103 31850496 102 1
copy 6369 1 115964117104 31850496 101 1
copy 6370 1 115964117104 31850496 102 1
copy 6371 1 115964117105 31850496 101 1
copy 6372 1 115964117105 31850496 102 1
copy 6373 1 115964117106 31850496 101 1
copy 6374 1 115964117106 31850496 102 1
copy 6375 1 115964117107 31850496 101 1
copy 6376 1 115964117107 31850496 102 1
copy 6377 1 115964117108 31850496 101 1
copy 6378 1 115964117108 31850496 102 1
copy 6379 1 115964117109 31850496 101 1
copy 6380 1 115964117109 31850496 102 1
copy 6381 1 115964117110 31850496 101 1
copy 6382 1 115964117110 31850496 102 1
copy 6383 1 115964117111 31850496 101 1
copy 6384 1 115964117111 31850496 102 1
copy 6385 1 115964117112 31850496 101 1
copy 6386 1 115964117112 31850496 102 1
copy 6387 1 115964117113 31850496 101 1
copy 6388 1 115964117113 31850496 102 1
copy 6389 1 115964117114 31850496 101 1
copy 6390 1 115964117114 31850496 102 1
copy 6391 1 115964117115 31850496 101 1
copy 6392 1 115964117115 31850496 102 1
copy 6393 1 115964117116 31850496 101 1
copy 6394 1 115964117116 31850496 102 1
copy 6395 1 115964117117 31850496 101 1
copy 6396 1 115964117117 31850496 102 1
copy 6397 1 115964117118 31850496 101 1
copy 6398 1 115964117118 31850496 102 1
copy 6399 1 115964117119 31850496 101 1
copy 6400 1 115964117119 31850496 102 1
copy 6401 1 120259084288 31850496 101 1
copy 6402 1 120259084288 31850496 102 1
copy 6403 1 120259084289 31850496 101 1
copy 6404 1 120259084289 31850496 102 1
copy 6405 1 120259084290 31850496 101 1
copy 6406 1 120259084290 31850496 102 1
copy 6407 1 120259084291 31850496 101 1
copy 6408 1 120259084291 31850496 102 1
copy 6409 1 120259084292 31850496 101 1
copy 6410 1 120259084292 31850496 102 1
copy 6411 1 120259084293 31850496 101 1
copy 6412 1 120259084293 31850496 102 1
copy 6413 1 120259084294 31850496 101 1
copy 6414 1 120259084294 31850496 102 1
copy 6415 1 120259084295 31850496 101 1
copy 6416 1 120259084295 31850496 102 1
copy 6417 1 120259084296 31850496 101 1
copy 6418 1 120259084296 31850496 102 1
copy 6419 1 120259084297 31850496 101 1
copy 6420 1 120259084297 31850496 102 1
copy 6421 1 120259084298 31850496 101 1
copy 6422 1 120259084298 31850496 102 1
copy 6423 1 120259084299 31850496 101 1
copy 6424 1 120259084299 31850496 102 1
copy 6425 1 120259084300 31850496 101 1
copy 6426 1 120259084300 31850496 102 1
copy 6427 1 120259084301 31850496 101 1
copy 6428 1 120259084301 31850496 102 1
copy 6429 1 120259084302 31850496 101 1
copy 6430 1 120259084302 31850496 102 1
copy 6431 1 120259084303 31850496 101 1
copy 6432 1 120259084303 31850496 102 1
copy 6433 1 120259084304 31850496 101 1
copy 6434 1 120259084304 31850496 102 1
copy 6435 1 120259084305 31850496 101 1
copy 6436 1 120259084305 31850496 102 1
copy 6437 1 120259084306 31850496 101 1
copy 6438 1 120259084306 31850496 102 1
copy 6439 1 120259084307 31850496 101 1
copy 6440 1 120259084307 31850496 102 1
copy 6441 1 120259084308 31850496 101 1
copy 6442 1 120259084308 31850496 102 1
copy 6443 1 120259084309 31850496 101 1
copy 6444 1 120259084309 31850496 102 1
copy 6445 1 120259084310 31850496 101 1
copy 6446 1 120259084310 31850496 102 1
copy 6447 1 120259084311 31850496 101 1
copy 6448 1 120259084311 31850496 102 1
copy 6449 1 120259084312 31850496 101 1
copy 6450 1 120259084312 31850496 102 1
copy 6451 1 120259084313 31850496 101 1
copy 6452 1 120259084313 31850496 102 1
copy 6453 1 120259084314 31850496 101 1
copy 6454 1 120259084314 31850496 102 1
copy 6455 1 120259084315 31850496 101 1
copy 6456 1 120259084315 31850496 102 1
copy 6457 1 120259084316 31850496 101 1
copy 6458 1 120259084316 31850496 102 1
copy 6459 1 120259084317 31850496 101 1
copy 6460 1 120259084317 31850496 102 1
copy 6461 1 120259084318 31850496 101 1
copy 6462 1 120259084318 31850496 102 1
copy 6463 1 120259084319 31850496 101 1
copy 6464 1 120259084319 31850496 102 1
copy 6465 1 120259084320 31850496 101 1
copy 6466 1 120259084320 31850496 102 1
copy 6467 1 120259084321 31850496 101 1
copy 6468 1 120259084321 31850496 102 1
copy 6469 1 120259084322 31850496 101 1
copy 6470 1 120259084322 31850496 102 1
copy 6471 1 120259084323 31850496 101 1
copy 6472 1 120259084323 31850496 102 1
copy 6473 1 120259084324 31850496 101 1
copy 6474 1 120259084324 31850496 102 1
copy 6475 1 120259084325 31850496 101 1
copy 6476 1 120259084325 31850496 102 1
copy 6477 1 120259084326 31850496 101 1
copy 6478 1 120259084326 31850496 102 1
copy 6479 1 120259084327 31850496 101 1
copy 6480 1 120259084327 31850496 102 1
copy 6481 1 120259084328 31850496 101 1
copy 6482 1 120259084328 31850496 102 1
copy 6483 1 120259084329 31850496 101 1
copy 6484 1 120259084329 31850496 102 1
copy 6485 1 120259084330 31850496 101 1
copy 6486 1 120259084330 31850496 102 1
copy 6487 1 120259084331 31850496 101 1
copy 6488 1 120259084331 31850496 102 1
copy 6489 1 120259084332 31850496 101 1
copy 6490 1 120259084332 31850496 102 1
copy 6491 1 120259084333 31850496 101 1
copy 6492 1 120259084333 31850496 102 1
copy 6493 1 120259084334 31850496 101 1
copy 6494 1 120259084334 31850496 102 1
copy 6495 1 120259084335 31850496 101 1
copy 6496 1 120259084335 31850496 102 1
copy 6497 1 120259084336 31850496 101 1
copy 6498 1 120259084336 31850496 102 1
copy 6499 1 120259084337 31850496 101 1
copy 6500 1 120259084337 31850496 102 1
copy 6501 1 120259084338 31850496 101 1
copy 6502 1 120259084338 31850496 102 1
copy 6503 1 120259084339 31850496 101 1
copy 6504 1 120259084339 31850496 102 1
copy 6505 1 120259084340 31850496 101 1
copy 6506 1 120259084340 31850496 102 1
copy 6507 1 120259084341 31850496 101 1
copy 6508 1 120259084341 31850496 102 1
copy 6509 1 120259084342 31850496 101 1
copy 6510 1 120259084342 31850496 102 1
copy 6511 1 120259084343 31850496 101 1
copy 6512 1 120259084343 31850496 102 1
copy 6513 1 120259084344 31850496 101 1
copy 6514 1 120259084344 31850496 102 1
copy 6515 1 120259084345 31850496 101 1
copy 6516 1 120259084345 31850496 102 1
copy 6517 1 120259084346 31850496 101 1
copy 6518 1 120259084346 31850496 102 1
copy 6519 1 120259084347 31850496 101 1
copy 6520 1 120259084347 31850496 102 1
copy 6521 1 120259084348 31850496 101 1
copy 6522 1 120259084348 31850496 102 1
copy 6523 1 120259084349 31850496 101 1
copy 6524 1 120259084349 31850496 102 1
copy 6525 1 120259084350 31850496 101 1
copy 6526 1 120259084350 31850496 102 1
copy 6527 1 120259084351 31850496 101 1
copy 6528 1 120259084351 31850496 102 1
copy 6529 1 120259084352 31850496 101 1
copy 6530 1 120259084352 31850496 102 1
copy 6531 1 120259084353 31850496 101 1
copy 6532 1 120259084353 31850496 102 1
copy 6533 1 120259084354 31850496 101 1
copy 6534 1 120259084354 31850496 102 1
copy 6535 1 120259084355 31850496 101 1
copy 6536 1 120259084355 31850496 102 1
copy 6537 1 120259084356 31850496 101 1
copy 6538 1 120259084356 31850496 102 1
copy 6539 1 120259084357 31850496 101 1
copy 6540 1 120259084357 31850496 102 1
copy 6541 1 120259084358 31850496 101 1
copy 6542 1 120259084358 31850496 102 1
copy 6543 1 120259084359 31850496 101 1
copy 6544 1 120259084359 31850496 102 1
copy 6545 1 120259084360 31850496 101 1
copy 6546 1 120259084360 31850496 102 1
copy 6547 1 120259084361 31850496 101 1
copy 6548 1 120259084361 31850496 102 1
copy 6549 1 120259084362 31850496 101 1
copy 6550 1 120259084362 31850496 102 1
copy 6551 1 120259084363 31850496 101 1
copy 6552 1 120259084363 31850496 102 1
copy 6553 1 120259084364 31850496 101 1
copy 6554 1 120259084364 31850496 102 1
copy 6555 1 120259084365 31850496 101 1
copy 6556 1 120259084365 31850496 102 1
copy 6557 1 120259084366 31850496 101 1
copy 6558 1 120259084366 31850496 102 1
copy 6559 1 120259084367 31850496 101 1
copy 6560 1 120259084367 31850496 102 1
copy 6561 1 120259084368 31850496 101 1
copy 6562 1 120259084368 31850496 102 1
copy 6563 1 120259084369 31850496 101 1
copy 6564 1 120259084369 31850496 102 1
copy 6565 1 120259084370 31850496 101 1
copy 6566 1 120259084370 31850496 102 1
copy 6567 1 120259084371 31850496 101 1
copy 6568 1 120259084371 31850496 102 1
copy 6569 1 120259084372 31850496 101 1
copy 6570 1 120259084372 31850496 102 1
copy 6571 1 120259084373 31850496 101 1
copy 6572 1 120259084373 31850496 102 1
copy 6573 1 120259084374 31850496 101 1
copy 6574 1 120259084374 31850496 102 1
copy 6575 1 120259084375 31850496 101 1
copy 6576 1 120259084375 31850496 102 1
copy 6577 1 120259084376 31850496 101 1
copy 6578 1 120259084376 31850496 102 1
copy 6579 1 120259084377 31850496 101 1
copy 6580 1 120259084377 31850496 102 1
copy 6581 1 120259084378 31850496 101 1
copy 6582 1 120259084378 31850496 102 1
copy 6583 1 120259084379 31850496 101 1
copy 6584 1 120259084379 31850496 102 1
copy 6585 1 120259084380 31850496 101 1
copy 6586 1 120259084380 31850496 102 1
copy 6587 1 120259084381 31850496 101 1
copy 6588 1 120259084381 31850496 102 1
copy 6589 1 120259084382 31850496 101 1
copy 6590 1 120259084382 31850496 102 1
copy 6591 1 120259084383 31850496 101 1
copy 6592 1 120259084383 31850496 102 1
copy 6593 1 120259084384 31850496 101 1
copy 6594 1 120259084384 31850496 102 1
copy 6595 1 120259084385 31850496 101 1
copy 6596 1 120259084385 31850496 102 1
copy 6597 1 120259084386 31850496 101 1
copy 6598 1 120259084386 31850496 102 1
copy 6599 1 120259084387 31850496 101 1
copy 6600 1 120259084387 31850496 102 1
copy 6601 1 120259084388 31850496 101 1
copy 6602 1 120259084388 31850496 102 1
copy 6603 1 120259084389 31850496 101 1
copy 6604 1 120259084389 31850496 102 1
copy 6605 1 120259084390 31850496 101 1
copy 6606 1 120259084390 31850496 102 1
copy 6607 1 120259084391 31850496 101 1
copy 6608 1 120259084391 31850496 102 1
copy 6609 1 120259084392 31850496 101 1
copy 6610 1 120259084392 31850496 102 1
copy 6611 1 120259084393 31850496 101 1
copy 6612 1 120259084393 31850496 102 1
copy 6613 1 120259084394 31850496 101 1
copy 6614 1 120259084394 31850496 102 1
copy 6615 1 120259084395 31850496 101 1
copy 6616 1 120259084395 31850496 102 1
copy 6617 1 120259084396 31850496 101 1
copy 6618 1 120259084396 31850496 102 1
copy 6619 1 120259084397 31850496 101 1
copy 6620 1 120259084397 31850496 102 1
copy 6621 1 120259084398 31850496 101 1
copy 6622 1 120259084398 31850496 102 1
copy 6623 1 120259084399 31850496 101 1
copy 6624 1 120259084399 31850496 102 1
copy 6625 1 120259084400 31850496 101 1
copy 6626 1 120259084400 31850496 102 1
copy 6627 1 120259084401 31850496 101 1
copy 6628 1 120259084401 31850496 102 1
copy 6629 1 120259084402 31850496 101 1
copy 6630 1 120259084402 31850496 102 1
copy 6631 1 120259084403 31850496 101 1
copy 6632 1 120259084403 31850496 102 1
copy 6633 1 120259084404 31850496 101 1
copy 6634 1 120259084404 31850496 102 1
copy 6635 1 120259084405 31850496 101 1
copy 6636 1 120259084405 31850496 102 1
copy 6637 1 120259084406 31850496 101 1
copy 6638 1 120259084406 31850496 102 1
copy 6639 1 120259084407 31850496 101 1
copy 6640 1 120259084407 31850496 102 1
copy 6641 1 120259084408 31850496 101 1
copy 6642 1 120259084408 31850496 102 1
copy 6643 1 120259084409 31850496 101 1
copy 6644 1 120259084409 31850496 102 1
copy 6645 1 120259084410 31850496 101 1
copy 6646 1 120259084410 31850496 102 1
copy 6647 1 120259084411 31850496 101 1
copy 6648 1 120259084411 31850496 102 1
copy 6649 1 120259084412 31850496 101 1
copy 6650 1 120259084412 31850496 102 1
copy 6651 1 120259084413 31850496 101 1
copy 6652 1 120259084413 31850496 102 1
copy 6653 1 120259084414 31850496 101 1
copy 6654 1 120259084414 31850496 102 1
copy 6655 1 120259084415 31850496 101 1
copy 6656 1 120259084415 31850496 102 1
copy 6657 1 124554051584 31850496 101 1
copy 6658 1 124554051584 31850496 102 1
copy 6659 1 124554051585 31850496 101 1
copy 6660 1 124554051585 31850496 102 1
copy 6661 1 124554051586 31850496 101 1
copy 6662 1 124554051586 31850496 102 1
copy 6663 1 124554051587 31850496 101 1
copy 6664 1 124554051587 31850496 102 1
copy 6665 1 124554051588 31850496 101 1
copy 6666 1 124554051588 31850496 102 1
copy 6667 1 124554051589 31850496 101 1
copy 6668 1 124554051589 31850496 102 1
copy 6669 1 124554051590 31850496 101 1
copy 6670 1 124554051590 31850496 102 1
copy 6671 1 124554051591 31850496 101 1
copy 6672 1 124554051591 31850496 102 1
copy 6673 1 124554051592 31850496 101 1
copy 6674 1 124554051592 31850496 102 1
copy 6675 1 124554051593 31850496 101 1
copy 6676 1 124554051593 31850496 102 1
copy 6677 1 124554051594 31850496 101 1
copy 6678 1 124554051594 31850496 102 1
copy 6679 1 124554051595 31850496 101 1
copy 6680 1 124554051595 31850496 102 1
copy 6681 1 124554051596 31850496 101 1
copy 6682 1 124554051596 31850496 102 1
copy 6683 1 124554051597 31850496 101 1
copy 6684 1 124554051597 31850496 102 1
copy 6685 1 124554051598 31850496 101 1
copy 6686 1 124554051598 31850496 102 1
copy 6687 1 124554051599 31850496 101 1
copy 6688 1 124554051599 31850496 102 1
copy 6689 1 124554051600 31850496 101 1
copy 6690 1 124554051600 31850496 102 1
copy 6691 1 124554051601 31850496 101 1
copy 6692 1 124554051601 31850496 102 1
copy 6693 1 124554051602 31850496 101 1
copy 6694 1 124554051602 31850496 102 1
copy 6695 1 124554051603 31850496 101 1
copy 6696 1 124554051603 31850496 102 1
copy 6697 1 124554051604 31850496 101 1
copy 6698 1 124554051604 31850496 102 1
copy 6699 1 124554051605 31850496 101 1
copy 6700 1 124554051605 31850496 102 1
copy 6701 1 124554051606 31850496 101 1
copy 6702 1 124554051606 31850496 102 1
copy 6703 1 124554051607 31850496 101 1
copy 6704 1 124554051607 31850496 102 1
copy 6705 1 124554051608 31850496 101 1
copy 6706 1 124554051608 31850496 102 1
copy 6707 1 124554051609 31850496 101 1
copy 6708 1 124554051609 31850496 102 1
copy 6709 1 124554051610 31850496 101 1
copy 6710 1 124554051610 31850496 102 1
copy 6711 1 124554051611 31850496 101 1
copy 6712 1 124554051611 31850496 102 1
copy 6713 1 124554051612 31850496 101 1
copy 6714 1 124554051612 31850496 102 1
copy 6715 1 124554051613 31850496 101 1
copy 6716 1 124554051613 31850496 102 1
copy 6717 1 124554051614 31850496 101 1
copy 6718 1 124554051614 31850496 102 1
copy 6719 1 124554051615 31850496 101 1
copy 6720 1 124554051615 31850496 102 1
copy 6721 1 124554051616 31850496 101 1
copy 6722 1 124554051616 31850496 102 1
copy 6723 1 124554051617 31850496 101 1
copy 6724 1 124554051617 31850496 102 1
copy 6725 1 124554051618 31850496 101 1
copy 6726 1 124554051618 31850496 102 1
copy 6727 1 124554051619 31850496 101 1
copy 6728 1 124554051619 31850496 102 1
copy 6729 1 124554051620 31850496 101 1
copy 6730 1 124554051620 31850496 102 1
copy 6731 1 124554051621 31850496 101 1
copy 6732 1 124554051621 31850496 102 1
copy 6733 1 124554051622 31850496 101 1
copy 6734 1 124554051622 31850496 102 1
copy 6735 1 124554051623 31850496 101 1
copy 6736 1 124554051623 31850496 102 1
copy 6737 1 124554051624 31850496 101 1
copy 6738 1 124554051624 31850496 102 1
copy 6739 1 124554051625 31850496 101 1
copy 6740 1 124554051625 31850496 102 1
copy 6741 1 124554051626 31850496 101 1
copy 6742 1 124554051626 31850496 102 1
copy 6743 1 124554051627 31850496 101 1
copy 6744 1 124554051627 31850496 102 1
copy 6745 1 124554051628 31850496 101 1
copy 6746 1 124554051628 31850496 102 1
copy 6747 1 124554051629 31850496 101 1
copy 6748 1 124554051629 31850496 102 1
copy 6749 1 124554051630 31850496 101 1
copy 6750 1 124554051630 31850496 102 1
copy 6751 1 124554051631 31850496 101 1
copy 6752 1 124554051631 31850496 102 1
copy 6753 1 124554051632 31850496 101 1
copy 6754 1 124554051632 31850496 102 1
copy 6755 1 124554051633 31850496 101 1
copy 6756 1 124554051633 31850496 102 1
copy 6757 1 124554051634 31850496 101 1
copy 6758 1 124554051634 31850496 102 1
copy 6759 1 124554051635 31850496 101 1
copy 6760 1 124554051635 31850496 102 1
copy 6761 1 124554051636 31850496 101 1
copy 6762 1 124554051636 31850496 102 1
copy 6763 1 124554051637 31850496 101 1
copy 6764 1 124554051637 31850496 102 1
copy 6765 1 124554051638 31850496 101 1
copy 6766 1 124554051638 31850496 102 1
copy 6767 1 124554051639 31850496 101 1
copy 6768 1 124554051639 31850496 102 1
copy 6769 1 124554051640 31850496 101 1
copy 6770 1 124554051640 31850496 102 1
copy 6771 1 124554051641 31850496 101 1
copy 6772 1 124554051641 31850496 102 1
copy 6773 1 124554051642 31850496 101 1
copy 6774 1 124554051642 31850496 102 1
copy 6775 1 124554051643 31850496 101 1
copy 6776 1 124554051643 31850496 102 1
copy 6777 1 124554051644 31850496 101 1
copy 6778 1 124554051644 31850496 102 1
copy 6779 1 124554051645 31850496 101 1
copy 6780 1 124554051645 31850496 102 1
copy 6781 1 124554051646 31850496 101 1
copy 6782 1 124554051646 31850496 102 1
copy 6783 1 124554051647 31850496 101 1
copy 6784 1 124554051647 31850496 102 1
copy 6785 1 124554051648 31850496 101 1
copy 6786 1 124554051648 31850496 102 1
copy 6787 1 124554051649 31850496 101 1
copy 6788 1 124554051649 31850496 102 1
copy 6789 1 124554051650 31850496 101 1
copy 6790 1 124554051650 31850496 102 1
copy 6791 1 124554051651 31850496 101 1
copy 6792 1 124554051651 31850496 102 1
copy 6793 1 124554051652 31850496 101 1
copy 6794 1 124554051652 31850496 102 1
copy 6795 1 124554051653 31850496 101 1
copy 6796 1 124554051653 31850496 102 1
copy 6797 1 124554051654 31850496 101 1
copy 6798 1 124554051654 31850496 102 1
copy 6799 1 124554051655 31850496 101 1
copy 6800 1 124554051655 31850496 102 1
copy 6801 1 124554051656 31850496 101 1
copy 6802 1 124554051656 31850496 102 1
copy 6803 1 124554051657 31850496 101 1
copy 6804 1 124554051657 31850496 102 1
copy 6805 1 124554051658 31850496 101 1
copy 6806 1 124554051658 31850496 102 1
copy 6807 1 124554051659 31850496 101 1
copy 6808 1 124554051659 31850496 102 1
copy 6809 1 124554051660 31850496 101 1
copy 6810 1 124554051660 31850496 102 1
copy 6811 1 124554051661 31850496 101 1
copy 6812 1 124554051661 31850496 102 1
copy 6813 1 124554051662 31850496 101 1
copy 6814 1 124554051662 31850496 102 1
copy 6815 1 124554051663 31850496 101 1
copy 6816 1 124554051663 31850496 102 1
copy 6817 1 124554051664 31850496 101 1
copy 6818 1 124554051664 31850496 102 1
copy 6819 1 124554051665 31850496 101 1
copy 6820 1 124554051665 31850496 102 1
copy 6821 1 124554051666 31850496 101 1
copy 6822 1 124554051666 31850496 102 1
copy 6823 1 124554051667 31850496 101 1
copy 6824 1 124554051667 31850496 102 1
copy 6825 1 124554051668 31850496 101 1
copy 6826 1 124554051668 31850496 102 1
copy 6827 1 124554051669 31850496 101 1
copy 6828 1 124554051669 31850496 102 1
copy 6829 1 124554051670 31850496 101 1
copy 6830 1 124554051670 31850496 102 1
copy 6831 1 124554051671 31850496 101 1
copy 6832 1 124554051671 31850496 102 1
copy 6833 1 124554051672 31850496 101 1
copy 6834 1 124554051672 31850496 102 1
copy 6835 1 124554051673 31850496 101 1
copy 6836 1 124554051673 31850496 102 1
copy 6837 1 124554051674 31850496 101 1
copy 6838 1 124554051674 31850496 102 1
copy 6839 1 124554051675 31850496 101 1
copy 6840 1 124554051675 31850496 102 1
copy 6841 1 124554051676 31850496 101 1
copy 6842 1 124554051676 31850496 102 1
copy 6843 1 124554051677 31850496 101 1
copy 6844 1 124554051677 31850496 102 1
copy 6845 1 124554051678 31850496 101 1
copy 6846 1 124554051678 31850496 102 1
copy 6847 1 124554051679 31850496 101 1
copy 6848 1 124554051679 31850496 102 1
copy 6849 1 124554051680 31850496 101 1
copy 6850 1 124554051680 31850496 102 1
copy 6851 1 124554051681 31850496 101 1
copy 6852 1 124554051681 31850496 102 1
copy 6853 1 124554051682 31850496 101 1
copy 6854 1 124554051682 31850496 102 1
copy 6855 1 124554051683 31850496 101 1
copy 6856 1 124554051683 31850496 102 1
copy 6857 1 124554051684 31850496 101 1
copy 6858 1 124554051684 31850496 102 1
copy 6859 1 124554051685 31850496 101 1
copy 6860 1 124554051685 31850496 102 1
copy 6861 1 124554051686 31850496 101 1
copy 6862 1 124554051686 31850496 102 1
copy 6863 1 124554051687 31850496 101 1
copy 6864 1 124554051687 31850496 102 1
copy 6865 1 124554051688 31850496 101 1
copy 6866 1 124554051688 31850496 102 1
copy 6867 1 124554051689 31850496 101 1
copy 6868 1 124554051689 31850496 102 1
copy 6869 1 124554051690 31850496 101 1
copy 6870 1 124554051690 31850496 102 1
copy 6871 1 124554051691 31850496 101 1
copy 6872 1 124554051691 31850496 102 1
copy 6873 1 124554051692 31850496 101 1
copy 6874 1 124554051692 31850496 102 1
copy 6875 1 124554051693 31850496 101 1
copy 6876 1 124554051693 31850496 102 1
copy 6877 1 124554051694 31850496 101 1
copy 6878 1 124554051694 31850496 102 1
copy 6879 1 124554051695 31850496 101 1
copy 6880 1 124554051695 31850496 102 1
copy 6881 1 124554051696 31850496 101 1
copy 6882 1 124554051696 31850496 102 1
copy 6883 1 124554051697 31850496 101 1
copy 6884 1 124554051697 31850496 102 1
copy 6885 1 124554051698 31850496 101 1
copy 6886 1 124554051698 31850496 102 1
copy 6887 1 124554051699 31850496 101 1
copy 6888 1 124554051699 31850496 102 1
copy 6889 1 124554051700 31850496 101 1
copy 6890 1 124554051700 31850496 102 1
copy 6891 1 124554051701 31850496 101 1
copy 6892 1 124554051701 31850496 102 1
copy 6893 1 124554051702 31850496 101 1
copy 6894 1 124554051702 31850496 102 1
copy 6895 1 124554051703 31850496 101 1
copy 6896 1 124554051703 31850496 102 1
copy 6897 1 124554051704 31850496 101 1
copy 6898 1 124554051704 31850496 102 1
copy 6899 1 124554051705 31850496 101 1
copy 6900 1 124554051705 31850496 102 1
copy 6901 1 124554051706 31850496 101 1
copy 6902 1 124554051706 31850496 102 1
copy 6903 1 124554051707 31850496 101 1
copy 6904 1 124554051707 31850496 102 1
copy 6905 1 124554051708 31850496 101 1
copy 6906 1 124554051708 31850496 102 1
copy 6907 1 124554051709 31850496 101 1
copy 6908 1 124554051709 31850496 102 1
copy 6909 1 124554051710 31850496 101 1
copy 6910 1 124554051710 31850496 102 1
copy 6911 1 124554051711 31850496 101 1
copy 6912 1 124554051711 31850496 102 1
copy 6913 1 128849018880 31850496 101 1
copy 6914 1 128849018880 31850496 102 1
copy 6915 1 128849018881 31850496 101 1
copy 6916 1 128849018881 31850496 102 1
copy 6917 1 128849018882 31850496 101 1
copy 6918 1 128849018882 31850496 102 1
copy 6919 1 128849018883 31850496 101 1
copy 6920 1 128849018883 31850496 102 1
copy 6921 1 128849018884 31850496 101 1
copy 6922 1 128849018884 31850496 102 1
copy 6923 1 128849018885 31850496 101 1
copy 6924 1 128849018885 31850496 102 1
copy 6925 1 128849018886 31850496 101 1
copy 6926 1 128849018886 31850496 102 1
copy 6927 1 128849018887 31850496 101 1
copy 6928 1 128849018887 31850496 102 1
copy 6929 1 128849018888 31850496 101 1
copy 6930 1 128849018888 31850496 102 1
copy 6931 1 128849018889 31850496 101 1
copy 6932 1 128849018889 31850496 102 1
copy 6933 1 128849018890 31850496 101 1
copy 6934 1 128849018890 31850496 102 1
copy 6935 1 128849018891 31850496 101 1
copy 6936 1 128849018891 31850496 102 1
copy 6937 1 128849018892 31850496 101 1
copy 6938 1 128849018892 31850496 102 1
copy 6939 1 128849018893 31850496 101 1
copy 6940 1 128849018893 31850496 102 1
copy 6941 1 128849018894 31850496 101 1
copy 6942 1 128849018894 31850496 102 1
copy 6943 1 128849018895 31850496 101 1
copy 6944 1 128849018895 31850496 102 1
copy 6945 1 128849018896 31850496 101 1
copy 6946 1 128849018896 31850496 102 1
copy 6947 1 128849018897 31850496 101 1
copy 6948 1 128849018897 31850496 102 1
copy 6949 1 128849018898 31850496 101 1
copy 6950 1 128849018898 31850496 102 1
copy 6951 1 128849018899 31850496 101 1
copy 6952 1 128849018899 31850496 102 1
copy 6953 1 128849018900 31850496 101 1
copy 6954 1 128849018900 31850496 102 1
copy 6955 1 128849018901 31850496 101 1
copy 6956 1 128849018901 31850496 102 1
copy 6957 1 128849018902 31850496 101 1
copy 6958 1 128849018902 31850496 102 1
copy 6959 1 128849018903 31850496 101 1
copy 6960 1 128849018903 31850496 102 1
copy 6961 1 128849018904 31850496 101 1
copy 6962 1 128849018904 31850496 102 1
copy 6963 1 128849018905 31850496 101 1
copy 6964 1 128849018905 31850496 102 1
copy 6965 1 128849018906 31850496 101 1
copy 6966 1 128849018906 31850496 102 1
copy 6967 1 128849018907 31850496 101 1
copy 6968 1 128849018907 31850496 102 1
copy 6969 1 128849018908 31850496 101 1
copy 6970 1 128849018908 31850496 102 1
copy 6971 1 128849018909 31850496 101 1
copy 6972 1 128849018909 31850496 102 1
copy 6973 1 128849018910 31850496 101 1
copy 6974 1 128849018910 31850496 102 1
copy 6975 1 128849018911 31850496 101 1
copy 6976 1 128849018911 31850496 102 1
copy 6977 1 128849018912 31850496 101 1
copy 6978 1 128849018912 31850496 102 1
copy 6979 1 128849018913 31850496 101 1
copy 6980 1 128849018913 31850496 102 1
copy 6981 1 128849018914 31850496 101 1
copy 6982 1 128849018914 31850496 102 1
copy 6983 1 128849018915 31850496 101 1
copy 6984 1 128849018915 31850496 102 1
copy 6985 1 128849018916 31850496 101 1
copy 6986 1 128849018916 31850496 102 1
copy 6987 1 128849018917 31850496 101 1
copy 6988 1 128849018917 31850496 102 1
copy 6989 1 128849018918 31850496 101 1
copy 6990 1 128849018918 31850496 102 1
copy 6991 1 128849018919 31850496 101 1
copy 6992 1 128849018919 31850496 102 1
copy 6993 1 128849018920 31850496 101 1
copy 6994 1 128849018920 31850496 102 1
copy 6995 1 128849018921 31850496 101 1
copy 6996 1 128849018921 31850496 102 1
copy 6997 1 128849018922 31850496 101 1
copy 6998 1 128849018922 31850496 102 1
copy 6999 1 128849018923 31850496 101 1
copy 7000 1 128849018923 31850496 102 1
copy 7001 1 128849018924 31850496 101 1
copy 7002 1 128849018924 31850496 102 1
copy 7003 1 128849018925 31850496 101 1
copy 7004 1 128849018925 31850496 102 1
copy 7005 1 128849018926 31850496 101 1
copy 7006 1 128849018926 31850496 102 1
copy 7007 1 128849018927 31850496 101 1
copy 7008 1 128849018927 31850496 102 1
copy 7009 1 128849018928 31850496 101 1
copy 7010 1 128849018928 31850496 102 1
copy 7011 1 128849018929 31850496 101 1
copy 7012 1 128849018929 31850496 102 1
copy 7013 1 128849018930 31850496 101 1
copy 7014 1 128849018930 31850496 102 1
copy 7015 1 128849018931 31850496 101 1
copy 7016 1 128849018931 31850496 102 1
copy 7017 1 128849018932 31850496 101 1
copy 7018 1 128849018932 31850496 102 1
copy 7019 1 128849018933 31850496 101 1
copy 7020 1 128849018933 31850496 102 1
copy 7021 1 128849018934 31850496 101 1
copy 7022 1 128849018934 31850496 102 1
copy 7023 1 128849018935 31850496 101 1
copy 7024 1 128849018935 31850496 102 1
copy 7025 1 128849018936 31850496 101 1
copy 7026 1 128849018936 31850496 102 1
copy 7027 1 128849018937 31850496 101 1
copy 7028 1 128849018937 31850496 102 1
copy 7029 1 128849018938 31850496 101 1
copy 7030 1 128849018938 31850496 102 1
copy 7031 1 128849018939 31850496 101 1
copy 7032 1 128849018939 31850496 102 1
copy 7033 1 128849018940 31850496 101 1
copy 7034 1 128849018940 31850496 102 1
copy 7035 1 128849018941 31850496 101 1
copy 7036 1 128849018941 31850496 102 1
copy 7037 1 128849018942 31850496 101 1
copy 7038 1 128849018942 31850496 102 1
copy 7039 1 128849018943 31850496 101 1
copy 7040 1 128849018943 31850496 102 1
copy 7041 1 128849018944 31850496 101 1
copy 7042 1 128849018944 31850496 102 1
copy 7043 1 128849018945 31850496 101 1
copy 7044 1 128849018945 31850496 102 1
copy 7045 1 128849018946 31850496 101 1
copy 7046 1 128849018946 31850496 102 1
copy 7047 1 128849018947 31850496 101 1
copy 7048 1 128849018947 31850496 102 1
copy 7049 1 128849018948 31850496 101 1
copy 7050 1 128849018948 31850496 102 1
copy 7051 1 128849018949 31850496 101 1
copy 7052 1 128849018949 31850496 102 1
copy 7053 1 128849018950 31850496 101 1
copy 7054 1 128849018950 31850496 102 1
copy 7055 1 128849018951 31850496 101 1
copy 7056 1 128849018951 31850496 102 1
copy 7057 1 128849018952 31850496 101 1
copy 7058 1 128849018952 31850496 102 1
copy 7059 1 128849018953 31850496 101 1
copy 7060 1 128849018953 31850496 102 1
copy 7061 1 128849018954 31850496 101 1
copy 7062 1 128849018954 31850496 102 1
copy 7063 1 128849018955 31850496 101 1
copy 7064 1 128849018955 31850496 102 1
copy 7065 1 128849018956 31850496 101 1
copy 7066 1 128849018956 31850496 102 1
copy 7067 1 128849018957 31850496 101 1
copy 7068 1 128849018957 31850496 102 1
copy 7069 1 128849018958 31850496 101 1
copy 7070 1 128849018958 31850496 102 1
copy 7071 1 128849018959 31850496 101 1
copy 7072 1 128849018959 31850496 102 1
copy 7073 1 128849018960 31850496 101 1
copy 7074 1 128849018960 31850496 102 1
copy 7075 1 128849018961 31850496 101 1
copy 7076 1 128849018961 31850496 102 1
copy 7077 1 128849018962 31850496 101 1
copy 7078 1 128849018962 31850496 102 1
copy 7079 1 128849018963 31850496 101 1
copy 7080 1 128849018963 31850496 102 1
copy 7081 1 128849018964 31850496 101 1
copy 7082 1 128849018964 31850496 102 1
copy 7083 1 128849018965 31850496 101 1
copy 7084 1 128849018965 31850496 102 1
copy 7085 1 128849018966 31850496 101 1
copy 7086 1 128849018966 31850496 102 1
copy 7087 1 128849018967 31850496 101 1
copy 7088 1 128849018967 31850496 102 1
copy 7089 1 128849018968 31850496 101 1
copy 7090 1 128849018968 31850496 102 1
copy 7091 1 128849018969 31850496 101 1
copy 7092 1 128849018969 31850496 102 1
copy 7093 1 128849018970 31850496 101 1
copy 7094 1 128849018970 31850496 102 1
copy 7095 1 128849018971 31850496 101 1
copy 7096 1 128849018971 31850496 102 1
copy 7097 1 128849018972 31850496 101 1
copy 7098 1 128849018972 31850496 102 1
copy 7099 1 128849018973 31850496 101 1
copy 7100 1 128849018973 31850496 102 1
copy 7101 1 128849018974 31850496 101 1
copy 7102 1 128849018974 31850496 102 1
copy 7103 1 128849018975 31850496 101 1
copy 7104 1 128849018975 31850496 102 1
copy 7105 1 128849018976 31850496 101 1
copy 7106 1 128849018976 31850496 102 1
copy 7107 1 128849018977 31850496 101 1
copy 7108 1 128849018977 31850496 102 1
copy 7109 1 128849018978 31850496 101 1
copy 7110 1 128849018978 31850496 102 1
copy 7111 1 128849018979 31850496 101 1
copy 7112 1 128849018979 31850496 102 1
copy 7113 1 128849018980 31850496 101 1
copy 7114 1 128849018980 31850496 102 1
copy 7115 1 128849018981 31850496 101 1
copy 7116 1 128849018981 31850496 102 1
copy 7117 1 128849018982 31850496 101 1
copy 7118 1 128849018982 31850496 102 1
copy 7119 1 128849018983 31850496 101 1
copy 7120 1 128849018983 31850496 102 1
copy 7121 1 128849018984 31850496 101 1
copy 7122 1 128849018984 31850496 102 1
copy 7123 1 128849018985 31850496 101 1
copy 7124 1 128849018985 31850496 102 1
copy 7125 1 128849018986 31850496 101 1
copy 7126 1 128849018986 31850496 102 1
copy 7127 1 128849018987 31850496 101 1
copy 7128 1 128849018987 31850496 102 1
copy 7129 1 128849018988 31850496 101 1
copy 7130 1 128849018988 31850496 102 1
copy 7131 1 128849018989 31850496 101 1
copy 7132 1 128849018989 31850496 102 1
copy 7133 1 128849018990 31850496 101 1
copy 7134 1 128849018990 31850496 102 1
copy 7135 1 128849018991 31850496 101 1
copy 7136 1 128849018991 31850496 102 1
copy 7137 1 128849018992 31850496 101 1
copy 7138 1 128849018992 31850496 102 1
copy 7139 1 128849018993 31850496 101 1
copy 7140 1 128849018993 31850496 102 1
copy 7141 1 128849018994 31850496 101 1
copy 7142 1 128849018994 31850496 102 1
copy 7143 1 128849018995 31850496 101 1
copy 7144 1 128849018995 31850496 102 1
copy 7145 1 128849018996 31850496 101 1
copy 7146 1 128849018996 31850496 102 1
copy 7147 1 128849018997 31850496 101 1
copy 7148 1 128849018997 31850496 102 1
copy 7149 1 128849018998 31850496 101 1
copy 7150 1 128849018998 31850496 102 1
copy 7151 1 128849018999 31850496 101 1
copy 7152 1 128849018999 31850496 102 1
copy 7153 1 128849019000 31850496 101 1
copy 7154 1 128849019000 31850496 102 1
copy 7155 1 128849019001 31850496 101 1
copy 7156 1 128849019001 31850496 102 1
copy 7157 1 128849019002 31850496 101 1
copy 7158 1 128849019002 31850496 102 1
copy 7159 1 128849019003 31850496 101 1
copy 7160 1 128849019003 31850496 102 1
copy 7161 1 128849019004 31850496 101 1
copy 7162 1 128849019004 31850496 102 1
copy 7163 1 128849019005 31850496 101 1
copy 7164 1 128849019005 31850496 102 1
copy 7165 1 128849019006 31850496 101 1
copy 7166 1 128849019006 31850496 102 1
copy 7167 1 128849019007 31850496 101 1
copy 7168 1 128849019007 31850496 102 1
copy 7169 1 133143986176 31850496 101 1
copy 7170 1 133143986176 31850496 102 1
copy 7171 1 133143986177 31850496 101 1
copy 7172 1 133143986177 31850496 102 1
copy 7173 1 133143986178 31850496 101 1
copy 7174 1 133143986178 31850496 102 1
copy 7175 1 133143986179 31850496 101 1
copy 7176 1 133143986179 31850496 102 1
copy 7177 1 133143986180 31850496 101 1
copy 7178 1 133143986180 31850496 102 1
copy 7179 1 133143986181 31850496 101 1
copy 7180 1 133143986181 31850496 102 1
copy 7181 1 133143986182 31850496 101 1
copy 7182 1 133143986182 31850496 102 1
copy 7183 1 133143986183 31850496 101 1
copy 7184 1 133143986183 31850496 102 1
copy 7185 1 133143986184 31850496 101 1
copy 7186 1 133143986184 31850496 102 1
copy 7187 1 133143986185 31850496 101 1
copy 7188 1 133143986185 31850496 102 1
copy 7189 1 133143986186 31850496 101 1
copy 7190 1 133143986186 31850496 102 1
copy 7191 1 133143986187 31850496 101 1
copy 7192 1 133143986187 31850496 102 1
copy 7193 1 133143986188 31850496 101 1
copy 7194 1 133143986188 31850496 102 1
copy 7195 1 133143986189 31850496 101 1
copy 7196 1 133143986189 31850496 102 1
copy 7197 1 133143986190 31850496 101 1
copy 7198 1 133143986190 31850496 102 1
copy 7199 1 133143986191 31850496 101 1
copy 7200 1 133143986191 31850496 102 1
copy 7201 1 133143986192 31850496 101 1
copy 7202 1 133143986192 31850496 102 1
copy 7203 1 133143986193 31850496 101 1
copy 7204 1 133143986193 31850496 102 1
copy 7205 1 133143986194 31850496 101 1
copy 7206 1 133143986194 31850496 102 1
copy 7207 1 133143986195 31850496 101 1
copy 7208 1 133143986195 31850496 102 1
copy 7209 1 133143986196 31850496 101 1
copy 7210 1 133143986196 31850496 102 1
copy 7211 1 133143986197 31850496 101 1
copy 7212 1 133143986197 31850496 102 1
copy 7213 1 133143986198 31850496 101 1
copy 7214 1 133143986198 31850496 102 1
copy 7215 1 133143986199 31850496 101 1
copy 7216 1 133143986199 31850496 102 1
copy 7217 1 133143986200 31850496 101 1
copy 7218 1 133143986200 31850496 102 1
copy 7219 1 133143986201 31850496 101 1
copy 7220 1 133143986201 31850496 102 1
copy 7221 1 133143986202 31850496 101 1
copy 7222 1 133143986202 31850496 102 1
copy 7223 1 133143986203 31850496 101 1
copy 7224 1 133143986203 31850496 102 1
copy 7225 1 133143986204 31850496 101 1
copy 7226 1 133143986204 31850496 102 1
copy 7227 1 133143986205 31850496 101 1
copy 7228 1 133143986205 31850496 102 1
copy 7229 1 133143986206 31850496 101 1
copy 7230 1 133143986206 31850496 102 1
copy 7231 1 133143986207 31850496 101 1
copy 7232 1 133143986207 31850496 102 1
copy 7233 1 133143986208 31850496 101 1
copy 7234 1 133143986208 31850496 102 1
copy 7235 1 133143986209 31850496 101 1
copy 7236 1 133143986209 31850496 102 1
copy 7237 1 133143986210 31850496 101 1
copy 7238 1 133143986210 31850496 102 1
copy 7239 1 133143986211 31850496 101 1
copy 7240 1 133143986211 31850496 102 1
copy 7241 1 133143986212 31850496 101 1
copy 7242 1 133143986212 31850496 102 1
copy 7243 1 133143986213 31850496 101 1
copy 7244 1 133143986213 31850496 102 1
copy 7245 1 133143986214 31850496 101 1
copy 7246 1 133143986214 31850496 102 1
copy 7247 1 133143986215 31850496 101 1
copy 7248 1 133143986215 31850496 102 1
copy 7249 1 133143986216 31850496 101 1
copy 7250 1 133143986216 31850496 102 1
copy 7251 1 133143986217 31850496 101 1
copy 7252 1 133143986217 31850496 102 1
copy 7253 1 133143986218 31850496 101 1
copy 7254 1 133143986218 31850496 102 1
copy 7255 1 133143986219 31850496 101 1
copy 7256 1 133143986219 31850496 102 1
copy 7257 1 133143986220 31850496 101 1
copy 7258 1 133143986220 31850496 102 1
copy 7259 1 133143986221 31850496 101 1
copy 7260 1 133143986221 31850496 102 1
copy 7261 1 133143986222 31850496 101 1
copy 7262 1 133143986222 31850496 102 1
copy 7263 1 133143986223 31850496 101 1
copy 7264 1 133143986223 31850496 102 1
copy 7265 1 133143986224 31850496 101 1
copy 7266 1 133143986224 31850496 102 1
copy 7267 1 133143986225 31850496 101 1
copy 7268 1 133143986225 31850496 102 1
copy 7269 1 133143986226 31850496 101 1
copy 7270 1 133143986226 31850496 102 1
copy 7271 1 133143986227 31850496 101 1
copy 7272 1 133143986227 31850496 102 1
copy 7273 1 133143986228 31850496 101 1
copy 7274 1 133143986228 31850496 102 1
copy 7275 1 133143986229 31850496 101 1
copy 7276 1 133143986229 31850496 102 1
copy 7277 1 133143986230 31850496 101 1
copy 7278 1 133143986230 31850496 102 1
copy 7279 1 133143986231 31850496 101 1
copy 7280 1 133143986231 31850496 102 1
copy 7281 1 133143986232 31850496 101 1
copy 7282 1 133143986232 31850496 102 1
copy 7283 1 133143986233 31850496 101 1
copy 7284 1 133143986233 31850496 102 1
copy 7285 1 133143986234 31850496 101 1
copy 7286 1 133143986234 31850496 102 1
copy 7287 1 133143986235 31850496 101 1
copy 7288 1 133143986235 31850496 102 1
copy 7289 1 133143986236 31850496 101 1
copy 7290 1 133143986236 31850496 102 1
copy 7291 1 133143986237 31850496 101 1
copy 7292 1 133143986237 31850496 102 1
copy 7293 1 133143986238 31850496 101 1
copy 7294 1 133143986238 31850496 102 1
copy 7295 1 133143986239 31850496 101 1
copy 7296 1 133143986239 31850496 102 1
copy 7297 1 133143986240 31850496 101 1
copy 7298 1 133143986240 31850496 102 1
copy 7299 1 133143986241 31850496 101 1
copy 7300 1 133143986241 31850496 102 1
copy 7301 1 133143986242 31850496 101 1
copy 7302 1 133143986242 31850496 102 1
copy 7303 1 133143986243 31850496 101 1
copy 7304 1 133143986243 31850496 102 1
copy 7305 1 133143986244 31850496 101 1
copy 7306 1 133143986244 31850496 102 1
copy 7307 1 133143986245 31850496 101 1
copy 7308 1 133143986245 31850496 102 1
copy 7309 1 133143986246 31850496 101 1
copy 7310 1 133143986246 31850496 102 1
copy 7311 1 133143986247 31850496 101 1
copy 7312 1 133143986247 31850496 102 1
copy 7313 1 133143986248 31850496 101 1
copy 7314 1 133143986248 31850496 102 1
copy 7315 1 133143986249 31850496 101 1
copy 7316 1 133143986249 31850496 102 1
copy 7317 1 133143986250 31850496 101 1
copy 7318 1 133143986250 31850496 102 1
copy 7319 1 133143986251 31850496 101 1
copy 7320 1 133143986251 31850496 102 1
copy 7321 1 133143986252 31850496 101 1
copy 7322 1 133143986252 31850496 102 1
copy 7323 1 133143986253 31850496 101 1
copy 7324 1 133143986253 31850496 102 1
copy 7325 1 133143986254 31850496 101 1
copy 7326 1 133143986254 31850496 102 1
copy 7327 1 133143986255 31850496 101 1
copy 7328 1 133143986255 31850496 102 1
copy 7329 1 133143986256 31850496 101 1
copy 7330 1 133143986256 31850496 102 1
copy 7331 1 133143986257 31850496 101 1
copy 7332 1 133143986257 31850496 102 1
copy 7333 1 133143986258 31850496 101 1
copy 7334 1 133143986258 31850496 102 1
copy 7335 1 133143986259 31850496 101 1
copy 7336 1 133143986259 31850496 102 1
copy 7337 1 133143986260 31850496 101 1
copy 7338 1 133143986260 31850496 102 1
copy 7339 1 133143986261 31850496 101 1
copy 7340 1 133143986261 31850496 102 1
copy 7341 1 133143986262 31850496 101 1
copy 7342 1 133143986262 31850496 102 1
copy 7343 1 133143986263 31850496 101 1
copy 7344 1 133143986263 31850496 102 1
copy 7345 1 133143986264 31850496 101 1
copy 7346 1 133143986264 31850496 102 1
copy 7347 1 133143986265 31850496 101 1
copy 7348 1 133143986265 31850496 102 1
copy 7349 1 133143986266 31850496 101 1
copy 7350 1 133143986266 31850496 102 1
copy 7351 1 133143986267 31850496 101 1
copy 7352 1 133143986267 31850496 102 1
copy 7353 1 133143986268 31850496 101 1
copy 7354 1 133143986268 31850496 102 1
copy 7355 1 133143986269 31850496 101 1
copy 7356 1 133143986269 31850496 102 1
copy 7357 1 133143986270 31850496 101 1
copy 7358 1 133143986270 31850496 102 1
copy 7359 1 133143986271 31850496 101 1
copy 7360 1 133143986271 31850496 102 1
copy 7361 1 133143986272 31850496 101 1
copy 7362 1 133143986272 31850496 102 1
copy 7363 1 133143986273 31850496 101 1
copy 7364 1 133143986273 31850496 102 1
copy 7365 1 133143986274 31850496 101 1
copy 7366 1 133143986274 31850496 102 1
copy 7367 1 133143986275 31850496 101 1
copy 7368 1 133143986275 31850496 102 1
copy 7369 1 133143986276 31850496 101 1
copy 7370 1 133143986276 31850496 102 1
copy 7371 1 133143986277 31850496 101 1
copy 7372 1 133143986277 31850496 102 1
copy 7373 1 133143986278 31850496 101 1
copy 7374 1 133143986278 31850496 102 1
copy 7375 1 133143986279 31850496 101 1
copy 7376 1 133143986279 31850496 102 1
copy 7377 1 133143986280 31850496 101 1
copy 7378 1 133143986280 31850496 102 1
copy 7379 1 133143986281 31850496 101 1
copy 7380 1 133143986281 31850496 102 1
copy 7381 1 133143986282 31850496 101 1
copy 7382 1 133143986282 31850496 102 1
copy 7383 1 133143986283 31850496 101 1
copy 7384 1 133143986283 31850496 102 1
copy 7385 1 133143986284 31850496 101 1
copy 7386 1 133143986284 31850496 102 1
copy 7387 1 133143986285 31850496 101 1
copy 7388 1 133143986285 31850496 102 1
copy 7389 1 133143986286 31850496 101 1
copy 7390 1 133143986286 31850496 102 1
copy 7391 1 133143986287 31850496 101 1
copy 7392 1 133143986287 31850496 102 1
copy 7393 1 133143986288 31850496 101 1
copy 7394 1 133143986288 31850496 102 1
copy 7395 1 133143986289 31850496 101 1
copy 7396 1 133143986289 31850496 102 1
copy 7397 1 133143986290 31850496 101 1
copy 7398 1 133143986290 31850496 102 1
copy 7399 1 133143986291 31850496 101 1
copy 7400 1 133143986291 31850496 102 1
copy 7401 1 133143986292 31850496 101 1
copy 7402 1 133143986292 31850496 102 1
copy 7403 1 133143986293 31850496 101 1
copy 7404 1 133143986293 31850496 102 1
copy 7405 1 133143986294 31850496 101 1
copy 7406 1 133143986294 31850496 102 1
copy 7407 1 133143986295 31850496 101 1
copy 7408 1 133143986295 31850496 102 1
copy 7409 1 133143986296 31850496 101 1
copy 7410 1 133143986296 31850496 102 1
copy 7411 1 133143986297 31850496 101 1
copy 7412 1 133143986297 31850496 102 1
copy 7413 1 133143986298 31850496 101 1
copy 7414 1 133143986298 31850496 102 1
copy 7415 1 133143986299 31850496 101 1
copy 7416 1 133143986299 31850496 102 1
copy 7417 1 133143986300 31850496 101 1
copy 7418 1 133143986300 31850496 102 1
copy 7419 1 133143986301 31850496 101 1
copy 7420 1 133143986301 31850496 102 1
copy 7421 1 133143986302 31850496 101 1
copy 7422 1 133143986302 31850496 102 1
copy 7423 1 133143986303 31850496 101 1
copy 7424 1 133143986303 31850496 102 1
copy 7425 1 137438953472 31850496 101 1
copy 7426 1 137438953472 31850496 102 1
copy 7427 1 137438953473 31850496 101 1
copy 7428 1 137438953473 31850496 102 1
copy 7429 1 137438953474 31850496 101 1
copy 7430 1 137438953474 31850496 102 1
copy 7431 1 137438953475 31850496 101 1
copy 7432 1 137438953475 31850496 102 1
copy 7433 1 137438953476 31850496 101 1
copy 7434 1 137438953476 31850496 102 1
copy 7435 1 137438953477 31850496 101 1
copy 7436 1 137438953477 31850496 102 1
copy 7437 1 137438953478 31850496 101 1
copy 7438 1 137438953478 31850496 102 1
copy 7439 1 137438953479 31850496 101 1
copy 7440 1 137438953479 31850496 102 1
copy 7441 1 137438953480 31850496 101 1
copy 7442 1 137438953480 31850496 102 1
copy 7443 1 137438953481 31850496 101 1
copy 7444 1 137438953481 31850496 102 1
copy 7445 1 137438953482 31850496 101 1
copy 7446 1 137438953482 31850496 102 1
copy 7447 1 137438953483 31850496 101 1
copy 7448 1 137438953483 31850496 102 1
copy 7449 1 137438953484 31850496 101 1
copy 7450 1 137438953484 31850496 102 1
copy 7451 1 137438953485 31850496 101 1
copy 7452 1 137438953485 31850496 102 1
copy 7453 1 137438953486 31850496 101 1
copy 7454 1 137438953486 31850496 102 1
copy 7455 1 137438953487 31850496 101 1
copy 7456 1 137438953487 31850496 102 1
copy 7457 1 137438953488 31850496 101 1
copy 7458 1 137438953488 31850496 102 1
copy 7459 1 137438953489 31850496 101 1
copy 7460 1 137438953489 31850496 102 1
copy 7461 1 137438953490 31850496 101 1
copy 7462 1 137438953490 31850496 102 1
copy 7463 1 137438953491 31850496 101 1
copy 7464 1 137438953491 31850496 102 1
copy 7465 1 137438953492 31850496 101 1
copy 7466 1 137438953492 31850496 102 1
copy 7467 1 137438953493 31850496 101 1
copy 7468 1 137438953493 31850496 102 1
copy 7469 1 137438953494 31850496 101 1
copy 7470 1 137438953494 31850496 102 1
copy 7471 1 137438953495 31850496 101 1
copy 7472 1 137438953495 31850496 102 1
copy 7473 1 137438953496 31850496 101 1
copy 7474 1 137438953496 31850496 102 1
copy 7475 1 137438953497 31850496 101 1
copy 7476 1 137438953497 31850496 102 1
copy 7477 1 137438953498 31850496 101 1
copy 7478 1 137438953498 31850496 102 1
copy 7479 1 137438953499 31850496 101 1
copy 7480 1 137438953499 31850496 102 1
copy 7481 1 137438953500 31850496 101 1
copy 7482 1 137438953500 31850496 102 1
copy 7483 1 137438953501 31850496 101 1
copy 7484 1 137438953501 31850496 102 1
copy 7485 1 137438953502 31850496 101 1
copy 7486 1 137438953502 31850496 102 1
copy 7487 1 137438953503 31850496 101 1
copy 7488 1 137438953503 31850496 102 1
copy 7489 1 137438953504 31850496 101 1
copy 7490 1 137438953504 31850496 102 1
copy 7491 1 137438953505 31850496 101 1
copy 7492 1 137438953505 31850496 102 1
copy 7493 1 137438953506 31850496 101 1
copy 7494 1 137438953506 31850496 102 1
copy 7495 1 137438953507 31850496 101 1
copy 7496 1 137438953507 31850496 102 1
copy 7497 1 137438953508 31850496 101 1
copy 7498 1 137438953508 31850496 102 1
copy 7499 1 137438953509 31850496 101 1
copy 7500 1 137438953509 31850496 102 1
copy 7501 1 137438953510 31850496 101 1
copy 7502 1 137438953510 31850496 102 1
copy 7503 1 137438953511 31850496 101 1
copy 7504 1 137438953511 31850496 102 1
copy 7505 1 137438953512 31850496 101 1
copy 7506 1 137438953512 31850496 102 1
copy 7507 1 137438953513 31850496 101 1
copy 7508 1 137438953513 31850496 102 1
copy 7509 1 137438953514 31850496 101 1
copy 7510 1 137438953514 31850496 102 1
copy 7511 1 137438953515 31850496 101 1
copy 7512 1 137438953515 31850496 102 1
copy 7513 1 137438953516 31850496 101 1
copy 7514 1 137438953516 31850496 102 1
copy 7515 1 137438953517 31850496 101 1
copy 7516 1 137438953517 31850496 102 1
copy 7517 1 137438953518 31850496 101 1
copy 7518 1 137438953518 31850496 102 1
copy 7519 1 137438953519 31850496 101 1
copy 7520 1 137438953519 31850496 102 1
copy 7521 1 137438953520 31850496 101 1
copy 7522 1 137438953520 31850496 102 1
copy 7523 1 137438953521 31850496 101 1
copy 7524 1 137438953521 31850496 102 1
copy 7525 1 137438953522 31850496 101 1
copy 7526 1 137438953522 31850496 102 1
copy 7527 1 137438953523 31850496 101 1
copy 7528 1 137438953523 31850496 102 1
copy 7529 1 137438953524 31850496 101 1
copy 7530 1 137438953524 31850496 102 1
copy 7531 1 137438953525 31850496 101 1
copy 7532 1 137438953525 31850496 102 1
copy 7533 1 137438953526 31850496 101 1
copy 7534 1 137438953526 31850496 102 1
copy 7535 1 137438953527 31850496 101 1
copy 7536 1 137438953527 31850496 102 1
copy 7537 1 137438953528 31850496 101 1
copy 7538 1 137438953528 31850496 102 1
copy 7539 1 137438953529 31850496 101 1
copy 7540 1 137438953529 31850496 102 1
copy 7541 1 137438953530 31850496 101 1
copy 7542 1 137438953530 31850496 102 1
copy 7543 1 137438953531 31850496 101 1
copy 7544 1 137438953531 31850496 102 1
copy 7545 1 137438953532 31850496 101 1
copy 7546 1 137438953532 31850496 102 1
copy 7547 1 137438953533 31850496 101 1
copy 7548 1 137438953533 31850496 102 1
copy 7549 1 137438953534 31850496 101 1
copy 7550 1 137438953534 31850496 102 1
copy 7551 1 137438953535 31850496 101 1
copy 7552 1 137438953535 31850496 102 1
copy 7553 1 137438953536 31850496 101 1
copy 7554 1 137438953536 31850496 102 1
copy 7555 1 137438953537 31850496 101 1
copy 7556 1 137438953537 31850496 102 1
copy 7557 1 137438953538 31850496 101 1
copy 7558 1 137438953538 31850496 102 1
copy 7559 1 137438953539 31850496 101 1
copy 7560 1 137438953539 31850496 102 1
copy 7561 1 137438953540 31850496 101 1
copy 7562 1 137438953540 31850496 102 1
copy 7563 1 137438953541 31850496 101 1
copy 7564 1 137438953541 31850496 102 1
copy 7565 1 137438953542 31850496 101 1
copy 7566 1 137438953542 31850496 102 1
copy 7567 1 137438953543 31850496 101 1
copy 7568 1 137438953543 31850496 102 1
copy 7569 1 137438953544 31850496 101 1
copy 7570 1 137438953544 31850496 102 1
copy 7571 1 137438953545 31850496 101 1
copy 7572 1 137438953545 31850496 102 1
copy 7573 1 137438953546 31850496 101 1
copy 7574 1 137438953546 31850496 102 1
copy 7575 1 137438953547 31850496 101 1
copy 7576 1 137438953547 31850496 102 1
copy 7577 1 137438953548 31850496 101 1
copy 7578 1 137438953548 31850496 102 1
copy 7579 1 137438953549 31850496 101 1
copy 7580 1 137438953549 31850496 102 1
copy 7581 1 137438953550 31850496 101 1
copy 7582 1 137438953550 31850496 102 1
copy 7583 1 137438953551 31850496 101 1
copy 7584 1 137438953551 31850496 102 1
copy 7585 1 137438953552 31850496 101 1
copy 7586 1 137438953552 31850496 102 1
copy 7587 1 137438953553 31850496 101 1
copy 7588 1 137438953553 31850496 102 1
copy 7589 1 137438953554 31850496 101 1
copy 7590 1 137438953554 31850496 102 1
copy 7591 1 137438953555 31850496 101 1
copy 7592 1 137438953555 31850496 102 1
copy 7593 1 137438953556 31850496 101 1
copy 7594 1 137438953556 31850496 102 1
copy 7595 1 137438953557 31850496 101 1
copy 7596 1 137438953557 31850496 102 1
copy 7597 1 137438953558 31850496 101 1
copy 7598 1 137438953558 31850496 102 1
copy 7599 1 137438953559 31850496 101 1
copy 7600 1 137438953559 31850496 102 1
copy 7601 1 137438953560 31850496 101 1
copy 7602 1 137438953560 31850496 102 1
copy 7603 1 137438953561 31850496 101 1
copy 7604 1 137438953561 31850496 102 1
copy 7605 1 137438953562 31850496 101 1
copy 7606 1 137438953562 31850496 102 1
copy 7607 1 137438953563 31850496 101 1
copy 7608 1 137438953563 31850496 102 1
copy 7609 1 137438953564 31850496 101 1
copy 7610 1 137438953564 31850496 102 1
copy 7611 1 137438953565 31850496 101 1
copy 7612 1 137438953565 31850496 102 1
copy 7613 1 137438953566 31850496 101 1
copy 7614 1 137438953566 31850496 102 1
copy 7615 1 137438953567 31850496 101 1
copy 7616 1 137438953567 31850496 102 1
copy 7617 1 137438953568 31850496 101 1
copy 7618 1 137438953568 31850496 102 1
copy 7619 1 137438953569 31850496 101 1
copy 7620 1 137438953569 31850496 102 1
copy 7621 1 137438953570 31850496 101 1
copy 7622 1 137438953570 31850496 102 1
copy 7623 1 137438953571 31850496 101 1
copy 7624 1 137438953571 31850496 102 1
copy 7625 1 137438953572 31850496 101 1
copy 7626 1 137438953572 31850496 102 1
copy 7627 1 137438953573 31850496 101 1
copy 7628 1 137438953573 31850496 102 1
copy 7629 1 137438953574 31850496 101 1
copy 7630 1 137438953574 31850496 102 1
copy 7631 1 137438953575 31850496 101 1
copy 7632 1 137438953575 31850496 102 1
copy 7633 1 137438953576 31850496 101 1
copy 7634 1 137438953576 31850496 102 1
copy 7635 1 137438953577 31850496 101 1
copy 7636 1 137438953577 31850496 102 1
copy 7637 1 137438953578 31850496 101 1
copy 7638 1 137438953578 31850496 102 1
copy 7639 1 137438953579 31850496 101 1
copy 7640 1 137438953579 31850496 102 1
copy 7641 1 137438953580 31850496 101 1
copy 7642 1 137438953580 31850496 102 1
copy 7643 1 137438953581 31850496 101 1
copy 7644 1 137438953581 31850496 102 1
copy 7645 1 137438953582 31850496 101 1
copy 7646 1 137438953582 31850496 102 1
copy 7647 1 137438953583 31850496 101 1
copy 7648 1 137438953583 31850496 102 1
copy 7649 1 137438953584 31850496 101 1
copy 7650 1 137438953584 31850496 102 1
copy 7651 1 137438953585 31850496 101 1
copy 7652 1 137438953585 31850496 102 1
copy 7653 1 137438953586 31850496 101 1
copy 7654 1 137438953586 31850496 102 1
copy 7655 1 137438953587 31850496 101 1
copy 7656 1 137438953587 31850496 102 1
copy 7657 1 137438953588 31850496 101 1
copy 7658 1 137438953588 31850496 102 1
copy 7659 1 137438953589 31850496 101 1
copy 7660 1 137438953589 31850496 102 1
copy 7661 1 137438953590 31850496 101 1
copy 7662 1 137438953590 31850496 102 1
copy 7663 1 137438953591 31850496 101 1
copy 7664 1 137438953591 31850496 102 1
copy 7665 1 137438953592 31850496 101 1
copy 7666 1 137438953592 31850496 102 1
copy 7667 1 137438953593 31850496 101 1
copy 7668 1 137438953593 31850496 102 1
copy 7669 1 137438953594 31850496 101 1
copy 7670 1 137438953594 31850496 102 1
copy 7671 1 137438953595 31850496 101 1
copy 7672 1 137438953595 31850496 102 1
copy 7673 1 137438953596 31850496 101 1
copy 7674 1 137438953596 31850496 102 1
copy 7675 1 137438953597 31850496 101 1
copy 7676 1 137438953597 31850496 102 1
copy 7677 1 137438953598 31850496 101 1
copy 7678 1 137438953598 31850496 102 1
copy 7679 1 137438953599 31850496 101 1
copy 7680 1 137438953599 31850496 102 1
copy 7681 1 141733920768 31850496 101 1
copy 7682 1 141733920768 31850496 102 1
copy 7683 1 141733920769 31850496 101 1
copy 7684 1 141733920769 31850496 102 1
copy 7685 1 141733920770 31850496 101 1
copy 7686 1 141733920770 31850496 102 1
copy 7687 1 141733920771 31850496 101 1
copy 7688 1 141733920771 31850496 102 1
copy 7689 1 141733920772 31850496 101 1
copy 7690 1 141733920772 31850496 102 1
copy 7691 1 141733920773 31850496 101 1
copy 7692 1 141733920773 31850496 102 1
copy 7693 1 141733920774 31850496 101 1
copy 7694 1 141733920774 31850496 102 1
copy 7695 1 141733920775 31850496 101 1
copy 7696 1 141733920775 31850496 102 1
copy 7697 1 141733920776 31850496 101 1
copy 7698 1 141733920776 31850496 102 1
copy 7699 1 141733920777 31850496 101 1
copy 7700 1 141733920777 31850496 102 1
copy 7701 1 141733920778 31850496 101 1
copy 7702 1 141733920778 31850496 102 1
copy 7703 1 141733920779 31850496 101 1
copy 7704 1 141733920779 31850496 102 1
copy 7705 1 141733920780 31850496 101 1
copy 7706 1 141733920780 31850496 102 1
copy 7707 1 141733920781 31850496 101 1
copy 7708 1 141733920781 31850496 102 1
copy 7709 1 141733920782 31850496 101 1
copy 7710 1 141733920782 31850496 102 1
copy 7711 1 141733920783 31850496 101 1
copy 7712 1 141733920783 31850496 102 1
copy 7713 1 141733920784 31850496 101 1
copy 7714 1 141733920784 31850496 102 1
copy 7715 1 141733920785 31850496 101 1
copy 7716 1 141733920785 31850496 102 1
copy 7717 1 141733920786 31850496 101 1
copy 7718 1 141733920786 31850496 102 1
copy 7719 1 141733920787 31850496 101 1
copy 7720 1 141733920787 31850496 102 1
copy 7721 1 141733920788 31850496 101 1
copy 7722 1 141733920788 31850496 102 1
copy 7723 1 141733920789 31850496 101 1
copy 7724 1 141733920789 31850496 102 1
copy 7725 1 141733920790 31850496 101 1
copy 7726 1 141733920790 31850496 102 1
copy 7727 1 141733920791 31850496 101 1
copy 7728 1 141733920791 31850496 102 1
copy 7729 1 141733920792 31850496 101 1
copy 7730 1 141733920792 31850496 102 1
copy 7731 1 141733920793 31850496 101 1
copy 7732 1 141733920793 31850496 102 1
copy 7733 1 141733920794 31850496 101 1
copy 7734 1 141733920794 31850496 102 1
copy 7735 1 141733920795 31850496 101 1
copy 7736 1 141733920795 31850496 102 1
copy 7737 1 141733920796 31850496 101 1
copy 7738 1 141733920796 31850496 102 1
copy 7739 1 141733920797 31850496 101 1
copy 7740 1 141733920797 31850496 102 1
copy 7741 1 141733920798 31850496 101 1
copy 7742 1 141733920798 31850496 102 1
copy 7743 1 141733920799 31850496 101 1
copy 7744 1 141733920799 31850496 102 1
copy 7745 1 141733920800 31850496 101 1
copy 7746 1 141733920800 31850496 102 1
copy 7747 1 141733920801 31850496 101 1
copy 7748 1 141733920801 31850496 102 1
copy 7749 1 141733920802 31850496 101 1
copy 7750 1 141733920802 31850496 102 1
copy 7751 1 141733920803 31850496 101 1
copy 7752 1 141733920803 31850496 102 1
copy 7753 1 141733920804 31850496 101 1
copy 7754 1 141733920804 31850496 102 1
copy 7755 1 141733920805 31850496 101 1
copy 7756 1 141733920805 31850496 102 1
copy 7757 1 141733920806 31850496 101 1
copy 7758 1 141733920806 31850496 102 1
copy 7759 1 141733920807 31850496 101 1
copy 7760 1 141733920807 31850496 102 1
copy 7761 1 141733920808 31850496 101 1
copy 7762 1 141733920808 31850496 102 1
copy 7763 1 141733920809 31850496 101 1
copy 7764 1 141733920809 31850496 102 1
copy 7765 1 141733920810 31850496 101 1
copy 7766 1 141733920810 31850496 102 1
copy 7767 1 141733920811 31850496 101 1
copy 7768 1 141733920811 31850496 102 1
copy 7769 1 141733920812 31850496 101 1
copy 7770 1 141733920812 31850496 102 1
copy 7771 1 141733920813 31850496 101 1
copy 7772 1 141733920813 31850496 102 1
copy 7773 1 141733920814 31850496 101 1
copy 7774 1 141733920814 31850496 102 1
copy 7775 1 141733920815 31850496 101 1
copy 7776 1 141733920815 31850496 102 1
copy 7777 1 141733920816 31850496 101 1
copy 7778 1 141733920816 31850496 102 1
copy 7779 1 141733920817 31850496 101 1
copy 7780 1 141733920817 31850496 102 1
copy 7781 1 141733920818 31850496 101 1
copy 7782 1 141733920818 31850496 102 1
copy 7783 1 141733920819 31850496 101 1
copy 7784 1 141733920819 31850496 102 1
copy 7785 1 141733920820 31850496 101 1
copy 7786 1 141733920820 31850496 102 1
copy 7787 1 141733920821 31850496 101 1
copy 7788 1 141733920821 31850496 102 1
copy 7789 1 141733920822 31850496 101 1
copy 7790 1 141733920822 31850496 102 1
copy 7791 1 141733920823 31850496 101 1
copy 7792 1 141733920823 31850496 102 1
copy 7793 1 141733920824 31850496 101 1
copy 7794 1 141733920824 31850496 102 1
copy 7795 1 141733920825 31850496 101 1
copy 7796 1 141733920825 31850496 102 1
copy 7797 1 141733920826 31850496 101 1
copy 7798 1 141733920826 31850496 102 1
copy 7799 1 141733920827 31850496 101 1
copy 7800 1 141733920827 31850496 102 1
copy 7801 1 141733920828 31850496 101 1
copy 7802 1 141733920828 31850496 102 1
copy 7803 1 141733920829 31850496 101 1
copy 7804 1 141733920829 31850496 102 1
copy 7805 1 141733920830 31850496 101 1
copy 7806 1 141733920830 31850496 102 1
copy 7807 1 141733920831 31850496 101 1
copy 7808 1 141733920831 31850496 102 1
copy 7809 1 141733920832 31850496 101 1
copy 7810 1 141733920832 31850496 102 1
copy 7811 1 141733920833 31850496 101 1
copy 7812 1 141733920833 31850496 102 1
copy 7813 1 141733920834 31850496 101 1
copy 7814 1 141733920834 31850496 102 1
copy 7815 1 141733920835 31850496 101 1
copy 7816 1 141733920835 31850496 102 1
copy 7817 1 141733920836 31850496 101 1
copy 7818 1 141733920836 31850496 102 1
copy 7819 1 141733920837 31850496 101 1
copy 7820 1 141733920837 31850496 102 1
copy 7821 1 141733920838 31850496 101 1
copy 7822 1 141733920838 31850496 102 1
copy 7823 1 141733920839 31850496 101 1
copy 7824 1 141733920839 31850496 102 1
copy 7825 1 141733920840 31850496 101 1
copy 7826 1 141733920840 31850496 102 1
copy 7827 1 141733920841 31850496 101 1
copy 7828 1 141733920841 31850496 102 1
copy 7829 1 141733920842 31850496 101 1
copy 7830 1 141733920842 31850496 102 1
copy 7831 1 141733920843 31850496 101 1
copy 7832 1 141733920843 31850496 102 1
copy 7833 1 141733920844 31850496 101 1
copy 7834 1 141733920844 31850496 102 1
copy 7835 1 141733920845 31850496 101 1
copy 7836 1 141733920845 31850496 102 1
copy 7837 1 141733920846 31850496 101 1
copy 7838 1 141733920846 31850496 102 1
copy 7839 1 141733920847 31850496 101 1
copy 7840 1 141733920847 31850496 102 1
copy 7841 1 141733920848 31850496 101 1
copy 7842 1 141733920848 31850496 102 1
copy 7843 1 141733920849 31850496 101 1
copy 7844 1 141733920849 31850496 102 1
copy 7845 1 141733920850 31850496 101 1
copy 7846 1 141733920850 31850496 102 1
copy 7847 1 141733920851 31850496 101 1
copy 7848 1 141733920851 31850496 102 1
copy 7849 1 141733920852 31850496 101 1
copy 7850 1 141733920852 31850496 102 1
copy 7851 1 141733920853 31850496 101 1
copy 7852 1 141733920853 31850496 102 1
copy 7853 1 141733920854 31850496 101 1
copy 7854 1 141733920854 31850496 102 1
copy 7855 1 141733920855 31850496 101 1
copy 7856 1 141733920855 31850496 102 1
copy 7857 1 141733920856 31850496 101 1
copy 7858 1 141733920856 31850496 102 1
copy 7859 1 141733920857 31850496 101 1
copy 7860 1 141733920857 31850496 102 1
copy 7861 1 141733920858 31850496 101 1
copy 7862 1 141733920858 31850496 102 1
copy 7863 1 141733920859 31850496 101 1
copy 7864 1 141733920859 31850496 102 1
copy 7865 1 141733920860 31850496 101 1
copy 7866 1 141733920860 31850496 102 1
copy 7867 1 141733920861 31850496 101 1
copy 7868 1 141733920861 31850496 102 1
copy 7869 1 141733920862 31850496 101 1
copy 7870 1 141733920862 31850496 102 1
copy 7871 1 141733920863 31850496 101 1
copy 7872 1 141733920863 31850496 102 1
copy 7873 1 141733920864 31850496 101 1
copy 7874 1 141733920864 31850496 102 1
copy 7875 1 141733920865 31850496 101 1
copy 7876 1 141733920865 31850496 102 1
copy 7877 1 141733920866 31850496 101 1
copy 7878 1 141733920866 31850496 102 1
copy 7879 1 141733920867 31850496 101 1
copy 7880 1 141733920867 31850496 102 1
copy 7881 1 141733920868 31850496 101 1
copy 7882 1 141733920868 31850496 102 1
copy 7883 1 141733920869 31850496 101 1
copy 7884 1 141733920869 31850496 102 1
copy 7885 1 141733920870 31850496 101 1
copy 7886 1 141733920870 31850496 102 1
copy 7887 1 141733920871 31850496 101 1
copy 7888 1 141733920871 31850496 102 1
copy 7889 1 141733920872 31850496 101 1
copy 7890 1 141733920872 31850496 102 1
copy 7891 1 141733920873 31850496 101 1
copy 7892 1 141733920873 31850496 102 1
copy 7893 1 141733920874 31850496 101 1
copy 7894 1 141733920874 31850496 102 1
copy 7895 1 141733920875 31850496 101 1
copy 7896 1 141733920875 31850496 102 1
copy 7897 1 141733920876 31850496 101 1
copy 7898 1 141733920876 31850496 102 1
copy 7899 1 141733920877 31850496 101 1
copy 7900 1 141733920877 31850496 102 1
copy 7901 1 141733920878 31850496 101 1
copy 7902 1 141733920878 31850496 102 1
copy 7903 1 141733920879 31850496 101 1
copy 7904 1 141733920879 31850496 102 1
copy 7905 1 141733920880 31850496 101 1
copy 7906 1 141733920880 31850496 102 1
copy 7907 1 141733920881 31850496 101 1
copy 7908 1 141733920881 31850496 102 1
copy 7909 1 141733920882 31850496 101 1
copy 7910 1 141733920882 31850496 102 1
copy 7911 1 141733920883 31850496 101 1
copy 7912 1 141733920883 31850496 102 1
copy 7913 1 141733920884 31850496 101 1
copy 7914 1 141733920884 31850496 102 1
copy 7915 1 141733920885 31850496 101 1
copy 7916 1 141733920885 31850496 102 1
copy 7917 1 141733920886 31850496 101 1
copy 7918 1 141733920886 31850496 102 1
copy 7919 1 141733920887 31850496 101 1
copy 7920 1 141733920887 31850496 102 1
copy 7921 1 141733920888 31850496 101 1
copy 7922 1 141733920888 31850496 102 1
copy 7923 1 141733920889 31850496 101 1
copy 7924 1 141733920889 31850496 102 1
copy 7925 1 141733920890 31850496 101 1
copy 7926 1 141733920890 31850496 102 1
copy 7927 1 141733920891 31850496 101 1
copy 7928 1 141733920891 31850496 102 1
copy 7929 1 141733920892 31850496 101 1
copy 7930 1 141733920892 31850496 102 1
copy 7931 1 141733920893 31850496 101 1
copy 7932 1 141733920893 31850496 102 1
copy 7933 1 141733920894 31850496 101 1
copy 7934 1 141733920894 31850496 102 1
copy 7935 1 141733920895 31850496 101 1
copy 7936 1 141733920895 31850496 102 1
copy 7937 1 146028888064 31850496 101 1
copy 7938 1 146028888064 31850496 102 1
copy 7939 1 146028888065 31850496 101 1
copy 7940 1 146028888065 31850496 102 1
copy 7941 1 146028888066 31850496 101 1
copy 7942 1 146028888066 31850496 102 1
copy 7943 1 146028888067 31850496 101 1
copy 7944 1 146028888067 31850496 102 1
copy 7945 1 146028888068 31850496 101 1
copy 7946 1 146028888068 31850496 102 1
copy 7947 1 146028888069 31850496 101 1
copy 7948 1 146028888069 31850496 102 1
copy 7949 1 146028888070 31850496 101 1
copy 7950 1 146028888070 31850496 102 1
copy 7951 1 146028888071 31850496 101 1
copy 7952 1 146028888071 31850496 102 1
copy 7953 1 146028888072 31850496 101 1
copy 7954 1 146028888072 31850496 102 1
copy 7955 1 146028888073 31850496 101 1
copy 7956 1 146028888073 31850496 102 1
copy 7957 1 146028888074 31850496 101 1
copy 7958 1 146028888074 31850496 102 1
copy 7959 1 146028888075 31850496 101 1
copy 7960 1 146028888075 31850496 102 1
copy 7961 1 146028888076 31850496 101 1
copy 7962 1 146028888076 31850496 102 1
copy 7963 1 146028888077 31850496 101 1
copy 7964 1 146028888077 31850496 102 1
copy 7965 1 146028888078 31850496 101 1
copy 7966 1 146028888078 31850496 102 1
copy 7967 1 146028888079 31850496 101 1
copy 7968 1 146028888079 31850496 102 1
copy 7969 1 146028888080 31850496 101 1
copy 7970 1 146028888080 31850496 102 1
copy 7971 1 146028888081 31850496 101 1
copy 7972 1 146028888081 31850496 102 1
copy 7973 1 146028888082 31850496 101 1
copy 7974 1 146028888082 31850496 102 1
copy 7975 1 146028888083 31850496 101 1
copy 7976 1 146028888083 31850496 102 1
copy 7977 1 146028888084 31850496 101 1
copy 7978 1 146028888084 31850496 102 1
copy 7979 1 146028888085 31850496 101 1
copy 7980 1 146028888085 31850496 102 1
copy 7981 1 146028888086 31850496 101 1
copy 7982 1 146028888086 31850496 102 1
copy 7983 1 146028888087 31850496 101 1
copy 7984 1 146028888087 31850496 102 1
copy 7985 1 146028888088 31850496 101 1
copy 7986 1 146028888088 31850496 102 1
copy 7987 1 146028888089 31850496 101 1
copy 7988 1 146028888089 31850496 102 1
copy 7989 1 146028888090 31850496 101 1
copy 7990 1 146028888090 31850496 102 1
copy 7991 1 146028888091 31850496 101 1
copy 7992 1 146028888091 31850496 102 1
copy 7993 1 146028888092 31850496 101 1
copy 7994 1 146028888092 31850496 102 1
copy 7995 1 146028888093 31850496 101 1
copy 7996 1 146028888093 31850496 102 1
copy 7997 1 146028888094 31850496 101 1
copy 7998 1 146028888094 31850496 102 1
copy 7999 1 146028888095 31850496 101 1
copy 8000 1 146028888095 31850496 102 1
copy 8001 1 146028888096 31850496 101 1
copy 8002 1 146028888096 31850496 102 1
copy 8003 1 146028888097 31850496 101 1
copy 8004 1 146028888097 31850496 102 1
copy 8005 1 146028888098 31850496 101 1
copy 8006 1 146028888098 31850496 102 1
copy 8007 1 146028888099 31850496 101 1
copy 8008 1 146028888099 31850496 102 1
copy 8009 1 146028888100 31850496 101 1
copy 8010 1 146028888100 31850496 102 1
copy 8011 1 146028888101 31850496 101 1
copy 8012 1 146028888101 31850496 102 1
copy 8013 1 146028888102 31850496 101 1
copy 8014 1 146028888102 31850496 102 1
copy 8015 1 146028888103 31850496 101 1
copy 8016 1 146028888103 31850496 102 1
copy 8017 1 146028888104 31850496 101 1
copy 8018 1 146028888104 31850496 102 1
copy 8019 1 146028888105 31850496 101 1
copy 8020 1 146028888105 31850496 102 1
copy 8021 1 146028888106 31850496 101 1
copy 8022 1 146028888106 31850496 102 1
copy 8023 1 146028888107 31850496 101 1
copy 8024 1 146028888107 31850496 102 1
copy 8025 1 146028888108 31850496 101 1
copy 8026 1 146028888108 31850496 102 1
copy 8027 1 146028888109 31850496 101 1
copy 8028 1 146028888109 31850496 102 1
copy 8029 1 146028888110 31850496 101 1
copy 8030 1 146028888110 31850496 102 1
copy 8031 1 146028888111 31850496 101 1
copy 8032 1 146028888111 31850496 102 1
copy 8033 1 146028888112 31850496 101 1
copy 8034 1 146028888112 31850496 102 1
copy 8035 1 146028888113 31850496 101 1
copy 8036 1 146028888113 31850496 102 1
copy 8037 1 146028888114 31850496 101 1
copy 8038 1 146028888114 31850496 102 1
copy 8039 1 146028888115 31850496 101 1
copy 8040 1 146028888115 31850496 102 1
copy 8041 1 146028888116 31850496 101 1
copy 8042 1 146028888116 31850496 102 1
copy 8043 1 146028888117 31850496 101 1
copy 8044 1 146028888117 31850496 102 1
copy 8045 1 146028888118 31850496 101 1
copy 8046 1 146028888118 31850496 102 1
copy 8047 1 146028888119 31850496 101 1
copy 8048 1 146028888119 31850496 102 1
copy 8049 1 146028888120 31850496 101 1
copy 8050 1 146028888120 31850496 102 1
copy 8051 1 146028888121 31850496 101 1
copy 8052 1 146028888121 31850496 102 1
copy 8053 1 146028888122 31850496 101 1
copy 8054 1 146028888122 31850496 102 1
copy 8055 1 146028888123 31850496 101 1
copy 8056 1 146028888123 31850496 102 1
copy 8057 1 146028888124 31850496 101 1
copy 8058 1 146028888124 31850496 102 1
copy 8059 1 146028888125 31850496 101 1
copy 8060 1 146028888125 31850496 102 1
copy 8061 1 146028888126 31850496 101 1
copy 8062 1 146028888126 31850496 102 1
copy 8063 1 146028888127 31850496 101 1
copy 8064 1 146028888127 31850496 102 1
copy 8065 1 146028888128 31850496 101 1
copy 8066 1 146028888128 31850496 102 1
copy 8067 1 146028888129 31850496 101 1
copy 8068 1 146028888129 31850496 102 1
copy 8069 1 146028888130 31850496 101 1
copy 8070 1 146028888130 31850496 102 1
copy 8071 1 146028888131 31850496 101 1
copy 8072 1 146028888131 31850496 102 1
copy 8073 1 146028888132 31850496 101 1
copy 8074 1 146028888132 31850496 102 1
copy 8075 1 146028888133 31850496 101 1
copy 8076 1 146028888133 31850496 102 1
copy 8077 1 146028888134 31850496 101 1
copy 8078 1 146028888134 31850496 102 1
copy 8079 1 146028888135 31850496 101 1
copy 8080 1 146028888135 31850496 102 1
copy 8081 1 146028888136 31850496 101 1
copy 8082 1 146028888136 31850496 102 1
copy 8083 1 146028888137 31850496 101 1
copy 8084 1 146028888137 31850496 102 1
copy 8085 1 146028888138 31850496 101 1
copy 8086 1 146028888138 31850496 102 1
copy 8087 1 146028888139 31850496 101 1
copy 8088 1 146028888139 31850496 102 1
copy 8089 1 146028888140 31850496 101 1
copy 8090 1 146028888140 31850496 102 1
copy 8091 1 146028888141 31850496 101 1
copy 8092 1 146028888141 31850496 102 1
copy 8093 1 146028888142 31850496 101 1
copy 8094 1 146028888142 31850496 102 1
copy 8095 1 146028888143 31850496 101 1
copy 8096 1 146028888143 31850496 102 1
copy 8097 1 146028888144 31850496 101 1
copy 8098 1 146028888144 31850496 102 1
copy 8099 1 146028888145 31850496 101 1
copy 8100 1 146028888145 31850496 102 1
copy 8101 1 146028888146 31850496 101 1
copy 8102 1 146028888146 31850496 102 1
copy 8103 1 146028888147 31850496 101 1
copy 8104 1 146028888147 31850496 102 1
copy 8105 1 146028888148 31850496 101 1
copy 8106 1 146028888148 31850496 102 1
copy 8107 1 146028888149 31850496 101 1
copy 8108 1 146028888149 31850496 102 1
copy 8109 1 146028888150 31850496 101 1
copy 8110 1 146028888150 31850496 102 1
copy 8111 1 146028888151 31850496 101 1
copy 8112 1 146028888151 31850496 102 1
copy 8113 1 146028888152 31850496 101 1
copy 8114 1 146028888152 31850496 102 1
copy 8115 1 146028888153 31850496 101 1
copy 8116 1 146028888153 31850496 102 1
copy 8117 1 146028888154 31850496 101 1
copy 8118 1 146028888154 31850496 102 1
copy 8119 1 146028888155 31850496 101 1
copy 8120 1 146028888155 31850496 102 1
copy 8121 1 146028888156 31850496 101 1
copy 8122 1 146028888156 31850496 102 1
copy 8123 1 146028888157 31850496 101 1
copy 8124 1 146028888157 31850496 102 1
copy 8125 1 146028888158 31850496 101 1
copy 8126 1 146028888158 31850496 102 1
copy 8127 1 146028888159 31850496 101 1
copy 8128 1 146028888159 31850496 102 1
copy 8129 1 146028888160 31850496 101 1
copy 8130 1 146028888160 31850496 102 1
copy 8131 1 146028888161 31850496 101 1
copy 8132 1 146028888161 31850496 102 1
copy 8133 1 146028888162 31850496 101 1
copy 8134 1 146028888162 31850496 102 1
copy 8135 1 146028888163 31850496 101 1
copy 8136 1 146028888163 31850496 102 1
copy 8137 1 146028888164 31850496 101 1
copy 8138 1 146028888164 31850496 102 1
copy 8139 1 146028888165 31850496 101 1
copy 8140 1 146028888165 31850496 102 1
copy 8141 1 146028888166 31850496 101 1
copy 8142 1 146028888166 31850496 102 1
copy 8143 1 146028888167 31850496 101 1
copy 8144 1 146028888167 31850496 102 1
copy 8145 1 146028888168 31850496 101 1
copy 8146 1 146028888168 31850496 102 1
copy 8147 1 146028888169 31850496 101 1
copy 8148 1 146028888169 31850496 102 1
copy 8149 1 146028888170 31850496 101 1
copy 8150 1 146028888170 31850496 102 1
copy 8151 1 146028888171 31850496 101 1
copy 8152 1 146028888171 31850496 102 1
copy 8153 1 146028888172 31850496 101 1
copy 8154 1 146028888172 31850496 102 1
copy 8155 1 146028888173 31850496 101 1
copy 8156 1 146028888173 31850496 102 1
copy 8157 1 146028888174 31850496 101 1
copy 8158 1 146028888174 31850496 102 1
copy 8159 1 146028888175 31850496 101 1
copy 8160 1 146028888175 31850496 102 1
copy 8161 1 146028888176 31850496 101 1
copy 8162 1 146028888176 31850496 102 1
copy 8163 1 146028888177 31850496 101 1
copy 8164 1 146028888177 31850496 102 1
copy 8165 1 146028888178 31850496 101 1
copy 8166 1 146028888178 31850496 102 1
copy 8167 1 146028888179 31850496 101 1
copy 8168 1 146028888179 31850496 102 1
copy 8169 1 146028888180 31850496 101 1
copy 8170 1 146028888180 31850496 102 1
copy 8171 1 146028888181 31850496 101 1
copy 8172 1 146028888181 31850496 102 1
copy 8173 1 146028888182 31850496 101 1
copy 8174 1 146028888182 31850496 102 1
copy 8175 1 146028888183 31850496 101 1
copy 8176 1 146028888183 31850496 102 1
copy 8177 1 146028888184 31850496 101 1
copy 8178 1 146028888184 31850496 102 1
copy 8179 1 146028888185 31850496 101 1
copy 8180 1 146028888185 31850496 102 1
copy 8181 1 146028888186 31850496 101 1
copy 8182 1 146028888186 31850496 102 1
copy 8183 1 146028888187 31850496 101 1
copy 8184 1 146028888187 31850496 102 1
copy 8185 1 146028888188 31850496 101 1
copy 8186 1 146028888188 31850496 102 1
copy 8187 1 146028888189 31850496 101 1
copy 8188 1 146028888189 31850496 102 1
copy 8189 1 146028888190 31850496 101 1
copy 8190 1 146028888190 31850496 102 1
copy 8191 1 146028888191 31850496 101 1
copy 8192 1 146028888191 31850496 102 1
copy 8193 1 150323855360 31850496 101 1
copy 8194 1 150323855360 31850496 102 1
copy 8195 1 150323855361 31850496 101 1
copy 8196 1 150323855361 31850496 102 1
copy 8197 1 150323855362 31850496 101 1
copy 8198 1 150323855362 31850496 102 1
copy 8199 1 150323855363 31850496 101 1
copy 8200 1 150323855363 31850496 102 1
copy 8201 1 150323855364 31850496 101 1
copy 8202 1 150323855364 31850496 102 1
copy 8203 1 150323855365 31850496 101 1
copy 8204 1 150323855365 31850496 102 1
copy 8205 1 150323855366 31850496 101 1
copy 8206 1 150323855366 31850496 102 1
copy 8207 1 150323855367 31850496 101 1
copy 8208 1 150323855367 31850496 102 1
copy 8209 1 150323855368 31850496 101 1
copy 8210 1 150323855368 31850496 102 1
copy 8211 1 150323855369 31850496 101 1
copy 8212 1 150323855369 31850496 102 1
copy 8213 1 150323855370 31850496 101 1
copy 8214 1 150323855370 31850496 102 1
copy 8215 1 150323855371 31850496 101 1
copy 8216 1 150323855371 31850496 102 1
copy 8217 1 150323855372 31850496 101 1
copy 8218 1 150323855372 31850496 102 1
copy 8219 1 150323855373 31850496 101 1
copy 8220 1 150323855373 31850496 102 1
copy 8221 1 150323855374 31850496 101 1
copy 8222 1 150323855374 31850496 102 1
copy 8223 1 150323855375 31850496 101 1
copy 8224 1 150323855375 31850496 102 1
copy 8225 1 150323855376 31850496 101 1
copy 8226 1 150323855376 31850496 102 1
copy 8227 1 150323855377 31850496 101 1
copy 8228 1 150323855377 31850496 102 1
copy 8229 1 150323855378 31850496 101 1
copy 8230 1 150323855378 31850496 102 1
copy 8231 1 150323855379 31850496 101 1
copy 8232 1 150323855379 31850496 102 1
copy 8233 1 150323855380 31850496 101 1
copy 8234 1 150323855380 31850496 102 1
copy 8235 1 150323855381 31850496 101 1
copy 8236 1 150323855381 31850496 102 1
copy 8237 1 150323855382 31850496 101 1
copy 8238 1 150323855382 31850496 102 1
copy 8239 1 150323855383 31850496 101 1
copy 8240 1 150323855383 31850496 102 1
copy 8241 1 150323855384 31850496 101 1
copy 8242 1 150323855384 31850496 102 1
copy 8243 1 150323855385 31850496 101 1
copy 8244 1 150323855385 31850496 102 1
copy 8245 1 150323855386 31850496 101 1
copy 8246 1 150323855386 31850496 102 1
copy 8247 1 150323855387 31850496 101 1
copy 8248 1 150323855387 31850496 102 1
copy 8249 1 150323855388 31850496 101 1
copy 8250 1 150323855388 31850496 102 1
copy 8251 1 150323855389 31850496 101 1
copy 8252 1 150323855389 31850496 102 1
copy 8253 1 150323855390 31850496 101 1
copy 8254 1 150323855390 31850496 102 1
copy 8255 1 150323855391 31850496 101 1
copy 8256 1 150323855391 31850496 102 1
copy 8257 1 150323855392 31850496 101 1
copy 8258 1 150323855392 31850496 102 1
copy 8259 1 150323855393 31850496 101 1
copy 8260 1 150323855393 31850496 102 1
copy 8261 1 150323855394 31850496 101 1
copy 8262 1 150323855394 31850496 102 1
copy 8263 1 150323855395 31850496 101 1
copy 8264 1 150323855395 31850496 102 1
copy 8265 1 150323855396 31850496 101 1
copy 8266 1 150323855396 31850496 102 1
copy 8267 1 150323855397 31850496 101 1
copy 8268 1 150323855397 31850496 102 1
copy 8269 1 150323855398 31850496 101 1
copy 8270 1 150323855398 31850496 102 1
copy 8271 1 150323855399 31850496 101 1
copy 8272 1 150323855399 31850496 102 1
copy 8273 1 150323855400 31850496 101 1
copy 8274 1 150323855400 31850496 102 1
copy 8275 1 150323855401 31850496 101 1
copy 8276 1 150323855401 31850496 102 1
copy 8277 1 150323855402 31850496 101 1
copy 8278 1 150323855402 31850496 102 1
copy 8279 1 150323855403 31850496 101 1
copy 8280 1 150323855403 31850496 102 1
copy 8281 1 150323855404 31850496 101 1
copy 8282 1 150323855404 31850496 102 1
copy 8283 1 150323855405 31850496 101 1
copy 8284 1 150323855405 31850496 102 1
copy 8285 1 150323855406 31850496 101 1
copy 8286 1 150323855406 31850496 102 1
copy 8287 1 150323855407 31850496 101 1
copy 8288 1 150323855407 31850496 102 1
copy 8289 1 150323855408 31850496 101 1
copy 8290 1 150323855408 31850496 102 1
copy 8291 1 150323855409 31850496 101 1
copy 8292 1 150323855409 31850496 102 1
copy 8293 1 150323855410 31850496 101 1
copy 8294 1 150323855410 31850496 102 1
copy 8295 1 150323855411 31850496 101 1
copy 8296 1 150323855411 31850496 102 1
copy 8297 1 150323855412 31850496 101 1
copy 8298 1 150323855412 31850496 102 1
copy 8299 1 150323855413 31850496 101 1
copy 8300 1 150323855413 31850496 102 1
copy 8301 1 150323855414 31850496 101 1
copy 8302 1 150323855414 31850496 102 1
copy 8303 1 150323855415 31850496 101 1
copy 8304 1 150323855415 31850496 102 1
copy 8305 1 150323855416 31850496 101 1
copy 8306 1 150323855416 31850496 102 1
copy 8307 1 150323855417 31850496 101 1
copy 8308 1 150323855417 31850496 102 1
copy 8309 1 150323855418 31850496 101 1
copy 8310 1 150323855418 31850496 102 1
copy 8311 1 150323855419 31850496 101 1
copy 8312 1 150323855419 31850496 102 1
copy 8313 1 150323855420 31850496 101 1
copy 8314 1 150323855420 31850496 102 1
copy 8315 1 150323855421 31850496 101 1
copy 8316 1 150323855421 31850496 102 1
copy 8317 1 150323855422 31850496 101 1
copy 8318 1 150323855422 31850496 102 1
copy 8319 1 150323855423 31850496 101 1
copy 8320 1 150323855423 31850496 102 1
copy 8321 1 150323855424 31850496 101 1
copy 8322 1 150323855424 31850496 102 1
copy 8323 1 150323855425 31850496 101 1
copy 8324 1 150323855425 31850496 102 1
copy 8325 1 150323855426 31850496 101 1
copy 8326 1 150323855426 31850496 102 1
copy 8327 1 150323855427 31850496 101 1
copy 8328 1 150323855427 31850496 102 1
copy 8329 1 150323855428 31850496 101 1
copy 8330 1 150323855428 31850496 102 1
copy 8331 1 150323855429 31850496 101 1
copy 8332 1 150323855429 31850496 102 1
copy 8333 1 150323855430 31850496 101 1
copy 8334 1 150323855430 31850496 102 1
copy 8335 1 150323855431 31850496 101 1
copy 8336 1 150323855431 31850496 102 1
copy 8337 1 150323855432 31850496 101 1
copy 8338 1 150323855432 31850496 102 1
copy 8339 1 150323855433 31850496 101 1
copy 8340 1 150323855433 31850496 102 1
copy 8341 1 150323855434 31850496 101 1
copy 8342 1 150323855434 31850496 102 1
copy 8343 1 150323855435 31850496 101 1
copy 8344 1 150323855435 31850496 102 1
copy 8345 1 150323855436 31850496 101 1
copy 8346 1 150323855436 31850496 102 1
copy 8347 1 150323855437 31850496 101 1
copy 8348 1 150323855437 31850496 102 1
copy 8349 1 150323855438 31850496 101 1
copy 8350 1 150323855438 31850496 102 1
copy 8351 1 150323855439 31850496 101 1
copy 8352 1 150323855439 31850496 102 1
copy 8353 1 150323855440 31850496 101 1
copy 8354 1 150323855440 31850496 102 1
copy 8355 1 150323855441 31850496 101 1
copy 8356 1 150323855441 31850496 102 1
copy 8357 1 150323855442 31850496 101 1
copy 8358 1 150323855442 31850496 102 1
copy 8359 1 150323855443 31850496 101 1
copy 8360 1 150323855443 31850496 102 1
copy 8361 1 150323855444 31850496 101 1
copy 8362 1 150323855444 31850496 102 1
copy 8363 1 150323855445 31850496 101 1
copy 8364 1 150323855445 31850496 102 1
copy 8365 1 150323855446 31850496 101 1
copy 8366 1 150323855446 31850496 102 1
copy 8367 1 150323855447 31850496 101 1
copy 8368 1 150323855447 31850496 102 1
copy 8369 1 150323855448 31850496 101 1
copy 8370 1 150323855448 31850496 102 1
copy 8371 1 150323855449 31850496 101 1
copy 8372 1 150323855449 31850496 102 1
copy 8373 1 150323855450 31850496 101 1
copy 8374 1 150323855450 31850496 102 1
copy 8375 1 150323855451 31850496 101 1
copy 8376 1 150323855451 31850496 102 1
copy 8377 1 150323855452 31850496 101 1
copy 8378 1 150323855452 31850496 102 1
copy 8379 1 150323855453 31850496 101 1
copy 8380 1 150323855453 31850496 102 1
copy 8381 1 150323855454 31850496 101 1
copy 8382 1 150323855454 31850496 102 1
copy 8383 1 150323855455 31850496 101 1
copy 8384 1 150323855455 31850496 102 1
copy 8385 1 150323855456 31850496 101 1
copy 8386 1 150323855456 31850496 102 1
copy 8387 1 150323855457 31850496 101 1
copy 8388 1 150323855457 31850496 102 1
copy 8389 1 150323855458 31850496 101 1
copy 8390 1 150323855458 31850496 102 1
copy 8391 1 150323855459 31850496 101 1
copy 8392 1 150323855459 31850496 102 1
copy 8393 1 150323855460 31850496 101 1
copy 8394 1 150323855460 31850496 102 1
copy 8395 1 150323855461 31850496 101 1
copy 8396 1 150323855461 31850496 102 1
copy 8397 1 150323855462 31850496 101 1
copy 8398 1 150323855462 31850496 102 1
copy 8399 1 150323855463 31850496 101 1
copy 8400 1 150323855463 31850496 102 1
copy 8401 1 150323855464 31850496 101 1
copy 8402 1 150323855464 31850496 102 1
copy 8403 1 150323855465 31850496 101 1
copy 8404 1 150323855465 31850496 102 1
copy 8405 1 150323855466 31850496 101 1
copy 8406 1 150323855466 31850496 102 1
copy 8407 1 150323855467 31850496 101 1
copy 8408 1 150323855467 31850496 102 1
copy 8409 1 150323855468 31850496 101 1
copy 8410 1 150323855468 31850496 102 1
copy 8411 1 150323855469 31850496 101 1
copy 8412 1 150323855469 31850496 102 1
copy 8413 1 150323855470 31850496 101 1
copy 8414 1 150323855470 31850496 102 1
copy 8415 1 150323855471 31850496 101 1
copy 8416 1 150323855471 31850496 102 1
copy 8417 1 150323855472 31850496 101 1
copy 8418 1 150323855472 31850496 102 1
copy 8419 1 150323855473 31850496 101 1
copy 8420 1 150323855473 31850496 102 1
copy 8421 1 150323855474 31850496 101 1
copy 8422 1 150323855474 31850496 102 1
copy 8423 1 150323855475 31850496 101 1
copy 8424 1 150323855475 31850496 102 1
copy 8425 1 150323855476 31850496 101 1
copy 8426 1 150323855476 31850496 102 1
copy 8427 1 150323855477 31850496 101 1
copy 8428 1 150323855477 31850496 102 1
copy 8429 1 150323855478 31850496 101 1
copy 8430 1 150323855478 31850496 102 1
copy 8431 1 150323855479 31850496 101 1
copy 8432 1 150323855479 31850496 102 1
copy 8433 1 150323855480 31850496 101 1
copy 8434 1 150323855480 31850496 102 1
copy 8435 1 150323855481 31850496 101 1
copy 8436 1 150323855481 31850496 102 1
copy 8437 1 150323855482 31850496 101 1
copy 8438 1 150323855482 31850496 102 1
copy 8439 1 150323855483 31850496 101 1
copy 8440 1 150323855483 31850496 102 1
copy 8441 1 150323855484 31850496 101 1
copy 8442 1 150323855484 31850496 102 1
copy 8443 1 150323855485 31850496 101 1
copy 8444 1 150323855485 31850496 102 1
copy 8445 1 150323855486 31850496 101 1
copy 8446 1 150323855486 31850496 102 1
copy 8447 1 150323855487 31850496 101 1
copy 8448 1 150323855487 31850496 102 1
copy 8449 1 154618822656 31850496 101 1
copy 8450 1 154618822656 31850496 102 1
copy 8451 1 154618822657 31850496 101 1
copy 8452 1 154618822657 31850496 102 1
copy 8453 1 154618822658 31850496 101 1
copy 8454 1 154618822658 31850496 102 1
copy 8455 1 154618822659 31850496 101 1
copy 8456 1 154618822659 31850496 102 1
copy 8457 1 154618822660 31850496 101 1
copy 8458 1 154618822660 31850496 102 1
copy 8459 1 154618822661 31850496 101 1
copy 8460 1 154618822661 31850496 102 1
copy 8461 1 154618822662 31850496 101 1
copy 8462 1 154618822662 31850496 102 1
copy 8463 1 154618822663 31850496 101 1
copy 8464 1 154618822663 31850496 102 1
copy 8465 1 154618822664 31850496 101 1
copy 8466 1 154618822664 31850496 102 1
copy 8467 1 154618822665 31850496 101 1
copy 8468 1 154618822665 31850496 102 1
copy 8469 1 154618822666 31850496 101 1
copy 8470 1 154618822666 31850496 102 1
copy 8471 1 154618822667 31850496 101 1
copy 8472 1 154618822667 31850496 102 1
copy 8473 1 154618822668 31850496 101 1
copy 8474 1 154618822668 31850496 102 1
copy 8475 1 154618822669 31850496 101 1
copy 8476 1 154618822669 31850496 102 1
copy 8477 1 154618822670 31850496 101 1
copy 8478 1 154618822670 31850496 102 1
copy 8479 1 154618822671 31850496 101 1
copy 8480 1 154618822671 31850496 102 1
copy 8481 1 154618822672 31850496 101 1
copy 8482 1 154618822672 31850496 102 1
copy 8483 1 154618822673 31850496 101 1
copy 8484 1 154618822673 31850496 102 1
copy 8485 1 154618822674 31850496 101 1
copy 8486 1 154618822674 31850496 102 1
copy 8487 1 154618822675 31850496 101 1
copy 8488 1 154618822675 31850496 102 1
copy 8489 1 154618822676 31850496 101 1
copy 8490 1 154618822676 31850496 102 1
copy 8491 1 154618822677 31850496 101 1
copy 8492 1 154618822677 31850496 102 1
copy 8493 1 154618822678 31850496 101 1
copy 8494 1 154618822678 31850496 102 1
copy 8495 1 154618822679 31850496 101 1
copy 8496 1 154618822679 31850496 102 1
copy 8497 1 154618822680 31850496 101 1
copy 8498 1 154618822680 31850496 102 1
copy 8499 1 154618822681 31850496 101 1
copy 8500 1 154618822681 31850496 102 1
copy 8501 1 154618822682 31850496 101 1
copy 8502 1 154618822682 31850496 102 1
copy 8503 1 154618822683 31850496 101 1
copy 8504 1 154618822683 31850496 102 1
copy 8505 1 154618822684 31850496 101 1
copy 8506 1 154618822684 31850496 102 1
copy 8507 1 154618822685 31850496 101 1
copy 8508 1 154618822685 31850496 102 1
copy 8509 1 154618822686 31850496 101 1
copy 8510 1 154618822686 31850496 102 1
copy 8511 1 154618822687 31850496 101 1
copy 8512 1 154618822687 31850496 102 1
copy 8513 1 154618822688 31850496 101 1
copy 8514 1 154618822688 31850496 102 1
copy 8515 1 154618822689 31850496 101 1
copy 8516 1 154618822689 31850496 102 1
copy 8517 1 154618822690 31850496 101 1
copy 8518 1 154618822690 31850496 102 1
copy 8519 1 154618822691 31850496 101 1
copy 8520 1 154618822691 31850496 102 1
copy 8521 1 154618822692 31850496 101 1
copy 8522 1 154618822692 31850496 102 1
copy 8523 1 154618822693 31850496 101 1
copy 8524 1 154618822693 31850496 102 1
copy 8525 1 154618822694 31850496 101 1
copy 8526 1 154618822694 31850496 102 1
copy 8527 1 154618822695 31850496 101 1
copy 8528 1 154618822695 31850496 102 1
copy 8529 1 154618822696 31850496 101 1
copy 8530 1 154618822696 31850496 102 1
copy 8531 1 154618822697 31850496 101 1
copy 8532 1 154618822697 31850496 102 1
copy 8533 1 154618822698 31850496 101 1
copy 8534 1 154618822698 31850496 102 1
copy 8535 1 154618822699 31850496 101 1
copy 8536 1 154618822699 31850496 102 1
copy 8537 1 154618822700 31850496 101 1
copy 8538 1 154618822700 31850496 102 1
copy 8539 1 154618822701 31850496 101 1
copy 8540 1 154618822701 31850496 102 1
copy 8541 1 154618822702 31850496 101 1
copy 8542 1 154618822702 31850496 102 1
copy 8543 1 154618822703 31850496 101 1
copy 8544 1 154618822703 31850496 102 1
copy 8545 1 154618822704 31850496 101 1
copy 8546 1 154618822704 31850496 102 1
copy 8547 1 154618822705 31850496 101 1
copy 8548 1 154618822705 31850496 102 1
copy 8549 1 154618822706 31850496 101 1
copy 8550 1 154618822706 31850496 102 1
copy 8551 1 154618822707 31850496 101 1
copy 8552 1 154618822707 31850496 102 1
copy 8553 1 154618822708 31850496 101 1
copy 8554 1 154618822708 31850496 102 1
copy 8555 1 154618822709 31850496 101 1
copy 8556 1 154618822709 31850496 102 1
copy 8557 1 154618822710 31850496 101 1
copy 8558 1 154618822710 31850496 102 1
copy 8559 1 154618822711 31850496 101 1
copy 8560 1 154618822711 31850496 102 1
copy 8561 1 154618822712 31850496 101 1
copy 8562 1 154618822712 31850496 102 1
copy 8563 1 154618822713 31850496 101 1
copy 8564 1 154618822713 31850496 102 1
copy 8565 1 154618822714 31850496 101 1
copy 8566 1 154618822714 31850496 102 1
copy 8567 1 154618822715 31850496 101 1
copy 8568 1 154618822715 31850496 102 1
copy 8569 1 154618822716 31850496 101 1
copy 8570 1 154618822716 31850496 102 1
copy 8571 1 154618822717 31850496 101 1
copy 8572 1 154618822717 31850496 102 1
copy 8573 1 154618822718 31850496 101 1
copy 8574 1 154618822718 31850496 102 1
copy 8575 1 154618822719 31850496 101 1
copy 8576 1 154618822719 31850496 102 1
copy 8577 1 154618822720 31850496 101 1
copy 8578 1 154618822720 31850496 102 1
copy 8579 1 154618822721 31850496 101 1
copy 8580 1 154618822721 31850496 102 1
copy 8581 1 154618822722 31850496 101 1
copy 8582 1 154618822722 31850496 102 1
copy 8583 1 154618822723 31850496 101 1
copy 8584 1 154618822723 31850496 102 1
copy 8585 1 154618822724 31850496 101 1
copy 8586 1 154618822724 31850496 102 1
copy 8587 1 154618822725 31850496 101 1
copy 8588 1 154618822725 31850496 102 1
copy 8589 1 154618822726 31850496 101 1
copy 8590 1 154618822726 31850496 102 1
copy 8591 1 154618822727 31850496 101 1
copy 8592 1 154618822727 31850496 102 1
copy 8593 1 154618822728 31850496 101 1
copy 8594 1 154618822728 31850496 102 1
copy 8595 1 154618822729 31850496 101 1
copy 8596 1 154618822729 31850496 102 1
copy 8597 1 154618822730 31850496 101 1
copy 8598 1 154618822730 31850496 102 1
copy 8599 1 154618822731 31850496 101 1
copy 8600 1 154618822731 31850496 102 1
copy 8601 1 154618822732 31850496 101 1
copy 8602 1 154618822732 31850496 102 1
copy 8603 1 154618822733 31850496 101 1
copy 8604 1 154618822733 31850496 102 1
copy 8605 1 154618822734 31850496 101 1
copy 8606 1 154618822734 31850496 102 1
copy 8607 1 154618822735 31850496 101 1
copy 8608 1 154618822735 31850496 102 1
copy 8609 1 154618822736 31850496 101 1
copy 8610 1 154618822736 31850496 102 1
copy 8611 1 154618822737 31850496 101 1
copy 8612 1 154618822737 31850496 102 1
copy 8613 1 154618822738 31850496 101 1
copy 8614 1 154618822738 31850496 102 1
copy 8615 1 154618822739 31850496 101 1
copy 8616 1 154618822739 31850496 102 1
copy 8617 1 154618822740 31850496 101 1
copy 8618 1 154618822740 31850496 102 1
copy 8619 1 154618822741 31850496 101 1
copy 8620 1 154618822741 31850496 102 1
copy 8621 1 154618822742 31850496 101 1
copy 8622 1 154618822742 31850496 102 1
copy 8623 1 154618822743 31850496 101 1
copy 8624 1 154618822743 31850496 102 1
copy 8625 1 154618822744 31850496 101 1
copy 8626 1 154618822744 31850496 102 1
copy 8627 1 154618822745 31850496 101 1
copy 8628 1 154618822745 31850496 102 1
copy 8629 1 154618822746 31850496 101 1
copy 8630 1 154618822746 31850496 102 1
copy 8631 1 154618822747 31850496 101 1
copy 8632 1 154618822747 31850496 102 1
copy 8633 1 154618822748 31850496 101 1
copy 8634 1 154618822748 31850496 102 1
copy 8635 1 154618822749 31850496 101 1
copy 8636 1 154618822749 31850496 102 1
copy 8637 1 154618822750 31850496 101 1
copy 8638 1 154618822750 31850496 102 1
copy 8639 1 154618822751 31850496 101 1
copy 8640 1 154618822751 31850496 102 1
copy 8641 1 154618822752 31850496 101 1
copy 8642 1 154618822752 31850496 102 1
copy 8643 1 154618822753 31850496 101 1
copy 8644 1 154618822753 31850496 102 1
copy 8645 1 154618822754 31850496 101 1
copy 8646 1 154618822754 31850496 102 1
copy 8647 1 154618822755 31850496 101 1
copy 8648 1 154618822755 31850496 102 1
copy 8649 1 154618822756 31850496 101 1
copy 8650 1 154618822756 31850496 102 1
copy 8651 1 154618822757 31850496 101 1
copy 8652 1 154618822757 31850496 102 1
copy 8653 1 154618822758 31850496 101 1
copy 8654 1 154618822758 31850496 102 1
copy 8655 1 154618822759 31850496 101 1
copy 8656 1 154618822759 31850496 102 1
copy 8657 1 154618822760 31850496 101 1
copy 8658 1 154618822760 31850496 102 1
copy 8659 1 154618822761 31850496 101 1
copy 8660 1 154618822761 31850496 102 1
copy 8661 1 154618822762 31850496 101 1
copy 8662 1 154618822762 31850496 102 1
copy 8663 1 154618822763 31850496 101 1
copy 8664 1 154618822763 31850496 102 1
copy 8665 1 154618822764 31850496 101 1
copy 8666 1 154618822764 31850496 102 1
copy 8667 1 154618822765 31850496 101 1
copy 8668 1 154618822765 31850496 102 1
copy 8669 1 154618822766 31850496 101 1
copy 8670 1 154618822766 31850496 102 1
copy 8671 1 154618822767 31850496 101 1
copy 8672 1 154618822767 31850496 102 1
copy 8673 1 154618822768 31850496 101 1
copy 8674 1 154618822768 31850496 102 1
copy 8675 1 154618822769 31850496 101 1
copy 8676 1 154618822769 31850496 102 1
copy 8677 1 154618822770 31850496 101 1
copy 8678 1 154618822770 31850496 102 1
copy 8679 1 154618822771 31850496 101 1
copy 8680 1 154618822771 31850496 102 1
copy 8681 1 154618822772 31850496 101 1
copy 8682 1 154618822772 31850496 102 1
copy 8683 1 154618822773 31850496 101 1
copy 8684 1 154618822773 31850496 102 1
copy 8685 1 154618822774 31850496 101 1
copy 8686 1 154618822774 31850496 102 1
copy 8687 1 154618822775 31850496 101 1
copy 8688 1 154618822775 31850496 102 1
copy 8689 1 154618822776 31850496 101 1
copy 8690 1 154618822776 31850496 102 1
copy 8691 1 154618822777 31850496 101 1
copy 8692 1 154618822777 31850496 102 1
copy 8693 1 154618822778 31850496 101 1
copy 8694 1 154618822778 31850496 102 1
copy 8695 1 154618822779 31850496 101 1
copy 8696 1 154618822779 31850496 102 1
copy 8697 1 154618822780 31850496 101 1
copy 8698 1 154618822780 31850496 102 1
copy 8699 1 154618822781 31850496 101 1
copy 8700 1 154618822781 31850496 102 1
copy 8701 1 154618822782 31850496 101 1
copy 8702 1 154618822782 31850496 102 1
copy 8703 1 154618822783 31850496 101 1
copy 8704 1 154618822783 31850496 102 1
copy 8705 1 158913789952 31850496 101 1
copy 8706 1 158913789952 31850496 102 1
copy 8707 1 158913789953 31850496 101 1
copy 8708 1 158913789953 31850496 102 1
copy 8709 1 158913789954 31850496 101 1
copy 8710 1 158913789954 31850496 102 1
copy 8711 1 158913789955 31850496 101 1
copy 8712 1 158913789955 31850496 102 1
copy 8713 1 158913789956 31850496 101 1
copy 8714 1 158913789956 31850496 102 1
copy 8715 1 158913789957 31850496 101 1
copy 8716 1 158913789957 31850496 102 1
copy 8717 1 158913789958 31850496 101 1
copy 8718 1 158913789958 31850496 102 1
copy 8719 1 158913789959 31850496 101 1
copy 8720 1 158913789959 31850496 102 1
copy 8721 1 158913789960 31850496 101 1
copy 8722 1 158913789960 31850496 102 1
copy 8723 1 158913789961 31850496 101 1
copy 8724 1 158913789961 31850496 102 1
copy 8725 1 158913789962 31850496 101 1
copy 8726 1 158913789962 31850496 102 1
copy 8727 1 158913789963 31850496 101 1
copy 8728 1 158913789963 31850496 102 1
copy 8729 1 158913789964 31850496 101 1
copy 8730 1 158913789964 31850496 102 1
copy 8731 1 158913789965 31850496 101 1
copy 8732 1 158913789965 31850496 102 1
copy 8733 1 158913789966 31850496 101 1
copy 8734 1 158913789966 31850496 102 1
copy 8735 1 158913789967 31850496 101 1
copy 8736 1 158913789967 31850496 102 1
copy 8737 1 158913789968 31850496 101 1
copy 8738 1 158913789968 31850496 102 1
copy 8739 1 158913789969 31850496 101 1
copy 8740 1 158913789969 31850496 102 1
copy 8741 1 158913789970 31850496 101 1
copy 8742 1 158913789970 31850496 102 1
copy 8743 1 158913789971 31850496 101 1
copy 8744 1 158913789971 31850496 102 1
copy 8745 1 158913789972 31850496 101 1
copy 8746 1 158913789972 31850496 102 1
copy 8747 1 158913789973 31850496 101 1
copy 8748 1 158913789973 31850496 102 1
copy 8749 1 158913789974 31850496 101 1
copy 8750 1 158913789974 31850496 102 1
copy 8751 1 158913789975 31850496 101 1
copy 8752 1 158913789975 31850496 102 1
copy 8753 1 158913789976 31850496 101 1
copy 8754 1 158913789976 31850496 102 1
copy 8755 1 158913789977 31850496 101 1
copy 8756 1 158913789977 31850496 102 1
copy 8757 1 158913789978 31850496 101 1
copy 8758 1 158913789978 31850496 102 1
copy 8759 1 158913789979 31850496 101 1
copy 8760 1 158913789979 31850496 102 1
copy 8761 1 158913789980 31850496 101 1
copy 8762 1 158913789980 31850496 102 1
copy 8763 1 158913789981 31850496 101 1
copy 8764 1 158913789981 31850496 102 1
copy 8765 1 158913789982 31850496 101 1
copy 8766 1 158913789982 31850496 102 1
copy 8767 1 158913789983 31850496 101 1
copy 8768 1 158913789983 31850496 102 1
copy 8769 1 158913789984 31850496 101 1
copy 8770 1 158913789984 31850496 102 1
copy 8771 1 158913789985 31850496 101 1
copy 8772 1 158913789985 31850496 102 1
copy 8773 1 158913789986 31850496 101 1
copy 8774 1 158913789986 31850496 102 1
copy 8775 1 158913789987 31850496 101 1
copy 8776 1 158913789987 31850496 102 1
copy 8777 1 158913789988 31850496 101 1
copy 8778 1 158913789988 31850496 102 1
copy 8779 1 158913789989 31850496 101 1
copy 8780 1 158913789989 31850496 102 1
copy 8781 1 158913789990 31850496 101 1
copy 8782 1 158913789990 31850496 102 1
copy 8783 1 158913789991 31850496 101 1
copy 8784 1 158913789991 31850496 102 1
copy 8785 1 158913789992 31850496 101 1
copy 8786 1 158913789992 31850496 102 1
copy 8787 1 158913789993 31850496 101 1
copy 8788 1 158913789993 31850496 102 1
copy 8789 1 158913789994 31850496 101 1
copy 8790 1 158913789994 31850496 102 1
copy 8791 1 158913789995 31850496 101 1
copy 8792 1 158913789995 31850496 102 1
copy 8793 1 158913789996 31850496 101 1
copy 8794 1 158913789996 31850496 102 1
copy 8795 1 158913789997 31850496 101 1
copy 8796 1 158913789997 31850496 102 1
copy 8797 1 158913789998 31850496 101 1
copy 8798 1 158913789998 31850496 102 1
copy 8799 1 158913789999 31850496 101 1
copy 8800 1 158913789999 31850496 102 1
copy 8801 1 158913790000 31850496 101 1
copy 8802 1 158913790000 31850496 102 1
copy 8803 1 158913790001 31850496 101 1
copy 8804 1 158913790001 31850496 102 1
copy 8805 1 158913790002 31850496 101 1
copy 8806 1 158913790002 31850496 102 1
copy 8807 1 158913790003 31850496 101 1
copy 8808 1 158913790003 31850496 102 1
copy 8809 1 158913790004 31850496 101 1
copy 8810 1 158913790004 31850496 102 1
copy 8811 1 158913790005 31850496 101 1
copy 8812 1 158913790005 31850496 102 1
copy 8813 1 158913790006 31850496 101 1
copy 8814 1 158913790006 31850496 102 1
copy 8815 1 158913790007 31850496 101 1
copy 8816 1 158913790007 31850496 102 1
copy 8817 1 158913790008 31850496 101 1
copy 8818 1 158913790008 31850496 102 1
copy 8819 1 158913790009 31850496 101 1
copy 8820 1 158913790009 31850496 102 1
copy 8821 1 158913790010 31850496 101 1
copy 8822 1 158913790010 31850496 102 1
copy 8823 1 158913790011 31850496 101 1
copy 8824 1 158913790011 31850496 102 1
copy 8825 1 158913790012 31850496 101 1
copy 8826 1 158913790012 31850496 102 1
copy 8827 1 158913790013 31850496 101 1
copy 8828 1 158913790013 31850496 102 1
copy 8829 1 158913790014 31850496 101 1
copy 8830 1 158913790014 31850496 102 1
copy 8831 1 158913790015 31850496 101 1
copy 8832 1 158913790015 31850496 102 1
copy 8833 1 158913790016 31850496 101 1
copy 8834 1 158913790016 31850496 102 1
copy 8835 1 158913790017 31850496 101 1
copy 8836 1 158913790017 31850496 102 1
copy 8837 1 158913790018 31850496 101 1
copy 8838 1 158913790018 31850496 102 1
copy 8839 1 158913790019 31850496 101 1
copy 8840 1 158913790019 31850496 102 1
copy 8841 1 158913790020 31850496 101 1
copy 8842 1 158913790020 31850496 102 1
copy 8843 1 158913790021 31850496 101 1
copy 8844 1 158913790021 31850496 102 1
copy 8845 1 158913790022 31850496 101 1
copy 8846 1 158913790022 31850496 102 1
copy 8847 1 158913790023 31850496 101 1
copy 8848 1 158913790023 31850496 102 1
copy 8849 1 158913790024 31850496 101 1
copy 8850 1 158913790024 31850496 102 1
copy 8851 1 158913790025 31850496 101 1
copy 8852 1 158913790025 31850496 102 1
copy 8853 1 158913790026 31850496 101 1
copy 8854 1 158913790026 31850496 102 1
copy 8855 1 158913790027 31850496 101 1
copy 8856 1 158913790027 31850496 102 1
copy 8857 1 158913790028 31850496 101 1
copy 8858 1 158913790028 31850496 102 1
copy 8859 1 158913790029 31850496 101 1
copy 8860 1 158913790029 31850496 102 1
copy 8861 1 158913790030 31850496 101 1
copy 8862 1 158913790030 31850496 102 1
copy 8863 1 158913790031 31850496 101 1
copy 8864 1 158913790031 31850496 102 1
copy 8865 1 158913790032 31850496 101 1
copy 8866 1 158913790032 31850496 102 1
copy 8867 1 158913790033 31850496 101 1
copy 8868 1 158913790033 31850496 102 1
copy 8869 1 158913790034 31850496 101 1
copy 8870 1 158913790034 31850496 102 1
copy 8871 1 158913790035 31850496 101 1
copy 8872 1 158913790035 31850496 102 1
copy 8873 1 158913790036 31850496 101 1
copy 8874 1 158913790036 31850496 102 1
copy 8875 1 158913790037 31850496 101 1
copy 8876 1 158913790037 31850496 102 1
copy 8877 1 158913790038 31850496 101 1
copy 8878 1 158913790038 31850496 102 1
copy 8879 1 158913790039 31850496 101 1
copy 8880 1 158913790039 31850496 102 1
copy 8881 1 158913790040 31850496 101 1
copy 8882 1 158913790040 31850496 102 1
copy 8883 1 158913790041 31850496 101 1
copy 8884 1 158913790041 31850496 102 1
copy 8885 1 158913790042 31850496 101 1
copy 8886 1 158913790042 31850496 102 1
copy 8887 1 158913790043 31850496 101 1
copy 8888 1 158913790043 31850496 102 1
copy 8889 1 158913790044 31850496 101 1
copy 8890 1 158913790044 31850496 102 1
copy 8891 1 158913790045 31850496 101 1
copy 8892 1 158913790045 31850496 102 1
copy 8893 1 158913790046 31850496 101 1
copy 8894 1 158913790046 31850496 102 1
copy 8895 1 158913790047 31850496 101 1
copy 8896 1 158913790047 31850496 102 1
copy 8897 1 158913790048 31850496 101 1
copy 8898 1 158913790048 31850496 102 1
copy 8899 1 158913790049 31850496 101 1
copy 8900 1 158913790049 31850496 102 1
copy 8901 1 158913790050 31850496 101 1
copy 8902 1 158913790050 31850496 102 1
copy 8903 1 158913790051 31850496 101 1
copy 8904 1 158913790051 31850496 102 1
copy 8905 1 158913790052 31850496 101 1
copy 8906 1 158913790052 31850496 102 1
copy 8907 1 158913790053 31850496 101 1
copy 8908 1 158913790053 31850496 102 1
copy 8909 1 158913790054 31850496 101 1
copy 8910 1 158913790054 31850496 102 1
copy 8911 1 158913790055 31850496 101 1
copy 8912 1 158913790055 31850496 102 1
copy 8913 1 158913790056 31850496 101 1
copy 8914 1 158913790056 31850496 102 1
copy 8915 1 158913790057 31850496 101 1
copy 8916 1 158913790057 31850496 102 1
copy 8917 1 158913790058 31850496 101 1
copy 8918 1 158913790058 31850496 102 1
copy 8919 1 158913790059 31850496 101 1
copy 8920 1 158913790059 31850496 102 1
copy 8921 1 158913790060 31850496 101 1
copy 8922 1 158913790060 31850496 102 1
copy 8923 1 158913790061 31850496 101 1
copy 8924 1 158913790061 31850496 102 1
copy 8925 1 158913790062 31850496 101 1
copy 8926 1 158913790062 31850496 102 1
copy 8927 1 158913790063 31850496 101 1
copy 8928 1 158913790063 31850496 102 1
copy 8929 1 158913790064 31850496 101 1
copy 8930 1 158913790064 31850496 102 1
copy 8931 1 158913790065 31850496 101 1
copy 8932 1 158913790065 31850496 102 1
copy 8933 1 158913790066 31850496 101 1
copy 8934 1 158913790066 31850496 102 1
copy 8935 1 158913790067 31850496 101 1
copy 8936 1 158913790067 31850496 102 1
copy 8937 1 158913790068 31850496 101 1
copy 8938 1 158913790068 31850496 102 1
copy 8939 1 158913790069 31850496 101 1
copy 8940 1 158913790069 31850496 102 1
copy 8941 1 158913790070 31850496 101 1
copy 8942 1 158913790070 31850496 102 1
copy 8943 1 158913790071 31850496 101 1
copy 8944 1 158913790071 31850496 102 1
copy 8945 1 158913790072 31850496 101 1
copy 8946 1 158913790072 31850496 102 1
copy 8947 1 158913790073 31850496 101 1
copy 8948 1 158913790073 31850496 102 1
copy 8949 1 158913790074 31850496 101 1
copy 8950 1 158913790074 31850496 102 1
copy 8951 1 158913790075 31850496 101 1
copy 8952 1 158913790075 31850496 102 1
copy 8953 1 158913790076 31850496 101 1
copy 8954 1 158913790076 31850496 102 1
copy 8955 1 158913790077 31850496 101 1
copy 8956 1 158913790077 31850496 102 1
copy 8957 1 158913790078 31850496 101 1
copy 8958 1 158913790078 31850496 102 1
copy 8959 1 158913790079 31850496 101 1
copy 8960 1 158913790079 31850496 102 1
copy 8961 1 163208757248 31850496 101 1
copy 8962 1 163208757248 31850496 102 1
copy 8963 1 163208757249 31850496 101 1
copy 8964 1 163208757249 31850496 102 1
copy 8965 1 163208757250 31850496 101 1
copy 8966 1 163208757250 31850496 102 1
copy 8967 1 163208757251 31850496 101 1
copy 8968 1 163208757251 31850496 102 1
copy 8969 1 163208757252 31850496 101 1
copy 8970 1 163208757252 31850496 102 1
copy 8971 1 163208757253 31850496 101 1
copy 8972 1 163208757253 31850496 102 1
copy 8973 1 163208757254 31850496 101 1
copy 8974 1 163208757254 31850496 102 1
copy 8975 1 163208757255 31850496 101 1
copy 8976 1 163208757255 31850496 102 1
copy 8977 1 163208757256 31850496 101 1
copy 8978 1 163208757256 31850496 102 1
copy 8979 1 163208757257 31850496 101 1
copy 8980 1 163208757257 31850496 102 1
copy 8981 1 163208757258 31850496 101 1
copy 8982 1 163208757258 31850496 102 1
copy 8983 1 163208757259 31850496 101 1
copy 8984 1 163208757259 31850496 102 1
copy 8985 1 163208757260 31850496 101 1
copy 8986 1 163208757260 31850496 102 1
copy 8987 1 163208757261 31850496 101 1
copy 8988 1 163208757261 31850496 102 1
copy 8989 1 163208757262 31850496 101 1
copy 8990 1 163208757262 31850496 102 1
copy 8991 1 163208757263 31850496 101 1
copy 8992 1 163208757263 31850496 102 1
copy 8993 1 163208757264 31850496 101 1
copy 8994 1 163208757264 31850496 102 1
copy 8995 1 163208757265 31850496 101 1
copy 8996 1 163208757265 31850496 102 1
copy 8997 1 163208757266 31850496 101 1
copy 8998 1 163208757266 31850496 102 1
copy 8999 1 163208757267 31850496 101 1
copy 9000 1 163208757267 31850496 102 1
copy 9001 1 163208757268 31850496 101 1
copy 9002 1 163208757268 31850496 102 1
copy 9003 1 163208757269 31850496 101 1
copy 9004 1 163208757269 31850496 102 1
copy 9005 1 163208757270 31850496 101 1
copy 9006 1 163208757270 31850496 102 1
copy 9007 1 163208757271 31850496 101 1
copy 9008 1 163208757271 31850496 102 1
copy 9009 1 163208757272 31850496 101 1
copy 9010 1 163208757272 31850496 102 1
copy 9011 1 163208757273 31850496 101 1
copy 9012 1 163208757273 31850496 102 1
copy 9013 1 163208757274 31850496 101 1
copy 9014 1 163208757274 31850496 102 1
copy 9015 1 163208757275 31850496 101 1
copy 9016 1 163208757275 31850496 102 1
copy 9017 1 163208757276 31850496 101 1
copy 9018 1 163208757276 31850496 102 1
copy 9019 1 163208757277 31850496 101 1
copy 9020 1 163208757277 31850496 102 1
copy 9021 1 163208757278 31850496 101 1
copy 9022 1 163208757278 31850496 102 1
copy 9023 1 163208757279 31850496 101 1
copy 9024 1 163208757279 31850496 102 1
copy 9025 1 163208757280 31850496 101 1
copy 9026 1 163208757280 31850496 102 1
copy 9027 1 163208757281 31850496 101 1
copy 9028 1 163208757281 31850496 102 1
copy 9029 1 163208757282 31850496 101 1
copy 9030 1 163208757282 31850496 102 1
copy 9031 1 163208757283 31850496 101 1
copy 9032 1 163208757283 31850496 102 1
copy 9033 1 163208757284 31850496 101 1
copy 9034 1 163208757284 31850496 102 1
copy 9035 1 163208757285 31850496 101 1
copy 9036 1 163208757285 31850496 102 1
copy 9037 1 163208757286 31850496 101 1
copy 9038 1 163208757286 31850496 102 1
copy 9039 1 163208757287 31850496 101 1
copy 9040 1 163208757287 31850496 102 1
copy 9041 1 163208757288 31850496 101 1
copy 9042 1 163208757288 31850496 102 1
copy 9043 1 163208757289 31850496 101 1
copy 9044 1 163208757289 31850496 102 1
copy 9045 1 163208757290 31850496 101 1
copy 9046 1 163208757290 31850496 102 1
copy 9047 1 163208757291 31850496 101 1
copy 9048 1 163208757291 31850496 102 1
copy 9049 1 163208757292 31850496 101 1
copy 9050 1 163208757292 31850496 102 1
copy 9051 1 163208757293 31850496 101 1
copy 9052 1 163208757293 31850496 102 1
copy 9053 1 163208757294 31850496 101 1
copy 9054 1 163208757294 31850496 102 1
copy 9055 1 163208757295 31850496 101 1
copy 9056 1 163208757295 31850496 102 1
copy 9057 1 163208757296 31850496 101 1
copy 9058 1 163208757296 31850496 102 1
copy 9059 1 163208757297 31850496 101 1
copy 9060 1 163208757297 31850496 102 1
copy 9061 1 163208757298 31850496 101 1
copy 9062 1 163208757298 31850496 102 1
copy 9063 1 163208757299 31850496 101 1
copy 9064 1 163208757299 31850496 102 1
copy 9065 1 163208757300 31850496 101 1
copy 9066 1 163208757300 31850496 102 1
copy 9067 1 163208757301 31850496 101 1
copy 9068 1 163208757301 31850496 102 1
copy 9069 1 163208757302 31850496 101 1
copy 9070 1 163208757302 31850496 102 1
copy 9071 1 163208757303 31850496 101 1
copy 9072 1 163208757303 31850496 102 1
copy 9073 1 163208757304 31850496 101 1
copy 9074 1 163208757304 31850496 102 1
copy 9075 1 163208757305 31850496 101 1
copy 9076 1 163208757305 31850496 102 1
copy 9077 1 163208757306 31850496 101 1
copy 9078 1 163208757306 31850496 102 1
copy 9079 1 163208757307 31850496 101 1
copy 9080 1 163208757307 31850496 102 1
copy 9081 1 163208757308 31850496 101 1
copy 9082 1 163208757308 31850496 102 1
copy 9083 1 163208757309 31850496 101 1
copy 9084 1 163208757309 31850496 102 1
copy 9085 1 163208757310 31850496 101 1
copy 9086 1 163208757310 31850496 102 1
copy 9087 1 163208757311 31850496 101 1
copy 9088 1 163208757311 31850496 102 1
copy 9089 1 163208757312 31850496 101 1
copy 9090 1 163208757312 31850496 102 1
copy 9091 1 163208757313 31850496 101 1
copy 9092 1 163208757313 31850496 102 1
copy 9093 1 163208757314 31850496 101 1
copy 9094 1 163208757314 31850496 102 1
copy 9095 1 163208757315 31850496 101 1
copy 9096 1 163208757315 31850496 102 1
copy 9097 1 163208757316 31850496 101 1
copy 9098 1 163208757316 31850496 102 1
copy 9099 1 163208757317 31850496 101 1
copy 9100 1 163208757317 31850496 102 1
copy 9101 1 163208757318 31850496 101 1
copy 9102 1 163208757318 31850496 102 1
copy 9103 1 163208757319 31850496 101 1
copy 9104 1 163208757319 31850496 102 1
copy 9105 1 163208757320 31850496 101 1
copy 9106 1 163208757320 31850496 102 1
copy 9107 1 163208757321 31850496 101 1
copy 9108 1 163208757321 31850496 102 1
copy 9109 1 163208757322 31850496 101 1
copy 9110 1 163208757322 31850496 102 1
copy 9111 1 163208757323 31850496 101 1
copy 9112 1 163208757323 31850496 102 1
copy 9113 1 163208757324 31850496 101 1
copy 9114 1 163208757324 31850496 102 1
copy 9115 1 163208757325 31850496 101 1
copy 9116 1 163208757325 31850496 102 1
copy 9117 1 163208757326 31850496 101 1
copy 9118 1 163208757326 31850496 102 1
copy 9119 1 163208757327 31850496 101 1
copy 9120 1 163208757327 31850496 102 1
copy 9121 1 163208757328 31850496 101 1
copy 9122 1 163208757328 31850496 102 1
copy 9123 1 163208757329 31850496 101 1
copy 9124 1 163208757329 31850496 102 1
copy 9125 1 163208757330 31850496 101 1
copy 9126 1 163208757330 31850496 102 1
copy 9127 1 163208757331 31850496 101 1
copy 9128 1 163208757331 31850496 102 1
copy 9129 1 163208757332 31850496 101 1
copy 9130 1 163208757332 31850496 102 1
copy 9131 1 163208757333 31850496 101 1
copy 9132 1 163208757333 31850496 102 1
copy 9133 1 163208757334 31850496 101 1
copy 9134 1 163208757334 31850496 102 1
copy 9135 1 163208757335 31850496 101 1
copy 9136 1 163208757335 31850496 102 1
copy 9137 1 163208757336 31850496 101 1
copy 9138 1 163208757336 31850496 102 1
copy 9139 1 163208757337 31850496 101 1
copy 9140 1 163208757337 31850496 102 1
copy 9141 1 163208757338 31850496 101 1
copy 9142 1 163208757338 31850496 102 1
copy 9143 1 163208757339 31850496 101 1
copy 9144 1 163208757339 31850496 102 1
copy 9145 1 163208757340 31850496 101 1
copy 9146 1 163208757340 31850496 102 1
copy 9147 1 163208757341 31850496 101 1
copy 9148 1 163208757341 31850496 102 1
copy 9149 1 163208757342 31850496 101 1
copy 9150 1 163208757342 31850496 102 1
copy 9151 1 163208757343 31850496 101 1
copy 9152 1 163208757343 31850496 102 1
copy 9153 1 163208757344 31850496 101 1
copy 9154 1 163208757344 31850496 102 1
copy 9155 1 163208757345 31850496 101 1
copy 9156 1 163208757345 31850496 102 1
copy 9157 1 163208757346 31850496 101 1
copy 9158 1 163208757346 31850496 102 1
copy 9159 1 163208757347 31850496 101 1
copy 9160 1 163208757347 31850496 102 1
copy 9161 1 163208757348 31850496 101 1
copy 9162 1 163208757348 31850496 102 1
copy 9163 1 163208757349 31850496 101 1
copy 9164 1 163208757349 31850496 102 1
copy 9165 1 163208757350 31850496 101 1
copy 9166 1 163208757350 31850496 102 1
copy 9167 1 163208757351 31850496 101 1
copy 9168 1 163208757351 31850496 102 1
copy 9169 1 163208757352 31850496 101 1
copy 9170 1 163208757352 31850496 102 1
copy 9171 1 163208757353 31850496 101 1
copy 9172 1 163208757353 31850496 102 1
copy 9173 1 163208757354 31850496 101 1
copy 9174 1 163208757354 31850496 102 1
copy 9175 1 163208757355 31850496 101 1
copy 9176 1 163208757355 31850496 102 1
copy 9177 1 163208757356 31850496 101 1
copy 9178 1 163208757356 31850496 102 1
copy 9179 1 163208757357 31850496 101 1
copy 9180 1 163208757357 31850496 102 1
copy 9181 1 163208757358 31850496 101 1
copy 9182 1 163208757358 31850496 102 1
copy 9183 1 163208757359 31850496 101 1
copy 9184 1 163208757359 31850496 102 1
copy 9185 1 163208757360 31850496 101 1
copy 9186 1 163208757360 31850496 102 1
copy 9187 1 163208757361 31850496 101 1
copy 9188 1 163208757361 31850496 102 1
copy 9189 1 163208757362 31850496 101 1
copy 9190 1 163208757362 31850496 102 1
copy 9191 1 163208757363 31850496 101 1
copy 9192 1 163208757363 31850496 102 1
copy 9193 1 163208757364 31850496 101 1
copy 9194 1 163208757364 31850496 102 1
copy 9195 1 163208757365 31850496 101 1
copy 9196 1 163208757365 31850496 102 1
copy 9197 1 163208757366 31850496 101 1
copy 9198 1 163208757366 31850496 102 1
copy 9199 1 163208757367 31850496 101 1
copy 9200 1 163208757367 31850496 102 1
copy 9201 1 163208757368 31850496 101 1
copy 9202 1 163208757368 31850496 102 1
copy 9203 1 163208757369 31850496 101 1
copy 9204 1 163208757369 31850496 102 1
copy 9205 1 163208757370 31850496 101 1
copy 9206 1 163208757370 31850496 102 1
copy 9207 1 163208757371 31850496 101 1
copy 9208 1 163208757371 31850496 102 1
copy 9209 1 163208757372 31850496 101 1
copy 9210 1 163208757372 31850496 102 1
copy 9211 1 163208757373 31850496 101 1
copy 9212 1 163208757373 31850496 102 1
copy 9213 1 163208757374 31850496 101 1
copy 9214 1 163208757374 31850496 102 1
copy 9215 1 163208757375 31850496 101 1
copy 9216 1 163208757375 31850496 102 1
copy 9217 1 167503724544 31850496 101 1
copy 9218 1 167503724544 31850496 102 1
copy 9219 1 167503724545 31850496 101 1
copy 9220 1 167503724545 31850496 102 1
copy 9221 1 167503724546 31850496 101 1
copy 9222 1 167503724546 31850496 102 1
copy 9223 1 167503724547 31850496 101 1
copy 9224 1 167503724547 31850496 102 1
copy 9225 1 167503724548 31850496 101 1
copy 9226 1 167503724548 31850496 102 1
copy 9227 1 167503724549 31850496 101 1
copy 9228 1 167503724549 31850496 102 1
copy 9229 1 167503724550 31850496 101 1
copy 9230 1 167503724550 31850496 102 1
copy 9231 1 167503724551 31850496 101 1
copy 9232 1 167503724551 31850496 102 1
copy 9233 1 167503724552 31850496 101 1
copy 9234 1 167503724552 31850496 102 1
copy 9235 1 167503724553 31850496 101 1
copy 9236 1 167503724553 31850496 102 1
copy 9237 1 167503724554 31850496 101 1
copy 9238 1 167503724554 31850496 102 1
copy 9239 1 167503724555 31850496 101 1
copy 9240 1 167503724555 31850496 102 1
copy 9241 1 167503724556 31850496 101 1
copy 9242 1 167503724556 31850496 102 1
copy 9243 1 167503724557 31850496 101 1
copy 9244 1 167503724557 31850496 102 1
copy 9245 1 167503724558 31850496 101 1
copy 9246 1 167503724558 31850496 102 1
copy 9247 1 167503724559 31850496 101 1
copy 9248 1 167503724559 31850496 102 1
copy 9249 1 167503724560 31850496 101 1
copy 9250 1 167503724560 31850496 102 1
copy 9251 1 167503724561 31850496 101 1
copy 9252 1 167503724561 31850496 102 1
copy 9253 1 167503724562 31850496 101 1
copy 9254 1 167503724562 31850496 102 1
copy 9255 1 167503724563 31850496 101 1
copy 9256 1 167503724563 31850496 102 1
copy 9257 1 167503724564 31850496 101 1
copy 9258 1 167503724564 31850496 102 1
copy 9259 1 167503724565 31850496 101 1
copy 9260 1 167503724565 31850496 102 1
copy 9261 1 167503724566 31850496 101 1
copy 9262 1 167503724566 31850496 102 1
copy 9263 1 167503724567 31850496 101 1
copy 9264 1 167503724567 31850496 102 1
copy 9265 1 167503724568 31850496 101 1
copy 9266 1 167503724568 31850496 102 1
copy 9267 1 167503724569 31850496 101 1
copy 9268 1 167503724569 31850496 102 1
copy 9269 1 167503724570 31850496 101 1
copy 9270 1 167503724570 31850496 102 1
copy 9271 1 167503724571 31850496 101 1
copy 9272 1 167503724571 31850496 102 1
copy 9273 1 167503724572 31850496 101 1
copy 9274 1 167503724572 31850496 102 1
copy 9275 1 167503724573 31850496 101 1
copy 9276 1 167503724573 31850496 102 1
copy 9277 1 167503724574 31850496 101 1
copy 9278 1 167503724574 31850496 102 1
copy 9279 1 167503724575 31850496 101 1
copy 9280 1 167503724575 31850496 102 1
copy 9281 1 167503724576 31850496 101 1
copy 9282 1 167503724576 31850496 102 1
copy 9283 1 167503724577 31850496 101 1
copy 9284 1 167503724577 31850496 102 1
copy 9285 1 167503724578 31850496 101 1
copy 9286 1 167503724578 31850496 102 1
copy 9287 1 167503724579 31850496 101 1
copy 9288 1 167503724579 31850496 102 1
copy 9289 1 167503724580 31850496 101 1
copy 9290 1 167503724580 31850496 102 1
copy 9291 1 167503724581 31850496 101 1
copy 9292 1 167503724581 31850496 102 1
copy 9293 1 167503724582 31850496 101 1
copy 9294 1 167503724582 31850496 102 1
copy 9295 1 167503724583 31850496 101 1
copy 9296 1 167503724583 31850496 102 1
copy 9297 1 167503724584 31850496 101 1
copy 9298 1 167503724584 31850496 102 1
copy 9299 1 167503724585 31850496 101 1
copy 9300 1 167503724585 31850496 102 1
copy 9301 1 167503724586 31850496 101 1
copy 9302 1 167503724586 31850496 102 1
copy 9303 1 167503724587 31850496 101 1
copy 9304 1 167503724587 31850496 102 1
copy 9305 1 167503724588 31850496 101 1
copy 9306 1 167503724588 31850496 102 1
copy 9307 1 167503724589 31850496 101 1
copy 9308 1 167503724589 31850496 102 1
copy 9309 1 167503724590 31850496 101 1
copy 9310 1 167503724590 31850496 102 1
copy 9311 1 167503724591 31850496 101 1
copy 9312 1 167503724591 31850496 102 1
copy 9313 1 167503724592 31850496 101 1
copy 9314 1 167503724592 31850496 102 1
copy 9315 1 167503724593 31850496 101 1
copy 9316 1 167503724593 31850496 102 1
copy 9317 1 167503724594 31850496 101 1
copy 9318 1 167503724594 31850496 102 1
copy 9319 1 167503724595 31850496 101 1
copy 9320 1 167503724595 31850496 102 1
copy 9321 1 167503724596 31850496 101 1
copy 9322 1 167503724596 31850496 102 1
copy 9323 1 167503724597 31850496 101 1
copy 9324 1 167503724597 31850496 102 1
copy 9325 1 167503724598 31850496 101 1
copy 9326 1 167503724598 31850496 102 1
copy 9327 1 167503724599 31850496 101 1
copy 9328 1 167503724599 31850496 102 1
copy 9329 1 167503724600 31850496 101 1
copy 9330 1 167503724600 31850496 102 1
copy 9331 1 167503724601 31850496 101 1
copy 9332 1 167503724601 31850496 102 1
copy 9333 1 167503724602 31850496 101 1
copy 9334 1 167503724602 31850496 102 1
copy 9335 1 167503724603 31850496 101 1
copy 9336 1 167503724603 31850496 102 1
copy 9337 1 167503724604 31850496 101 1
copy 9338 1 167503724604 31850496 102 1
copy 9339 1 167503724605 31850496 101 1
copy 9340 1 167503724605 31850496 102 1
copy 9341 1 167503724606 31850496 101 1
copy 9342 1 167503724606 31850496 102 1
copy 9343 1 167503724607 31850496 101 1
copy 9344 1 167503724607 31850496 102 1
copy 9345 1 167503724608 31850496 101 1
copy 9346 1 167503724608 31850496 102 1
copy 9347 1 167503724609 31850496 101 1
copy 9348 1 167503724609 31850496 102 1
copy 9349 1 167503724610 31850496 101 1
copy 9350 1 167503724610 31850496 102 1
copy 9351 1 167503724611 31850496 101 1
copy 9352 1 167503724611 31850496 102 1
copy 9353 1 167503724612 31850496 101 1
copy 9354 1 167503724612 31850496 102 1
copy 9355 1 167503724613 31850496 101 1
copy 9356 1 167503724613 31850496 102 1
copy 9357 1 167503724614 31850496 101 1
copy 9358 1 167503724614 31850496 102 1
copy 9359 1 167503724615 31850496 101 1
copy 9360 1 167503724615 31850496 102 1
copy 9361 1 167503724616 31850496 101 1
copy 9362 1 167503724616 31850496 102 1
copy 9363 1 167503724617 31850496 101 1
copy 9364 1 167503724617 31850496 102 1
copy 9365 1 167503724618 31850496 101 1
copy 9366 1 167503724618 31850496 102 1
copy 9367 1 167503724619 31850496 101 1
copy 9368 1 167503724619 31850496 102 1
copy 9369 1 167503724620 31850496 101 1
copy 9370 1 167503724620 31850496 102 1
copy 9371 1 167503724621 31850496 101 1
copy 9372 1 167503724621 31850496 102 1
copy 9373 1 167503724622 31850496 101 1
copy 9374 1 167503724622 31850496 102 1
copy 9375 1 167503724623 31850496 101 1
copy 9376 1 167503724623 31850496 102 1
copy 9377 1 167503724624 31850496 101 1
copy 9378 1 167503724624 31850496 102 1
copy 9379 1 167503724625 31850496 101 1
copy 9380 1 167503724625 31850496 102 1
copy 9381 1 167503724626 31850496 101 1
copy 9382 1 167503724626 31850496 102 1
copy 9383 1 167503724627 31850496 101 1
copy 9384 1 167503724627 31850496 102 1
copy 9385 1 167503724628 31850496 101 1
copy 9386 1 167503724628 31850496 102 1
copy 9387 1 167503724629 31850496 101 1
copy 9388 1 167503724629 31850496 102 1
copy 9389 1 167503724630 31850496 101 1
copy 9390 1 167503724630 31850496 102 1
copy 9391 1 167503724631 31850496 101 1
copy 9392 1 167503724631 31850496 102 1
copy 9393 1 167503724632 31850496 101 1
copy 9394 1 167503724632 31850496 102 1
copy 9395 1 167503724633 31850496 101 1
copy 9396 1 167503724633 31850496 102 1
copy 9397 1 167503724634 31850496 101 1
copy 9398 1 167503724634 31850496 102 1
copy 9399 1 167503724635 31850496 101 1
copy 9400 1 167503724635 31850496 102 1
copy 9401 1 167503724636 31850496 101 1
copy 9402 1 167503724636 31850496 102 1
copy 9403 1 167503724637 31850496 101 1
copy 9404 1 167503724637 31850496 102 1
copy 9405 1 167503724638 31850496 101 1
copy 9406 1 167503724638 31850496 102 1
copy 9407 1 167503724639 31850496 101 1
copy 9408 1 167503724639 31850496 102 1
copy 9409 1 167503724640 31850496 101 1
copy 9410 1 167503724640 31850496 102 1
copy 9411 1 167503724641 31850496 101 1
copy 9412 1 167503724641 31850496 102 1
copy 9413 1 167503724642 31850496 101 1
copy 9414 1 167503724642 31850496 102 1
copy 9415 1 167503724643 31850496 101 1
copy 9416 1 167503724643 31850496 102 1
copy 9417 1 167503724644 31850496 101 1
copy 9418 1 167503724644 31850496 102 1
copy 9419 1 167503724645 31850496 101 1
copy 9420 1 167503724645 31850496 102 1
copy 9421 1 167503724646 31850496 101 1
copy 9422 1 167503724646 31850496 102 1
copy 9423 1 167503724647 31850496 101 1
copy 9424 1 167503724647 31850496 102 1
copy 9425 1 167503724648 31850496 101 1
copy 9426 1 167503724648 31850496 102 1
copy 9427 1 167503724649 31850496 101 1
copy 9428 1 167503724649 31850496 102 1
copy 9429 1 167503724650 31850496 101 1
copy 9430 1 167503724650 31850496 102 1
copy 9431 1 167503724651 31850496 101 1
copy 9432 1 167503724651 31850496 102 1
copy 9433 1 167503724652 31850496 101 1
copy 9434 1 167503724652 31850496 102 1
copy 9435 1 167503724653 31850496 101 1
copy 9436 1 167503724653 31850496 102 1
copy 9437 1 167503724654 31850496 101 1
copy 9438 1 167503724654 31850496 102 1
copy 9439 1 167503724655 31850496 101 1
copy 9440 1 167503724655 31850496 102 1
copy 9441 1 167503724656 31850496 101 1
copy 9442 1 167503724656 31850496 102 1
copy 9443 1 167503724657 31850496 101 1
copy 9444 1 167503724657 31850496 102 1
copy 9445 1 167503724658 31850496 101 1
copy 9446 1 167503724658 31850496 102 1
copy 9447 1 167503724659 31850496 101 1
copy 9448 1 167503724659 31850496 102 1
copy 9449 1 167503724660 31850496 101 1
copy 9450 1 167503724660 31850496 102 1
copy 9451 1 167503724661 31850496 101 1
copy 9452 1 167503724661 31850496 102 1
copy 9453 1 167503724662 31850496 101 1
copy 9454 1 167503724662 31850496 102 1
copy 9455 1 167503724663 31850496 101 1
copy 9456 1 167503724663 31850496 102 1
copy 9457 1 167503724664 31850496 101 1
copy 9458 1 167503724664 31850496 102 1
copy 9459 1 167503724665 31850496 101 1
copy 9460 1 167503724665 31850496 102 1
copy 9461 1 167503724666 31850496 101 1
copy 9462 1 167503724666 31850496 102 1
copy 9463 1 167503724667 31850496 101 1
copy 9464 1 167503724667 31850496 102 1
copy 9465 1 167503724668 31850496 101 1
copy 9466 1 167503724668 31850496 102 1
copy 9467 1 167503724669 31850496 101 1
copy 9468 1 167503724669 31850496 102 1
copy 9469 1 167503724670 31850496 101 1
copy 9470 1 167503724670 31850496 102 1
copy 9471 1 167503724671 31850496 101 1
copy 9472 1 167503724671 31850496 102 1
copy 9473 1 171798691840 31850496 101 1
copy 9474 1 171798691840 31850496 102 1
copy 9475 1 171798691841 31850496 101 1
copy 9476 1 171798691841 31850496 102 1
copy 9477 1 171798691842 31850496 101 1
copy 9478 1 171798691842 31850496 102 1
copy 9479 1 171798691843 31850496 101 1
copy 9480 1 171798691843 31850496 102 1
copy 9481 1 171798691844 31850496 101 1
copy 9482 1 171798691844 31850496 102 1
copy 9483 1 171798691845 31850496 101 1
copy 9484 1 171798691845 31850496 102 1
copy 9485 1 171798691846 31850496 101 1
copy 9486 1 171798691846 31850496 102 1
copy 9487 1 171798691847 31850496 101 1
copy 9488 1 171798691847 31850496 102 1
copy 9489 1 171798691848 31850496 101 1
copy 9490 1 171798691848 31850496 102 1
copy 9491 1 171798691849 31850496 101 1
copy 9492 1 171798691849 31850496 102 1
copy 9493 1 171798691850 31850496 101 1
copy 9494 1 171798691850 31850496 102 1
copy 9495 1 171798691851 31850496 101 1
copy 9496 1 171798691851 31850496 102 1
copy 9497 1 171798691852 31850496 101 1
copy 9498 1 171798691852 31850496 102 1
copy 9499 1 171798691853 31850496 101 1
copy 9500 1 171798691853 31850496 102 1
copy 9501 1 171798691854 31850496 101 1
copy 9502 1 171798691854 31850496 102 1
copy 9503 1 171798691855 31850496 101 1
copy 9504 1 171798691855 31850496 102 1
copy 9505 1 171798691856 31850496 101 1
copy 9506 1 171798691856 31850496 102 1
copy 9507 1 171798691857 31850496 101 1
copy 9508 1 171798691857 31850496 102 1
copy 9509 1 171798691858 31850496 101 1
copy 9510 1 171798691858 31850496 102 1
copy 9511 1 171798691859 31850496 101 1
copy 9512 1 171798691859 31850496 102 1
copy 9513 1 171798691860 31850496 101 1
copy 9514 1 171798691860 31850496 102 1
copy 9515 1 171798691861 31850496 101 1
copy 9516 1 171798691861 31850496 102 1
copy 9517 1 171798691862 31850496 101 1
copy 9518 1 171798691862 31850496 102 1
copy 9519 1 171798691863 31850496 101 1
copy 9520 1 171798691863 31850496 102 1
copy 9521 1 171798691864 31850496 101 1
copy 9522 1 171798691864 31850496 102 1
copy 9523 1 171798691865 31850496 101 1
copy 9524 1 171798691865 31850496 102 1
copy 9525 1 171798691866 31850496 101 1
copy 9526 1 171798691866 31850496 102 1
copy 9527 1 171798691867 31850496 101 1
copy 9528 1 171798691867 31850496 102 1
copy 9529 1 171798691868 31850496 101 1
copy 9530 1 171798691868 31850496 102 1
copy 9531 1 171798691869 31850496 101 1
copy 9532 1 171798691869 31850496 102 1
copy 9533 1 171798691870 31850496 101 1
copy 9534 1 171798691870 31850496 102 1
copy 9535 1 171798691871 31850496 101 1
copy 9536 1 171798691871 31850496 102 1
copy 9537 1 171798691872 31850496 101 1
copy 9538 1 171798691872 31850496 102 1
copy 9539 1 171798691873 31850496 101 1
copy 9540 1 171798691873 31850496 102 1
copy 9541 1 171798691874 31850496 101 1
copy 9542 1 171798691874 31850496 102 1
copy 9543 1 171798691875 31850496 101 1
copy 9544 1 171798691875 31850496 102 1
copy 9545 1 171798691876 31850496 101 1
copy 9546 1 171798691876 31850496 102 1
copy 9547 1 171798691877 31850496 101 1
copy 9548 1 171798691877 31850496 102 1
copy 9549 1 171798691878 31850496 101 1
copy 9550 1 171798691878 31850496 102 1
copy 9551 1 171798691879 31850496 101 1
copy 9552 1 171798691879 31850496 102 1
copy 9553 1 171798691880 31850496 101 1
copy 9554 1 171798691880 31850496 102 1
copy 9555 1 171798691881 31850496 101 1
copy 9556 1 171798691881 31850496 102 1
copy 9557 1 171798691882 31850496 101 1
copy 9558 1 171798691882 31850496 102 1
copy 9559 1 171798691883 31850496 101 1
copy 9560 1 171798691883 31850496 102 1
copy 9561 1 171798691884 31850496 101 1
copy 9562 1 171798691884 31850496 102 1
copy 9563 1 171798691885 31850496 101 1
copy 9564 1 171798691885 31850496 102 1
copy 9565 1 171798691886 31850496 101 1
copy 9566 1 171798691886 31850496 102 1
copy 9567 1 171798691887 31850496 101 1
copy 9568 1 171798691887 31850496 102 1
copy 9569 1 171798691888 31850496 101 1
copy 9570 1 171798691888 31850496 102 1
copy 9571 1 171798691889 31850496 101 1
copy 9572 1 171798691889 31850496 102 1
copy 9573 1 171798691890 31850496 101 1
copy 9574 1 171798691890 31850496 102 1
copy 9575 1 171798691891 31850496 101 1
copy 9576 1 171798691891 31850496 102 1
copy 9577 1 171798691892 31850496 101 1
copy 9578 1 171798691892 31850496 102 1
copy 9579 1 171798691893 31850496 101 1
copy 9580 1 171798691893 31850496 102 1
copy 9581 1 171798691894 31850496 101 1
copy 9582 1 171798691894 31850496 102 1
copy 9583 1 171798691895 31850496 101 1
copy 9584 1 171798691895 31850496 102 1
copy 9585 1 171798691896 31850496 101 1
copy 9586 1 171798691896 31850496 102 1
copy 9587 1 171798691897 31850496 101 1
copy 9588 1 171798691897 31850496 102 1
copy 9589 1 171798691898 31850496 101 1
copy 9590 1 171798691898 31850496 102 1
copy 9591 1 171798691899 31850496 101 1
copy 9592 1 171798691899 31850496 102 1
copy 9593 1 171798691900 31850496 101 1
copy 9594 1 171798691900 31850496 102 1
copy 9595 1 171798691901 31850496 101 1
copy 9596 1 171798691901 31850496 102 1
copy 9597 1 171798691902 31850496 101 1
copy 9598 1 171798691902 31850496 102 1
copy 9599 1 171798691903 31850496 101 1
copy 9600 1 171798691903 31850496 102 1
copy 9601 1 171798691904 31850496 101 1
copy 9602 1 171798691904 31850496 102 1
copy 9603 1 171798691905 31850496 101 1
copy 9604 1 171798691905 31850496 102 1
copy 9605 1 171798691906 31850496 101 1
copy 9606 1 171798691906 31850496 102 1
copy 9607 1 171798691907 31850496 101 1
copy 9608 1 171798691907 31850496 102 1
copy 9609 1 171798691908 31850496 101 1
copy 9610 1 171798691908 31850496 102 1
copy 9611 1 171798691909 31850496 101 1
copy 9612 1 171798691909 31850496 102 1
copy 9613 1 171798691910 31850496 101 1
copy 9614 1 171798691910 31850496 102 1
copy 9615 1 171798691911 31850496 101 1
copy 9616 1 171798691911 31850496 102 1
copy 9617 1 171798691912 31850496 101 1
copy 9618 1 171798691912 31850496 102 1
copy 9619 1 171798691913 31850496 101 1
copy 9620 1 171798691913 31850496 102 1
copy 9621 1 171798691914 31850496 101 1
copy 9622 1 171798691914 31850496 102 1
copy 9623 1 171798691915 31850496 101 1
copy 9624 1 171798691915 31850496 102 1
copy 9625 1 171798691916 31850496 101 1
copy 9626 1 171798691916 31850496 102 1
copy 9627 1 171798691917 31850496 101 1
copy 9628 1 171798691917 31850496 102 1
copy 9629 1 171798691918 31850496 101 1
copy 9630 1 171798691918 31850496 102 1
copy 9631 1 171798691919 31850496 101 1
copy 9632 1 171798691919 31850496 102 1
copy 9633 1 171798691920 31850496 101 1
copy 9634 1 171798691920 31850496 102 1
copy 9635 1 171798691921 31850496 101 1
copy 9636 1 171798691921 31850496 102 1
copy 9637 1 171798691922 31850496 101 1
copy 9638 1 171798691922 31850496 102 1
copy 9639 1 171798691923 31850496 101 1
copy 9640 1 171798691923 31850496 102 1
copy 9641 1 171798691924 31850496 101 1
copy 9642 1 171798691924 31850496 102 1
copy 9643 1 171798691925 31850496 101 1
copy 9644 1 171798691925 31850496 102 1
copy 9645 1 171798691926 31850496 101 1
copy 9646 1 171798691926 31850496 102 1
copy 9647 1 171798691927 31850496 101 1
copy 9648 1 171798691927 31850496 102 1
copy 9649 1 171798691928 31850496 101 1
copy 9650 1 171798691928 31850496 102 1
copy 9651 1 171798691929 31850496 101 1
copy 9652 1 171798691929 31850496 102 1
copy 9653 1 171798691930 31850496 101 1
copy 9654 1 171798691930 31850496 102 1
copy 9655 1 171798691931 31850496 101 1
copy 9656 1 171798691931 31850496 102 1
copy 9657 1 171798691932 31850496 101 1
copy 9658 1 171798691932 31850496 102 1
copy 9659 1 171798691933 31850496 101 1
copy 9660 1 171798691933 31850496 102 1
copy 9661 1 171798691934 31850496 101 1
copy 9662 1 171798691934 31850496 102 1
copy 9663 1 171798691935 31850496 101 1
copy 9664 1 171798691935 31850496 102 1
copy 9665 1 171798691936 31850496 101 1
copy 9666 1 171798691936 31850496 102 1
copy 9667 1 171798691937 31850496 101 1
copy 9668 1 171798691937 31850496 102 1
copy 9669 1 171798691938 31850496 101 1
copy 9670 1 171798691938 31850496 102 1
copy 9671 1 171798691939 31850496 101 1
copy 9672 1 171798691939 31850496 102 1
copy 9673 1 171798691940 31850496 101 1
copy 9674 1 171798691940 31850496 102 1
copy 9675 1 171798691941 31850496 101 1
copy 9676 1 171798691941 31850496 102 1
copy 9677 1 171798691942 31850496 101 1
copy 9678 1 171798691942 31850496 102 1
copy 9679 1 171798691943 31850496 101 1
copy 9680 1 171798691943 31850496 102 1
copy 9681 1 171798691944 31850496 101 1
copy 9682 1 171798691944 31850496 102 1
copy 9683 1 171798691945 31850496 101 1
copy 9684 1 171798691945 31850496 102 1
copy 9685 1 171798691946 31850496 101 1
copy 9686 1 171798691946 31850496 102 1
copy 9687 1 171798691947 31850496 101 1
copy 9688 1 171798691947 31850496 102 1
copy 9689 1 171798691948 31850496 101 1
copy 9690 1 171798691948 31850496 102 1
copy 9691 1 171798691949 31850496 101 1
copy 9692 1 171798691949 31850496 102 1
copy 9693 1 171798691950 31850496 101 1
copy 9694 1 171798691950 31850496 102 1
copy 9695 1 171798691951 31850496 101 1
copy 9696 1 171798691951 31850496 102 1
copy 9697 1 171798691952 31850496 101 1
copy 9698 1 171798691952 31850496 102 1
copy 9699 1 171798691953 31850496 101 1
copy 9700 1 171798691953 31850496 102 1
copy 9701 1 171798691954 31850496 101 1
copy 9702 1 171798691954 31850496 102 1
copy 9703 1 171798691955 31850496 101 1
copy 9704 1 171798691955 31850496 102 1
copy 9705 1 171798691956 31850496 101 1
copy 9706 1 171798691956 31850496 102 1
copy 9707 1 171798691957 31850496 101 1
copy 9708 1 171798691957 31850496 102 1
copy 9709 1 171798691958 31850496 101 1
copy 9710 1 171798691958 31850496 102 1
copy 9711 1 171798691959 31850496 101 1
copy 9712 1 171798691959 31850496 102 1
copy 9713 1 171798691960 31850496 101 1
copy 9714 1 171798691960 31850496 102 1
copy 9715 1 171798691961 31850496 101 1
copy 9716 1 171798691961 31850496 102 1
copy 9717 1 171798691962 31850496 101 1
copy 9718 1 171798691962 31850496 102 1
copy 9719 1 171798691963 31850496 101 1
copy 9720 1 171798691963 31850496 102 1
copy 9721 1 171798691964 31850496 101 1
copy 9722 1 171798691964 31850496 102 1
copy 9723 1 171798691965 31850496 101 1
copy 9724 1 171798691965 31850496 102 1
copy 9725 1 171798691966 31850496 101 1
copy 9726 1 171798691966 31850496 102 1
copy 9727 1 171798691967 31850496 101 1
copy 9728 1 171798691967 31850496 102 1
copy 9729 1 176093659136 31850496 101 1
copy 9730 1 176093659136 31850496 102 1
copy 9731 1 176093659137 31850496 101 1
copy 9732 1 176093659137 31850496 102 1
copy 9733 1 176093659138 31850496 101 1
copy 9734 1 176093659138 31850496 102 1
copy 9735 1 176093659139 31850496 101 1
copy 9736 1 176093659139 31850496 102 1
copy 9737 1 176093659140 31850496 101 1
copy 9738 1 176093659140 31850496 102 1
copy 9739 1 176093659141 31850496 101 1
copy 9740 1 176093659141 31850496 102 1
copy 9741 1 176093659142 31850496 101 1
copy 9742 1 176093659142 31850496 102 1
copy 9743 1 176093659143 31850496 101 1
copy 9744 1 176093659143 31850496 102 1
copy 9745 1 176093659144 31850496 101 1
copy 9746 1 176093659144 31850496 102 1
copy 9747 1 176093659145 31850496 101 1
copy 9748 1 176093659145 31850496 102 1
copy 9749 1 176093659146 31850496 101 1
copy 9750 1 176093659146 31850496 102 1
copy 9751 1 176093659147 31850496 101 1
copy 9752 1 176093659147 31850496 102 1
copy 9753 1 176093659148 31850496 101 1
copy 9754 1 176093659148 31850496 102 1
copy 9755 1 176093659149 31850496 101 1
copy 9756 1 176093659149 31850496 102 1
copy 9757 1 176093659150 31850496 101 1
copy 9758 1 176093659150 31850496 102 1
copy 9759 1 176093659151 31850496 101 1
copy 9760 1 176093659151 31850496 102 1
copy 9761 1 176093659152 31850496 101 1
copy 9762 1 176093659152 31850496 102 1
copy 9763 1 176093659153 31850496 101 1
copy 9764 1 176093659153 31850496 102 1
copy 9765 1 176093659154 31850496 101 1
copy 9766 1 176093659154 31850496 102 1
copy 9767 1 176093659155 31850496 101 1
copy 9768 1 176093659155 31850496 102 1
copy 9769 1 176093659156 31850496 101 1
copy 9770 1 176093659156 31850496 102 1
copy 9771 1 176093659157 31850496 101 1
copy 9772 1 176093659157 31850496 102 1
copy 9773 1 176093659158 31850496 101 1
copy 9774 1 176093659158 31850496 102 1
copy 9775 1 176093659159 31850496 101 1
copy 9776 1 176093659159 31850496 102 1
copy 9777 1 176093659160 31850496 101 1
copy 9778 1 176093659160 31850496 102 1
copy 9779 1 176093659161 31850496 101 1
copy 9780 1 176093659161 31850496 102 1
copy 9781 1 176093659162 31850496 101 1
copy 9782 1 176093659162 31850496 102 1
copy 9783 1 176093659163 31850496 101 1
copy 9784 1 176093659163 31850496 102 1
copy 9785 1 176093659164 31850496 101 1
copy 9786 1 176093659164 31850496 102 1
copy 9787 1 176093659165 31850496 101 1
copy 9788 1 176093659165 31850496 102 1
copy 9789 1 176093659166 31850496 101 1
copy 9790 1 176093659166 31850496 102 1
copy 9791 1 176093659167 31850496 101 1
copy 9792 1 176093659167 31850496 102 1
copy 9793 1 176093659168 31850496 101 1
copy 9794 1 176093659168 31850496 102 1
copy 9795 1 176093659169 31850496 101 1
copy 9796 1 176093659169 31850496 102 1
copy 9797 1 176093659170 31850496 101 1
copy 9798 1 176093659170 31850496 102 1
copy 9799 1 176093659171 31850496 101 1
copy 9800 1 176093659171 31850496 102 1
copy 9801 1 176093659172 31850496 101 1
copy 9802 1 176093659172 31850496 102 1
copy 9803 1 176093659173 31850496 101 1
copy 9804 1 176093659173 31850496 102 1
copy 9805 1 176093659174 31850496 101 1
copy 9806 1 176093659174 31850496 102 1
copy 9807 1 176093659175 31850496 101 1
copy 9808 1 176093659175 31850496 102 1
copy 9809 1 176093659176 31850496 101 1
copy 9810 1 176093659176 31850496 102 1
copy 9811 1 176093659177 31850496 101 1
copy 9812 1 176093659177 31850496 102 1
copy 9813 1 176093659178 31850496 101 1
copy 9814 1 176093659178 31850496 102 1
copy 9815 1 176093659179 31850496 101 1
copy 9816 1 176093659179 31850496 102 1
copy 9817 1 176093659180 31850496 101 1
copy 9818 1 176093659180 31850496 102 1
copy 9819 1 176093659181 31850496 101 1
copy 9820 1 176093659181 31850496 102 1
copy 9821 1 176093659182 31850496 101 1
copy 9822 1 176093659182 31850496 102 1
copy 9823 1 176093659183 31850496 101 1
copy 9824 1 176093659183 31850496 102 1
copy 9825 1 176093659184 31850496 101 1
copy 9826 1 176093659184 31850496 102 1
copy 9827 1 176093659185 31850496 101 1
copy 9828 1 176093659185 31850496 102 1
copy 9829 1 176093659186 31850496 101 1
copy 9830 1 176093659186 31850496 102 1
copy 9831 1 176093659187 31850496 101 1
copy 9832 1 176093659187 31850496 102 1
copy 9833 1 176093659188 31850496 101 1
copy 9834 1 176093659188 31850496 102 1
copy 9835 1 176093659189 31850496 101 1
copy 9836 1 176093659189 31850496 102 1
copy 9837 1 176093659190 31850496 101 1
copy 9838 1 176093659190 31850496 102 1
copy 9839 1 176093659191 31850496 101 1
copy 9840 1 176093659191 31850496 102 1
copy 9841 1 176093659192 31850496 101 1
copy 9842 1 176093659192 31850496 102 1
copy 9843 1 176093659193 31850496 101 1
copy 9844 1 176093659193 31850496 102 1
copy 9845 1 176093659194 31850496 101 1
copy 9846 1 176093659194 31850496 102 1
copy 9847 1 176093659195 31850496 101 1
copy 9848 1 176093659195 31850496 102 1
copy 9849 1 176093659196 31850496 101 1
copy 9850 1 176093659196 31850496 102 1
copy 9851 1 176093659197 31850496 101 1
copy 9852 1 176093659197 31850496 102 1
copy 9853 1 176093659198 31850496 101 1
copy 9854 1 176093659198 31850496 102 1
copy 9855 1 176093659199 31850496 101 1
copy 9856 1 176093659199 31850496 102 1
copy 9857 1 176093659200 31850496 101 1
copy 9858 1 176093659200 31850496 102 1
copy 9859 1 176093659201 31850496 101 1
copy 9860 1 176093659201 31850496 102 1
copy 9861 1 176093659202 31850496 101 1
copy 9862 1 176093659202 31850496 102 1
copy 9863 1 176093659203 31850496 101 1
copy 9864 1 176093659203 31850496 102 1
copy 9865 1 176093659204 31850496 101 1
copy 9866 1 176093659204 31850496 102 1
copy 9867 1 176093659205 31850496 101 1
copy 9868 1 176093659205 31850496 102 1
copy 9869 1 176093659206 31850496 101 1
copy 9870 1 176093659206 31850496 102 1
copy 9871 1 176093659207 31850496 101 1
copy 9872 1 176093659207 31850496 102 1
copy 9873 1 176093659208 31850496 101 1
copy 9874 1 176093659208 31850496 102 1
copy 9875 1 176093659209 31850496 101 1
copy 9876 1 176093659209 31850496 102 1
copy 9877 1 176093659210 31850496 101 1
copy 9878 1 176093659210 31850496 102 1
copy 9879 1 176093659211 31850496 101 1
copy 9880 1 176093659211 31850496 102 1
copy 9881 1 176093659212 31850496 101 1
copy 9882 1 176093659212 31850496 102 1
copy 9883 1 176093659213 31850496 101 1
copy 9884 1 176093659213 31850496 102 1
copy 9885 1 176093659214 31850496 101 1
copy 9886 1 176093659214 31850496 102 1
copy 9887 1 176093659215 31850496 101 1
copy 9888 1 176093659215 31850496 102 1
copy 9889 1 176093659216 31850496 101 1
copy 9890 1 176093659216 31850496 102 1
copy 9891 1 176093659217 31850496 101 1
copy 9892 1 176093659217 31850496 102 1
copy 9893 1 176093659218 31850496 101 1
copy 9894 1 176093659218 31850496 102 1
copy 9895 1 176093659219 31850496 101 1
copy 9896 1 176093659219 31850496 102 1
copy 9897 1 176093659220 31850496 101 1
copy 9898 1 176093659220 31850496 102 1
copy 9899 1 176093659221 31850496 101 1
copy 9900 1 176093659221 31850496 102 1
copy 9901 1 176093659222 31850496 101 1
copy 9902 1 176093659222 31850496 102 1
copy 9903 1 176093659223 31850496 101 1
copy 9904 1 176093659223 31850496 102 1
copy 9905 1 176093659224 31850496 101 1
copy 9906 1 176093659224 31850496 102 1
copy 9907 1 176093659225 31850496 101 1
copy 9908 1 176093659225 31850496 102 1
copy 9909 1 176093659226 31850496 101 1
copy 9910 1 176093659226 31850496 102 1
copy 9911 1 176093659227 31850496 101 1
copy 9912 1 176093659227 31850496 102 1
copy 9913 1 176093659228 31850496 101 1
copy 9914 1 176093659228 31850496 102 1
copy 9915 1 176093659229 31850496 101 1
copy 9916 1 176093659229 31850496 102 1
copy 9917 1 176093659230 31850496 101 1
copy 9918 1 176093659230 31850496 102 1
copy 9919 1 176093659231 31850496 101 1
copy 9920 1 176093659231 31850496 102 1
copy 9921 1 176093659232 31850496 101 1
copy 9922 1 176093659232 31850496 102 1
copy 9923 1 176093659233 31850496 101 1
copy 9924 1 176093659233 31850496 102 1
copy 9925 1 176093659234 31850496 101 1
copy 9926 1 176093659234 31850496 102 1
copy 9927 1 176093659235 31850496 101 1
copy 9928 1 176093659235 31850496 102 1
copy 9929 1 176093659236 31850496 101 1
copy 9930 1 176093659236 31850496 102 1
copy 9931 1 176093659237 31850496 101 1
copy 9932 1 176093659237 31850496 102 1
copy 9933 1 176093659238 31850496 101 1
copy 9934 1 176093659238 31850496 102 1
copy 9935 1 176093659239 31850496 101 1
copy 9936 1 176093659239 31850496 102 1
copy 9937 1 176093659240 31850496 101 1
copy 9938 1 176093659240 31850496 102 1
copy 9939 1 176093659241 31850496 101 1
copy 9940 1 176093659241 31850496 102 1
copy 9941 1 176093659242 31850496 101 1
copy 9942 1 176093659242 31850496 102 1
copy 9943 1 176093659243 31850496 101 1
copy 9944 1 176093659243 31850496 102 1
copy 9945 1 176093659244 31850496 101 1
copy 9946 1 176093659244 31850496 102 1
copy 9947 1 176093659245 31850496 101 1
copy 9948 1 176093659245 31850496 102 1
copy 9949 1 176093659246 31850496 101 1
copy 9950 1 176093659246 31850496 102 1
copy 9951 1 176093659247 31850496 101 1
copy 9952 1 176093659247 31850496 102 1
copy 9953 1 176093659248 31850496 101 1
copy 9954 1 176093659248 31850496 102 1
copy 9955 1 176093659249 31850496 101 1
copy 9956 1 176093659249 31850496 102 1
copy 9957 1 176093659250 31850496 101 1
copy 9958 1 176093659250 31850496 102 1
copy 9959 1 176093659251 31850496 101 1
copy 9960 1 176093659251 31850496 102 1
copy 9961 1 176093659252 31850496 101 1
copy 9962 1 176093659252 31850496 102 1
copy 9963 1 176093659253 31850496 101 1
copy 9964 1 176093659253 31850496 102 1
copy 9965 1 176093659254 31850496 101 1
copy 9966 1 176093659254 31850496 102 1
copy 9967 1 176093659255 31850496 101 1
copy 9968 1 176093659255 31850496 102 1
copy 9969 1 176093659256 31850496 101 1
copy 9970 1 176093659256 31850496 102 1
copy 9971 1 176093659257 31850496 101 1
copy 9972 1 176093659257 31850496 102 1
copy 9973 1 176093659258 31850496 101 1
copy 9974 1 176093659258 31850496 102 1
copy 9975 1 176093659259 31850496 101 1
copy 9976 1 176093659259 31850496 102 1
copy 9977 1 176093659260 31850496 101 1
copy 9978 1 176093659260 31850496 102 1
copy 9979 1 176093659261 31850496 101 1
copy 9980 1 176093659261 31850496 102 1
copy 9981 1 176093659262 31850496 101 1
copy 9982 1 176093659262 31850496 102 1
copy 9983 1 176093659263 31850496 101 1
copy 9984 1 176093659263 31850496 102 1
copy 9985 1 180388626432 31850496 101 1
copy 9986 1 180388626432 31850496 102 1
copy 9987 1 180388626433 31850496 101 1
copy 9988 1 180388626433 31850496 102 1
copy 9989 1 180388626434 31850496 101 1
copy 9990 1 180388626434 31850496 102 1
copy 9991 1 180388626435 31850496 101 1
copy 9992 1 180388626435 31850496 102 1
copy 9993 1 180388626436 31850496 101 1
copy 9994 1 180388626436 31850496 102 1
copy 9995 1 180388626437 31850496 101 1
copy 9996 1 180388626437 31850496 102 1
copy 9997 1 180388626438 31850496 101 1
copy 9998 1 180388626438 31850496 102 1
copy 9999 1 180388626439 31850496 101 1
copy 10000 1 180388626439 31850496 102 1
copy 10001 1 180388626440 31850496 101 1
copy 10002 1 180388626440 31850496 102 1
copy 10003 1 180388626441 31850496 101 1
copy 10004 1 180388626441 31850496 102 1
copy 10005 1 180388626442 31850496 101 1
copy 10006 1 180388626442 31850496 102 1
copy 10007 1 180388626443 31850496 101 1
copy 10008 1 180388626443 31850496 102 1
copy 10009 1 180388626444 31850496 101 1
copy 10010 1 180388626444 31850496 102 1
copy 10011 1 180388626445 31850496 101 1
copy 10012 1 180388626445 31850496 102 1
copy 10013 1 180388626446 31850496 101 1
copy 10014 1 180388626446 31850496 102 1
copy 10015 1 180388626447 31850496 101 1
copy 10016 1 180388626447 31850496 102 1
copy 10017 1 180388626448 31850496 101 1
copy 10018 1 180388626448 31850496 102 1
copy 10019 1 180388626449 31850496 101 1
copy 10020 1 180388626449 31850496 102 1
copy 10021 1 180388626450 31850496 101 1
copy 10022 1 180388626450 31850496 102 1
copy 10023 1 180388626451 31850496 101 1
copy 10024 1 180388626451 31850496 102 1
copy 10025 1 180388626452 31850496 101 1
copy 10026 1 180388626452 31850496 102 1
copy 10027 1 180388626453 31850496 101 1
copy 10028 1 180388626453 31850496 102 1
copy 10029 1 180388626454 31850496 101 1
copy 10030 1 180388626454 31850496 102 1
copy 10031 1 180388626455 31850496 101 1
copy 10032 1 180388626455 31850496 102 1
copy 10033 1 180388626456 31850496 101 1
copy 10034 1 180388626456 31850496 102 1
copy 10035 1 180388626457 31850496 101 1
copy 10036 1 180388626457 31850496 102 1
copy 10037 1 180388626458 31850496 101 1
copy 10038 1 180388626458 31850496 102 1
copy 10039 1 180388626459 31850496 101 1
copy 10040 1 180388626459 31850496 102 1
copy 10041 1 180388626460 31850496 101 1
copy 10042 1 180388626460 31850496 102 1
copy 10043 1 180388626461 31850496 101 1
copy 10044 1 180388626461 31850496 102 1
copy 10045 1 180388626462 31850496 101 1
copy 10046 1 180388626462 31850496 102 1
copy 10047 1 180388626463 31850496 101 1
copy 10048 1 180388626463 31850496 102 1
copy 10049 1 180388626464 31850496 101 1
copy 10050 1 180388626464 31850496 102 1
copy 10051 1 180388626465 31850496 101 1
copy 10052 1 180388626465 31850496 102 1
copy 10053 1 180388626466 31850496 101 1
copy 10054 1 180388626466 31850496 102 1
copy 10055 1 180388626467 31850496 101 1
copy 10056 1 180388626467 31850496 102 1
copy 10057 1 180388626468 31850496 101 1
copy 10058 1 180388626468 31850496 102 1
copy 10059 1 180388626469 31850496 101 1
copy 10060 1 180388626469 31850496 102 1
copy 10061 1 180388626470 31850496 101 1
copy 10062 1 180388626470 31850496 102 1
copy 10063 1 180388626471 31850496 101 1
copy 10064 1 180388626471 31850496 102 1
copy 10065 1 180388626472 31850496 101 1
copy 10066 1 180388626472 31850496 102 1
copy 10067 1 180388626473 31850496 101 1
copy 10068 1 180388626473 31850496 102 1
copy 10069 1 180388626474 31850496 101 1
copy 10070 1 180388626474 31850496 102 1
copy 10071 1 180388626475 31850496 101 1
copy 10072 1 180388626475 31850496 102 1
copy 10073 1 180388626476 31850496 101 1
copy 10074 1 180388626476 31850496 102 1
copy 10075 1 180388626477 31850496 101 1
copy 10076 1 180388626477 31850496 102 1
copy 10077 1 180388626478 31850496 101 1
copy 10078 1 180388626478 31850496 102 1
copy 10079 1 180388626479 31850496 101 1
copy 10080 1 180388626479 31850496 102 1
copy 10081 1 180388626480 31850496 101 1
copy 10082 1 180388626480 31850496 102 1
copy 10083 1 180388626481 31850496 101 1
copy 10084 1 180388626481 31850496 102 1
copy 10085 1 180388626482 31850496 101 1
copy 10086 1 180388626482 31850496 102 1
copy 10087 1 180388626483 31850496 101 1
copy 10088 1 180388626483 31850496 102 1
copy 10089 1 180388626484 31850496 101 1
copy 10090 1 180388626484 31850496 102 1
copy 10091 1 180388626485 31850496 101 1
copy 10092 1 180388626485 31850496 102 1
copy 10093 1 180388626486 31850496 101 1
copy 10094 1 180388626486 31850496 102 1
copy 10095 1 180388626487 31850496 101 1
copy 10096 1 180388626487 31850496 102 1
copy 10097 1 180388626488 31850496 101 1
copy 10098 1 180388626488 31850496 102 1
copy 10099 1 180388626489 31850496 101 1
copy 10100 1 180388626489 31850496 102 1
copy 10101 1 180388626490 31850496 101 1
copy 10102 1 180388626490 31850496 102 1
copy 10103 1 180388626491 31850496 101 1
copy 10104 1 180388626491 31850496 102 1
copy 10105 1 180388626492 31850496 101 1
copy 10106 1 180388626492 31850496 102 1
copy 10107 1 180388626493 31850496 101 1
copy 10108 1 180388626493 31850496 102 1
copy 10109 1 180388626494 31850496 101 1
copy 10110 1 180388626494 31850496 102 1
copy 10111 1 180388626495 31850496 101 1
copy 10112 1 180388626495 31850496 102 1
copy 10113 1 180388626496 31850496 101 1
copy 10114 1 180388626496 31850496 102 1
copy 10115 1 180388626497 31850496 101 1
copy 10116 1 180388626497 31850496 102 1
copy 10117 1 180388626498 31850496 101 1
copy 10118 1 180388626498 31850496 102 1
copy 10119 1 180388626499 31850496 101 1
copy 10120 1 180388626499 31850496 102 1
copy 10121 1 180388626500 31850496 101 1
copy 10122 1 180388626500 31850496 102 1
copy 10123 1 180388626501 31850496 101 1
copy 10124 1 180388626501 31850496 102 1
copy 10125 1 180388626502 31850496 101 1
copy 10126 1 180388626502 31850496 102 1
copy 10127 1 180388626503 31850496 101 1
copy 10128 1 180388626503 31850496 102 1
copy 10129 1 180388626504 31850496 101 1
copy 10130 1 180388626504 31850496 102 1
copy 10131 1 180388626505 31850496 101 1
copy 10132 1 180388626505 31850496 102 1
copy 10133 1 180388626506 31850496 101 1
copy 10134 1 180388626506 31850496 102 1
copy 10135 1 180388626507 31850496 101 1
copy 10136 1 180388626507 31850496 102 1
copy 10137 1 180388626508 31850496 101 1
copy 10138 1 180388626508 31850496 102 1
copy 10139 1 180388626509 31850496 101 1
copy 10140 1 180388626509 31850496 102 1
copy 10141 1 180388626510 31850496 101 1
copy 10142 1 180388626510 31850496 102 1
copy 10143 1 180388626511 31850496 101 1
copy 10144 1 180388626511 31850496 102 1
copy 10145 1 180388626512 31850496 101 1
copy 10146 1 180388626512 31850496 102 1
copy 10147 1 180388626513 31850496 101 1
copy 10148 1 180388626513 31850496 102 1
copy 10149 1 180388626514 31850496 101 1
copy 10150 1 180388626514 31850496 102 1
copy 10151 1 180388626515 31850496 101 1
copy 10152 1 180388626515 31850496 102 1
copy 10153 1 180388626516 31850496 101 1
copy 10154 1 180388626516 31850496 102 1
copy 10155 1 180388626517 31850496 101 1
copy 10156 1 180388626517 31850496 102 1
copy 10157 1 180388626518 31850496 101 1
copy 10158 1 180388626518 31850496 102 1
copy 10159 1 180388626519 31850496 101 1
copy 10160 1 180388626519 31850496 102 1
copy 10161 1 180388626520 31850496 101 1
copy 10162 1 180388626520 31850496 102 1
copy 10163 1 180388626521 31850496 101 1
copy 10164 1 180388626521 31850496 102 1
copy 10165 1 180388626522 31850496 101 1
copy 10166 1 180388626522 31850496 102 1
copy 10167 1 180388626523 31850496 101 1
copy 10168 1 180388626523 31850496 102 1
copy 10169 1 180388626524 31850496 101 1
copy 10170 1 180388626524 31850496 102 1
copy 10171 1 180388626525 31850496 101 1
copy 10172 1 180388626525 31850496 102 1
copy 10173 1 180388626526 31850496 101 1
copy 10174 1 180388626526 31850496 102 1
copy 10175 1 180388626527 31850496 101 1
copy 10176 1 180388626527 31850496 102 1
copy 10177 1 180388626528 31850496 101 1
copy 10178 1 180388626528 31850496 102 1
copy 10179 1 180388626529 31850496 101 1
copy 10180 1 180388626529 31850496 102 1
copy 10181 1 180388626530 31850496 101 1
copy 10182 1 180388626530 31850496 102 1
copy 10183 1 180388626531 31850496 101 1
copy 10184 1 180388626531 31850496 102 1
copy 10185 1 180388626532 31850496 101 1
copy 10186 1 180388626532 31850496 102 1
copy 10187 1 180388626533 31850496 101 1
copy 10188 1 180388626533 31850496 102 1
copy 10189 1 180388626534 31850496 101 1
copy 10190 1 180388626534 31850496 102 1
copy 10191 1 180388626535 31850496 101 1
copy 10192 1 180388626535 31850496 102 1
copy 10193 1 180388626536 31850496 101 1
copy 10194 1 180388626536 31850496 102 1
copy 10195 1 180388626537 31850496 101 1
copy 10196 1 180388626537 31850496 102 1
copy 10197 1 180388626538 31850496 101 1
copy 10198 1 180388626538 31850496 102 1
copy 10199 1 180388626539 31850496 101 1
copy 10200 1 180388626539 31850496 102 1
copy 10201 1 180388626540 31850496 101 1
copy 10202 1 180388626540 31850496 102 1
copy 10203 1 180388626541 31850496 101 1
copy 10204 1 180388626541 31850496 102 1
copy 10205 1 180388626542 31850496 101 1
copy 10206 1 180388626542 31850496 102 1
copy 10207 1 180388626543 31850496 101 1
copy 10208 1 180388626543 31850496 102 1
copy 10209 1 180388626544 31850496 101 1
copy 10210 1 180388626544 31850496 102 1
copy 10211 1 180388626545 31850496 101 1
copy 10212 1 180388626545 31850496 102 1
copy 10213 1 180388626546 31850496 101 1
copy 10214 1 180388626546 31850496 102 1
copy 10215 1 180388626547 31850496 101 1
copy 10216 1 180388626547 31850496 102 1
copy 10217 1 180388626548 31850496 101 1
copy 10218 1 180388626548 31850496 102 1
copy 10219 1 180388626549 31850496 101 1
copy 10220 1 180388626549 31850496 102 1
copy 10221 1 180388626550 31850496 101 1
copy 10222 1 180388626550 31850496 102 1
copy 10223 1 180388626551 31850496 101 1
copy 10224 1 180388626551 31850496 102 1
copy 10225 1 180388626552 31850496 101 1
copy 10226 1 180388626552 31850496 102 1
copy 10227 1 180388626553 31850496 101 1
copy 10228 1 180388626553 31850496 102 1
copy 10229 1 180388626554 31850496 101 1
copy 10230 1 180388626554 31850496 102 1
copy 10231 1 180388626555 31850496 101 1
copy 10232 1 180388626555 31850496 102 1
copy 10233 1 180388626556 31850496 101 1
copy 10234 1 180388626556 31850496 102 1
copy 10235 1 180388626557 31850496 101 1
copy 10236 1 180388626557 31850496 102 1
copy 10237 1 180388626558 31850496 101 1
copy 10238 1 180388626558 31850496 102 1
copy 10239 1 180388626559 31850496 101 1
copy 10240 1 180388626559 31850496 102 1
copy 10241 1 184683593728 31850496 101 1
copy 10242 1 184683593728 31850496 102 1
copy 10243 1 184683593729 31850496 101 1
copy 10244 1 184683593729 31850496 102 1
copy 10245 1 184683593730 31850496 101 1
copy 10246 1 184683593730 31850496 102 1
copy 10247 1 184683593731 31850496 101 1
copy 10248 1 184683593731 31850496 102 1
copy 10249 1 184683593732 31850496 101 1
copy 10250 1 184683593732 31850496 102 1
copy 10251 1 184683593733 31850496 101 1
copy 10252 1 184683593733 31850496 102 1
copy 10253 1 184683593734 31850496 101 1
copy 10254 1 184683593734 31850496 102 1
copy 10255 1 184683593735 31850496 101 1
copy 10256 1 184683593735 31850496 102 1
copy 10257 1 184683593736 31850496 101 1
copy 10258 1 184683593736 31850496 102 1
copy 10259 1 184683593737 31850496 101 1
copy 10260 1 184683593737 31850496 102 1
copy 10261 1 184683593738 31850496 101 1
copy 10262 1 184683593738 31850496 102 1
copy 10263 1 184683593739 31850496 101 1
copy 10264 1 184683593739 31850496 102 1
copy 10265 1 184683593740 31850496 101 1
copy 10266 1 184683593740 31850496 102 1
copy 10267 1 184683593741 31850496 101 1
copy 10268 1 184683593741 31850496 102 1
copy 10269 1 184683593742 31850496 101 1
copy 10270 1 184683593742 31850496 102 1
copy 10271 1 184683593743 31850496 101 1
copy 10272 1 184683593743 31850496 102 1
copy 10273 1 184683593744 31850496 101 1
copy 10274 1 184683593744 31850496 102 1
copy 10275 1 184683593745 31850496 101 1
copy 10276 1 184683593745 31850496 102 1
copy 10277 1 184683593746 31850496 101 1
copy 10278 1 184683593746 31850496 102 1
copy 10279 1 184683593747 31850496 101 1
copy 10280 1 184683593747 31850496 102 1
copy 10281 1 184683593748 31850496 101 1
copy 10282 1 184683593748 31850496 102 1
copy 10283 1 184683593749 31850496 101 1
copy 10284 1 184683593749 31850496 102 1
copy 10285 1 184683593750 31850496 101 1
copy 10286 1 184683593750 31850496 102 1
copy 10287 1 184683593751 31850496 101 1
copy 10288 1 184683593751 31850496 102 1
copy 10289 1 184683593752 31850496 101 1
copy 10290 1 184683593752 31850496 102 1
copy 10291 1 184683593753 31850496 101 1
copy 10292 1 184683593753 31850496 102 1
copy 10293 1 184683593754 31850496 101 1
copy 10294 1 184683593754 31850496 102 1
copy 10295 1 184683593755 31850496 101 1
copy 10296 1 184683593755 31850496 102 1
copy 10297 1 184683593756 31850496 101 1
copy 10298 1 184683593756 31850496 102 1
copy 10299 1 184683593757 31850496 101 1
copy 10300 1 184683593757 31850496 102 1
copy 10301 1 184683593758 31850496 101 1
copy 10302 1 184683593758 31850496 102 1
copy 10303 1 184683593759 31850496 101 1
copy 10304 1 184683593759 31850496 102 1
copy 10305 1 184683593760 31850496 101 1
copy 10306 1 184683593760 31850496 102 1
copy 10307 1 184683593761 31850496 101 1
copy 10308 1 184683593761 31850496 102 1
copy 10309 1 184683593762 31850496 101 1
copy 10310 1 184683593762 31850496 102 1
copy 10311 1 184683593763 31850496 101 1
copy 10312 1 184683593763 31850496 102 1
copy 10313 1 184683593764 31850496 101 1
copy 10314 1 184683593764 31850496 102 1
copy 10315 1 184683593765 31850496 101 1
copy 10316 1 184683593765 31850496 102 1
copy 10317 1 184683593766 31850496 101 1
copy 10318 1 184683593766 31850496 102 1
copy 10319 1 184683593767 31850496 101 1
copy 10320 1 184683593767 31850496 102 1
copy 10321 1 184683593768 31850496 101 1
copy 10322 1 184683593768 31850496 102 1
copy 10323 1 184683593769 31850496 101 1
copy 10324 1 184683593769 31850496 102 1
copy 10325 1 184683593770 31850496 101 1
copy 10326 1 184683593770 31850496 102 1
copy 10327 1 184683593771 31850496 101 1
copy 10328 1 184683593771 31850496 102 1
copy 10329 1 184683593772 31850496 101 1
copy 10330 1 184683593772 31850496 102 1
copy 10331 1 184683593773 31850496 101 1
copy 10332 1 184683593773 31850496 102 1
copy 10333 1 184683593774 31850496 101 1
copy 10334 1 184683593774 31850496 102 1
copy 10335 1 184683593775 31850496 101 1
copy 10336 1 184683593775 31850496 102 1
copy 10337 1 184683593776 31850496 101 1
copy 10338 1 184683593776 31850496 102 1
copy 10339 1 184683593777 31850496 101 1
copy 10340 1 184683593777 31850496 102 1
copy 10341 1 184683593778 31850496 101 1
copy 10342 1 184683593778 31850496 102 1
copy 10343 1 184683593779 31850496 101 1
copy 10344 1 184683593779 31850496 102 1
copy 10345 1 184683593780 31850496 101 1
copy 10346 1 184683593780 31850496 102 1
copy 10347 1 184683593781 31850496 101 1
copy 10348 1 184683593781 31850496 102 1
copy 10349 1 184683593782 31850496 101 1
copy 10350 1 184683593782 31850496 102 1
copy 10351 1 184683593783 31850496 101 1
copy 10352 1 184683593783 31850496 102 1
copy 10353 1 184683593784 31850496 101 1
copy 10354 1 184683593784 31850496 102 1
copy 10355 1 184683593785 31850496 101 1
copy 10356 1 184683593785 31850496 102 1
copy 10357 1 184683593786 31850496 101 1
copy 10358 1 184683593786 31850496 102 1
copy 10359 1 184683593787 31850496 101 1
copy 10360 1 184683593787 31850496 102 1
copy 10361 1 184683593788 31850496 101 1
copy 10362 1 184683593788 31850496 102 1
copy 10363 1 184683593789 31850496 101 1
copy 10364 1 184683593789 31850496 102 1
copy 10365 1 184683593790 31850496 101 1
copy 10366 1 184683593790 31850496 102 1
copy 10367 1 184683593791 31850496 101 1
copy 10368 1 184683593791 31850496 102 1
copy 10369 1 184683593792 31850496 101 1
copy 10370 1 184683593792 31850496 102 1
copy 10371 1 184683593793 31850496 101 1
copy 10372 1 184683593793 31850496 102 1
copy 10373 1 184683593794 31850496 101 1
copy 10374 1 184683593794 31850496 102 1
copy 10375 1 184683593795 31850496 101 1
copy 10376 1 184683593795 31850496 102 1
copy 10377 1 184683593796 31850496 101 1
copy 10378 1 184683593796 31850496 102 1
copy 10379 1 184683593797 31850496 101 1
copy 10380 1 184683593797 31850496 102 1
copy 10381 1 184683593798 31850496 101 1
copy 10382 1 184683593798 31850496 102 1
copy 10383 1 184683593799 31850496 101 1
copy 10384 1 184683593799 31850496 102 1
copy 10385 1 184683593800 31850496 101 1
copy 10386 1 184683593800 31850496 102 1
copy 10387 1 184683593801 31850496 101 1
copy 10388 1 184683593801 31850496 102 1
copy 10389 1 184683593802 31850496 101 1
copy 10390 1 184683593802 31850496 102 1
copy 10391 1 184683593803 31850496 101 1
copy 10392 1 184683593803 31850496 102 1
copy 10393 1 184683593804 31850496 101 1
copy 10394 1 184683593804 31850496 102 1
copy 10395 1 184683593805 31850496 101 1
copy 10396 1 184683593805 31850496 102 1
copy 10397 1 184683593806 31850496 101 1
copy 10398 1 184683593806 31850496 102 1
copy 10399 1 184683593807 31850496 101 1
copy 10400 1 184683593807 31850496 102 1
copy 10401 1 184683593808 31850496 101 1
copy 10402 1 184683593808 31850496 102 1
copy 10403 1 184683593809 31850496 101 1
copy 10404 1 184683593809 31850496 102 1
copy 10405 1 184683593810 31850496 101 1
copy 10406 1 184683593810 31850496 102 1
copy 10407 1 184683593811 31850496 101 1
copy 10408 1 184683593811 31850496 102 1
copy 10409 1 184683593812 31850496 101 1
copy 10410 1 184683593812 31850496 102 1
copy 10411 1 184683593813 31850496 101 1
copy 10412 1 184683593813 31850496 102 1
copy 10413 1 184683593814 31850496 101 1
copy 10414 1 184683593814 31850496 102 1
copy 10415 1 184683593815 31850496 101 1
copy 10416 1 184683593815 31850496 102 1
copy 10417 1 184683593816 31850496 101 1
copy 10418 1 184683593816 31850496 102 1
copy 10419 1 184683593817 31850496 101 1
copy 10420 1 184683593817 31850496 102 1
copy 10421 1 184683593818 31850496 101 1
copy 10422 1 184683593818 31850496 102 1
copy 10423 1 184683593819 31850496 101 1
copy 10424 1 184683593819 31850496 102 1
copy 10425 1 184683593820 31850496 101 1
copy 10426 1 184683593820 31850496 102 1
copy 10427 1 184683593821 31850496 101 1
copy 10428 1 184683593821 31850496 102 1
copy 10429 1 184683593822 31850496 101 1
copy 10430 1 184683593822 31850496 102 1
copy 10431 1 184683593823 31850496 101 1
copy 10432 1 184683593823 31850496 102 1
copy 10433 1 184683593824 31850496 101 1
copy 10434 1 184683593824 31850496 102 1
copy 10435 1 184683593825 31850496 101 1
copy 10436 1 184683593825 31850496 102 1
copy 10437 1 184683593826 31850496 101 1
copy 10438 1 184683593826 31850496 102 1
copy 10439 1 184683593827 31850496 101 1
copy 10440 1 184683593827 31850496 102 1
copy 10441 1 184683593828 31850496 101 1
copy 10442 1 184683593828 31850496 102 1
copy 10443 1 184683593829 31850496 101 1
copy 10444 1 184683593829 31850496 102 1
copy 10445 1 184683593830 31850496 101 1
copy 10446 1 184683593830 31850496 102 1
copy 10447 1 184683593831 31850496 101 1
copy 10448 1 184683593831 31850496 102 1
copy 10449 1 184683593832 31850496 101 1
copy 10450 1 184683593832 31850496 102 1
copy 10451 1 184683593833 31850496 101 1
copy 10452 1 184683593833 31850496 102 1
copy 10453 1 184683593834 31850496 101 1
copy 10454 1 184683593834 31850496 102 1
copy 10455 1 184683593835 31850496 101 1
copy 10456 1 184683593835 31850496 102 1
copy 10457 1 184683593836 31850496 101 1
copy 10458 1 184683593836 31850496 102 1
copy 10459 1 184683593837 31850496 101 1
copy 10460 1 184683593837 31850496 102 1
copy 10461 1 184683593838 31850496 101 1
copy 10462 1 184683593838 31850496 102 1
copy 10463 1 184683593839 31850496 101 1
copy 10464 1 184683593839 31850496 102 1
copy 10465 1 184683593840 31850496 101 1
copy 10466 1 184683593840 31850496 102 1
copy 10467 1 184683593841 31850496 101 1
copy 10468 1 184683593841 31850496 102 1
copy 10469 1 184683593842 31850496 101 1
copy 10470 1 184683593842 31850496 102 1
copy 10471 1 184683593843 31850496 101 1
copy 10472 1 184683593843 31850496 102 1
copy 10473 1 184683593844 31850496 101 1
copy 10474 1 184683593844 31850496 102 1
copy 10475 1 184683593845 31850496 101 1
copy 10476 1 184683593845 31850496 102 1
copy 10477 1 184683593846 31850496 101 1
copy 10478 1 184683593846 31850496 102 1
copy 10479 1 184683593847 31850496 101 1
copy 10480 1 184683593847 31850496 102 1
copy 10481 1 184683593848 31850496 101 1
copy 10482 1 184683593848 31850496 102 1
copy 10483 1 184683593849 31850496 101 1
copy 10484 1 184683593849 31850496 102 1
copy 10485 1 184683593850 31850496 101 1
copy 10486 1 184683593850 31850496 102 1
copy 10487 1 184683593851 31850496 101 1
copy 10488 1 184683593851 31850496 102 1
copy 10489 1 184683593852 31850496 101 1
copy 10490 1 184683593852 31850496 102 1
copy 10491 1 184683593853 31850496 101 1
copy 10492 1 184683593853 31850496 102 1
copy 10493 1 184683593854 31850496 101 1
copy 10494 1 184683593854 31850496 102 1
copy 10495 1 184683593855 31850496 101 1
copy 10496 1 184683593855 31850496 102 1
copy 10497 1 188978561024 31850496 101 1
copy 10498 1 188978561024 31850496 102 1
copy 10499 1 188978561025 31850496 101 1
copy 10500 1 188978561025 31850496 102 1
copy 10501 1 188978561026 31850496 101 1
copy 10502 1 188978561026 31850496 102 1
copy 10503 1 188978561027 31850496 101 1
copy 10504 1 188978561027 31850496 102 1
copy 10505 1 188978561028 31850496 101 1
copy 10506 1 188978561028 31850496 102 1
copy 10507 1 188978561029 31850496 101 1
copy 10508 1 188978561029 31850496 102 1
copy 10509 1 188978561030 31850496 101 1
copy 10510 1 188978561030 31850496 102 1
copy 10511 1 188978561031 31850496 101 1
copy 10512 1 188978561031 31850496 102 1
copy 10513 1 188978561032 31850496 101 1
copy 10514 1 188978561032 31850496 102 1
copy 10515 1 188978561033 31850496 101 1
copy 10516 1 188978561033 31850496 102 1
copy 10517 1 188978561034 31850496 101 1
copy 10518 1 188978561034 31850496 102 1
copy 10519 1 188978561035 31850496 101 1
copy 10520 1 188978561035 31850496 102 1
copy 10521 1 188978561036 31850496 101 1
copy 10522 1 188978561036 31850496 102 1
copy 10523 1 188978561037 31850496 101 1
copy 10524 1 188978561037 31850496 102 1
copy 10525 1 188978561038 31850496 101 1
copy 10526 1 188978561038 31850496 102 1
copy 10527 1 188978561039 31850496 101 1
copy 10528 1 188978561039 31850496 102 1
copy 10529 1 188978561040 31850496 101 1
copy 10530 1 188978561040 31850496 102 1
copy 10531 1 188978561041 31850496 101 1
copy 10532 1 188978561041 31850496 102 1
copy 10533 1 188978561042 31850496 101 1
copy 10534 1 188978561042 31850496 102 1
copy 10535 1 188978561043 31850496 101 1
copy 10536 1 188978561043 31850496 102 1
copy 10537 1 188978561044 31850496 101 1
copy 10538 1 188978561044 31850496 102 1
copy 10539 1 188978561045 31850496 101 1
copy 10540 1 188978561045 31850496 102 1
copy 10541 1 188978561046 31850496 101 1
copy 10542 1 188978561046 31850496 102 1
copy 10543 1 188978561047 31850496 101 1
copy 10544 1 188978561047 31850496 102 1
copy 10545 1 188978561048 31850496 101 1
copy 10546 1 188978561048 31850496 102 1
copy 10547 1 188978561049 31850496 101 1
copy 10548 1 188978561049 31850496 102 1
copy 10549 1 188978561050 31850496 101 1
copy 10550 1 188978561050 31850496 102 1
copy 10551 1 188978561051 31850496 101 1
copy 10552 1 188978561051 31850496 102 1
copy 10553 1 188978561052 31850496 101 1
copy 10554 1 188978561052 31850496 102 1
copy 10555 1 188978561053 31850496 101 1
copy 10556 1 188978561053 31850496 102 1
copy 10557 1 188978561054 31850496 101 1
copy 10558 1 188978561054 31850496 102 1
copy 10559 1 188978561055 31850496 101 1
copy 10560 1 188978561055 31850496 102 1
copy 10561 1 188978561056 31850496 101 1
copy 10562 1 188978561056 31850496 102 1
copy 10563 1 188978561057 31850496 101 1
copy 10564 1 188978561057 31850496 102 1
copy 10565 1 188978561058 31850496 101 1
copy 10566 1 188978561058 31850496 102 1
copy 10567 1 188978561059 31850496 101 1
copy 10568 1 188978561059 31850496 102 1
copy 10569 1 188978561060 31850496 101 1
copy 10570 1 188978561060 31850496 102 1
copy 10571 1 188978561061 31850496 101 1
copy 10572 1 188978561061 31850496 102 1
copy 10573 1 188978561062 31850496 101 1
copy 10574 1 188978561062 31850496 102 1
copy 10575 1 188978561063 31850496 101 1
copy 10576 1 188978561063 31850496 102 1
copy 10577 1 188978561064 31850496 101 1
copy 10578 1 188978561064 31850496 102 1
copy 10579 1 188978561065 31850496 101 1
copy 10580 1 188978561065 31850496 102 1
copy 10581 1 188978561066 31850496 101 1
copy 10582 1 188978561066 31850496 102 1
copy 10583 1 188978561067 31850496 101 1
copy 10584 1 188978561067 31850496 102 1
copy 10585 1 188978561068 31850496 101 1
copy 10586 1 188978561068 31850496 102 1
copy 10587 1 188978561069 31850496 101 1
copy 10588 1 188978561069 31850496 102 1
copy 10589 1 188978561070 31850496 101 1
copy 10590 1 188978561070 31850496 102 1
copy 10591 1 188978561071 31850496 101 1
copy 10592 1 188978561071 31850496 102 1
copy 10593 1 188978561072 31850496 101 1
copy 10594 1 188978561072 31850496 102 1
copy 10595 1 188978561073 31850496 101 1
copy 10596 1 188978561073 31850496 102 1
copy 10597 1 188978561074 31850496 101 1
copy 10598 1 188978561074 31850496 102 1
copy 10599 1 188978561075 31850496 101 1
copy 10600 1 188978561075 31850496 102 1
copy 10601 1 188978561076 31850496 101 1
copy 10602 1 188978561076 31850496 102 1
copy 10603 1 188978561077 31850496 101 1
copy 10604 1 188978561077 31850496 102 1
copy 10605 1 188978561078 31850496 101 1
copy 10606 1 188978561078 31850496 102 1
copy 10607 1 188978561079 31850496 101 1
copy 10608 1 188978561079 31850496 102 1
copy 10609 1 188978561080 31850496 101 1
copy 10610 1 188978561080 31850496 102 1
copy 10611 1 188978561081 31850496 101 1
copy 10612 1 188978561081 31850496 102 1
copy 10613 1 188978561082 31850496 101 1
copy 10614 1 188978561082 31850496 102 1
copy 10615 1 188978561083 31850496 101 1
copy 10616 1 188978561083 31850496 102 1
copy 10617 1 188978561084 31850496 101 1
copy 10618 1 188978561084 31850496 102 1
copy 10619 1 188978561085 31850496 101 1
copy 10620 1 188978561085 31850496 102 1
copy 10621 1 188978561086 31850496 101 1
copy 10622 1 188978561086 31850496 102 1
copy 10623 1 188978561087 31850496 101 1
copy 10624 1 188978561087 31850496 102 1
copy 10625 1 188978561088 31850496 101 1
copy 10626 1 188978561088 31850496 102 1
copy 10627 1 188978561089 31850496 101 1
copy 10628 1 188978561089 31850496 102 1
copy 10629 1 188978561090 31850496 101 1
copy 10630 1 188978561090 31850496 102 1
copy 10631 1 188978561091 31850496 101 1
copy 10632 1 188978561091 31850496 102 1
copy 10633 1 188978561092 31850496 101 1
copy 10634 1 188978561092 31850496 102 1
copy 10635 1 188978561093 31850496 101 1
copy 10636 1 188978561093 31850496 102 1
copy 10637 1 188978561094 31850496 101 1
copy 10638 1 188978561094 31850496 102 1
copy 10639 1 188978561095 31850496 101 1
copy 10640 1 188978561095 31850496 102 1
copy 10641 1 188978561096 31850496 101 1
copy 10642 1 188978561096 31850496 102 1
copy 10643 1 188978561097 31850496 101 1
copy 10644 1 188978561097 31850496 102 1
copy 10645 1 188978561098 31850496 101 1
copy 10646 1 188978561098 31850496 102 1
copy 10647 1 188978561099 31850496 101 1
copy 10648 1 188978561099 31850496 102 1
copy 10649 1 188978561100 31850496 101 1
copy 10650 1 188978561100 31850496 102 1
copy 10651 1 188978561101 31850496 101 1
copy 10652 1 188978561101 31850496 102 1
copy 10653 1 188978561102 31850496 101 1
copy 10654 1 188978561102 31850496 102 1
copy 10655 1 188978561103 31850496 101 1
copy 10656 1 188978561103 31850496 102 1
copy 10657 1 188978561104 31850496 101 1
copy 10658 1 188978561104 31850496 102 1
copy 10659 1 188978561105 31850496 101 1
copy 10660 1 188978561105 31850496 102 1
copy 10661 1 188978561106 31850496 101 1
copy 10662 1 188978561106 31850496 102 1
copy 10663 1 188978561107 31850496 101 1
copy 10664 1 188978561107 31850496 102 1
copy 10665 1 188978561108 31850496 101 1
copy 10666 1 188978561108 31850496 102 1
copy 10667 1 188978561109 31850496 101 1
copy 10668 1 188978561109 31850496 102 1
copy 10669 1 188978561110 31850496 101 1
copy 10670 1 188978561110 31850496 102 1
copy 10671 1 188978561111 31850496 101 1
copy 10672 1 188978561111 31850496 102 1
copy 10673 1 188978561112 31850496 101 1
copy 10674 1 188978561112 31850496 102 1
copy 10675 1 188978561113 31850496 101 1
copy 10676 1 188978561113 31850496 102 1
copy 10677 1 188978561114 31850496 101 1
copy 10678 1 188978561114 31850496 102 1
copy 10679 1 188978561115 31850496 101 1
copy 10680 1 188978561115 31850496 102 1
copy 10681 1 188978561116 31850496 101 1
copy 10682 1 188978561116 31850496 102 1
copy 10683 1 188978561117 31850496 101 1
copy 10684 1 188978561117 31850496 102 1
copy 10685 1 188978561118 31850496 101 1
copy 10686 1 188978561118 31850496 102 1
copy 10687 1 188978561119 31850496 101 1
copy 10688 1 188978561119 31850496 102 1
copy 10689 1 188978561120 31850496 101 1
copy 10690 1 188978561120 31850496 102 1
copy 10691 1 188978561121 31850496 101 1
copy 10692 1 188978561121 31850496 102 1
copy 10693 1 188978561122 31850496 101 1
copy 10694 1 188978561122 31850496 102 1
copy 10695 1 188978561123 31850496 101 1
copy 10696 1 188978561123 31850496 102 1
copy 10697 1 188978561124 31850496 101 1
copy 10698 1 188978561124 31850496 102 1
copy 10699 1 188978561125 31850496 101 1
copy 10700 1 188978561125 31850496 102 1
copy 10701 1 188978561126 31850496 101 1
copy 10702 1 188978561126 31850496 102 1
copy 10703 1 188978561127 31850496 101 1
copy 10704 1 188978561127 31850496 102 1
copy 10705 1 188978561128 31850496 101 1
copy 10706 1 188978561128 31850496 102 1
copy 10707 1 188978561129 31850496 101 1
copy 10708 1 188978561129 31850496 102 1
copy 10709 1 188978561130 31850496 101 1
copy 10710 1 188978561130 31850496 102 1
copy 10711 1 188978561131 31850496 101 1
copy 10712 1 188978561131 31850496 102 1
copy 10713 1 188978561132 31850496 101 1
copy 10714 1 188978561132 31850496 102 1
copy 10715 1 188978561133 31850496 101 1
copy 10716 1 188978561133 31850496 102 1
copy 10717 1 188978561134 31850496 101 1
copy 10718 1 188978561134 31850496 102 1
copy 10719 1 188978561135 31850496 101 1
copy 10720 1 188978561135 31850496 102 1
copy 10721 1 188978561136 31850496 101 1
copy 10722 1 188978561136 31850496 102 1
copy 10723 1 188978561137 31850496 101 1
copy 10724 1 188978561137 31850496 102 1
copy 10725 1 188978561138 31850496 101 1
copy 10726 1 188978561138 31850496 102 1
copy 10727 1 188978561139 31850496 101 1
copy 10728 1 188978561139 31850496 102 1
copy 10729 1 188978561140 31850496 101 1
copy 10730 1 188978561140 31850496 102 1
copy 10731 1 188978561141 31850496 101 1
copy 10732 1 188978561141 31850496 102 1
copy 10733 1 188978561142 31850496 101 1
copy 10734 1 188978561142 31850496 102 1
copy 10735 1 188978561143 31850496 101 1
copy 10736 1 188978561143 31850496 102 1
copy 10737 1 188978561144 31850496 101 1
copy 10738 1 188978561144 31850496 102 1
copy 10739 1 188978561145 31850496 101 1
copy 10740 1 188978561145 31850496 102 1
copy 10741 1 188978561146 31850496 101 1
copy 10742 1 188978561146 31850496 102 1
copy 10743 1 188978561147 31850496 101 1
copy 10744 1 188978561147 31850496 102 1
copy 10745 1 188978561148 31850496 101 1
copy 10746 1 188978561148 31850496 102 1
copy 10747 1 188978561149 31850496 101 1
copy 10748 1 188978561149 31850496 102 1
copy 10749 1 188978561150 31850496 101 1
copy 10750 1 188978561150 31850496 102 1
copy 10751 1 188978561151 31850496 101 1
copy 10752 1 188978561151 31850496 102 1
copy 10753 1 193273528320 31850496 101 1
copy 10754 1 193273528320 31850496 102 1
copy 10755 1 193273528321 31850496 101 1
copy 10756 1 193273528321 31850496 102 1
copy 10757 1 193273528322 31850496 101 1
copy 10758 1 193273528322 31850496 102 1
copy 10759 1 193273528323 31850496 101 1
copy 10760 1 193273528323 31850496 102 1
copy 10761 1 193273528324 31850496 101 1
copy 10762 1 193273528324 31850496 102 1
copy 10763 1 193273528325 31850496 101 1
copy 10764 1 193273528325 31850496 102 1
copy 10765 1 193273528326 31850496 101 1
copy 10766 1 193273528326 31850496 102 1
copy 10767 1 193273528327 31850496 101 1
copy 10768 1 193273528327 31850496 102 1
copy 10769 1 193273528328 31850496 101 1
copy 10770 1 193273528328 31850496 102 1
copy 10771 1 193273528329 31850496 101 1
copy 10772 1 193273528329 31850496 102 1
copy 10773 1 193273528330 31850496 101 1
copy 10774 1 193273528330 31850496 102 1
copy 10775 1 193273528331 31850496 101 1
copy 10776 1 193273528331 31850496 102 1
copy 10777 1 193273528332 31850496 101 1
copy 10778 1 193273528332 31850496 102 1
copy 10779 1 193273528333 31850496 101 1
copy 10780 1 193273528333 31850496 102 1
copy 10781 1 193273528334 31850496 101 1
copy 10782 1 193273528334 31850496 102 1
copy 10783 1 193273528335 31850496 101 1
copy 10784 1 193273528335 31850496 102 1
copy 10785 1 193273528336 31850496 101 1
copy 10786 1 193273528336 31850496 102 1
copy 10787 1 193273528337 31850496 101 1
copy 10788 1 193273528337 31850496 102 1
copy 10789 1 193273528338 31850496 101 1
copy 10790 1 193273528338 31850496 102 1
copy 10791 1 193273528339 31850496 101 1
copy 10792 1 193273528339 31850496 102 1
copy 10793 1 193273528340 31850496 101 1
copy 10794 1 193273528340 31850496 102 1
copy 10795 1 193273528341 31850496 101 1
copy 10796 1 193273528341 31850496 102 1
copy 10797 1 193273528342 31850496 101 1
copy 10798 1 193273528342 31850496 102 1
copy 10799 1 193273528343 31850496 101 1
copy 10800 1 193273528343 31850496 102 1
copy 10801 1 193273528344 31850496 101 1
copy 10802 1 193273528344 31850496 102 1
copy 10803 1 193273528345 31850496 101 1
copy 10804 1 193273528345 31850496 102 1
copy 10805 1 193273528346 31850496 101 1
copy 10806 1 193273528346 31850496 102 1
copy 10807 1 193273528347 31850496 101 1
copy 10808 1 193273528347 31850496 102 1
copy 10809 1 193273528348 31850496 101 1
copy 10810 1 193273528348 31850496 102 1
copy 10811 1 193273528349 31850496 101 1
copy 10812 1 193273528349 31850496 102 1
copy 10813 1 193273528350 31850496 101 1
copy 10814 1 193273528350 31850496 102 1
copy 10815 1 193273528351 31850496 101 1
copy 10816 1 193273528351 31850496 102 1
copy 10817 1 193273528352 31850496 101 1
copy 10818 1 193273528352 31850496 102 1
copy 10819 1 193273528353 31850496 101 1
copy 10820 1 193273528353 31850496 102 1
copy 10821 1 193273528354 31850496 101 1
copy 10822 1 193273528354 31850496 102 1
copy 10823 1 193273528355 31850496 101 1
copy 10824 1 193273528355 31850496 102 1
copy 10825 1 193273528356 31850496 101 1
copy 10826 1 193273528356 31850496 102 1
copy 10827 1 193273528357 31850496 101 1
copy 10828 1 193273528357 31850496 102 1
copy 10829 1 193273528358 31850496 101 1
copy 10830 1 193273528358 31850496 102 1
copy 10831 1 193273528359 31850496 101 1
copy 10832 1 193273528359 31850496 102 1
copy 10833 1 193273528360 31850496 101 1
copy 10834 1 193273528360 31850496 102 1
copy 10835 1 193273528361 31850496 101 1
copy 10836 1 193273528361 31850496 102 1
copy 10837 1 193273528362 31850496 101 1
copy 10838 1 193273528362 31850496 102 1
copy 10839 1 193273528363 31850496 101 1
copy 10840 1 193273528363 31850496 102 1
copy 10841 1 193273528364 31850496 101 1
copy 10842 1 193273528364 31850496 102 1
copy 10843 1 193273528365 31850496 101 1
copy 10844 1 193273528365 31850496 102 1
copy 10845 1 193273528366 31850496 101 1
copy 10846 1 193273528366 31850496 102 1
copy 10847 1 193273528367 31850496 101 1
copy 10848 1 193273528367 31850496 102 1
copy 10849 1 193273528368 31850496 101 1
copy 10850 1 193273528368 31850496 102 1
copy 10851 1 193273528369 31850496 101 1
copy 10852 1 193273528369 31850496 102 1
copy 10853 1 193273528370 31850496 101 1
copy 10854 1 193273528370 31850496 102 1
copy 10855 1 193273528371 31850496 101 1
copy 10856 1 193273528371 31850496 102 1
copy 10857 1 193273528372 31850496 101 1
copy 10858 1 193273528372 31850496 102 1
copy 10859 1 193273528373 31850496 101 1
copy 10860 1 193273528373 31850496 102 1
copy 10861 1 193273528374 31850496 101 1
copy 10862 1 193273528374 31850496 102 1
copy 10863 1 193273528375 31850496 101 1
copy 10864 1 193273528375 31850496 102 1
copy 10865 1 193273528376 31850496 101 1
copy 10866 1 193273528376 31850496 102 1
copy 10867 1 193273528377 31850496 101 1
copy 10868 1 193273528377 31850496 102 1
copy 10869 1 193273528378 31850496 101 1
copy 10870 1 193273528378 31850496 102 1
copy 10871 1 193273528379 31850496 101 1
copy 10872 1 193273528379 31850496 102 1
copy 10873 1 193273528380 31850496 101 1
copy 10874 1 193273528380 31850496 102 1
copy 10875 1 193273528381 31850496 101 1
copy 10876 1 193273528381 31850496 102 1
copy 10877 1 193273528382 31850496 101 1
copy 10878 1 193273528382 31850496 102 1
copy 10879 1 193273528383 31850496 101 1
copy 10880 1 193273528383 31850496 102 1
copy 10881 1 193273528384 31850496 101 1
copy 10882 1 193273528384 31850496 102 1
copy 10883 1 193273528385 31850496 101 1
copy 10884 1 193273528385 31850496 102 1
copy 10885 1 193273528386 31850496 101 1
copy 10886 1 193273528386 31850496 102 1
copy 10887 1 193273528387 31850496 101 1
copy 10888 1 193273528387 31850496 102 1
copy 10889 1 193273528388 31850496 101 1
copy 10890 1 193273528388 31850496 102 1
copy 10891 1 193273528389 31850496 101 1
copy 10892 1 193273528389 31850496 102 1
copy 10893 1 193273528390 31850496 101 1
copy 10894 1 193273528390 31850496 102 1
copy 10895 1 193273528391 31850496 101 1
copy 10896 1 193273528391 31850496 102 1
copy 10897 1 193273528392 31850496 101 1
copy 10898 1 193273528392 31850496 102 1
copy 10899 1 193273528393 31850496 101 1
copy 10900 1 193273528393 31850496 102 1
copy 10901 1 193273528394 31850496 101 1
copy 10902 1 193273528394 31850496 102 1
copy 10903 1 193273528395 31850496 101 1
copy 10904 1 193273528395 31850496 102 1
copy 10905 1 193273528396 31850496 101 1
copy 10906 1 193273528396 31850496 102 1
copy 10907 1 193273528397 31850496 101 1
copy 10908 1 193273528397 31850496 102 1
copy 10909 1 193273528398 31850496 101 1
copy 10910 1 193273528398 31850496 102 1
copy 10911 1 193273528399 31850496 101 1
copy 10912 1 193273528399 31850496 102 1
copy 10913 1 193273528400 31850496 101 1
copy 10914 1 193273528400 31850496 102 1
copy 10915 1 193273528401 31850496 101 1
copy 10916 1 193273528401 31850496 102 1
copy 10917 1 193273528402 31850496 101 1
copy 10918 1 193273528402 31850496 102 1
copy 10919 1 193273528403 31850496 101 1
copy 10920 1 193273528403 31850496 102 1
copy 10921 1 193273528404 31850496 101 1
copy 10922 1 193273528404 31850496 102 1
copy 10923 1 193273528405 31850496 101 1
copy 10924 1 193273528405 31850496 102 1
copy 10925 1 193273528406 31850496 101 1
copy 10926 1 193273528406 31850496 102 1
copy 10927 1 193273528407 31850496 101 1
copy 10928 1 193273528407 31850496 102 1
copy 10929 1 193273528408 31850496 101 1
copy 10930 1 193273528408 31850496 102 1
copy 10931 1 193273528409 31850496 101 1
copy 10932 1 193273528409 31850496 102 1
copy 10933 1 193273528410 31850496 101 1
copy 10934 1 193273528410 31850496 102 1
copy 10935 1 193273528411 31850496 101 1
copy 10936 1 193273528411 31850496 102 1
copy 10937 1 193273528412 31850496 101 1
copy 10938 1 193273528412 31850496 102 1
copy 10939 1 193273528413 31850496 101 1
copy 10940 1 193273528413 31850496 102 1
copy 10941 1 193273528414 31850496 101 1
copy 10942 1 193273528414 31850496 102 1
copy 10943 1 193273528415 31850496 101 1
copy 10944 1 193273528415 31850496 102 1
copy 10945 1 193273528416 31850496 101 1
copy 10946 1 193273528416 31850496 102 1
copy 10947 1 193273528417 31850496 101 1
copy 10948 1 193273528417 31850496 102 1
copy 10949 1 193273528418 31850496 101 1
copy 10950 1 193273528418 31850496 102 1
copy 10951 1 193273528419 31850496 101 1
copy 10952 1 193273528419 31850496 102 1
copy 10953 1 193273528420 31850496 101 1
copy 10954 1 193273528420 31850496 102 1
copy 10955 1 193273528421 31850496 101 1
copy 10956 1 193273528421 31850496 102 1
copy 10957 1 193273528422 31850496 101 1
copy 10958 1 193273528422 31850496 102 1
copy 10959 1 193273528423 31850496 101 1
copy 10960 1 193273528423 31850496 102 1
copy 10961 1 193273528424 31850496 101 1
copy 10962 1 193273528424 31850496 102 1
copy 10963 1 193273528425 31850496 101 1
copy 10964 1 193273528425 31850496 102 1
copy 10965 1 193273528426 31850496 101 1
copy 10966 1 193273528426 31850496 102 1
copy 10967 1 193273528427 31850496 101 1
copy 10968 1 193273528427 31850496 102 1
copy 10969 1 193273528428 31850496 101 1
copy 10970 1 193273528428 31850496 102 1
copy 10971 1 193273528429 31850496 101 1
copy 10972 1 193273528429 31850496 102 1
copy 10973 1 193273528430 31850496 101 1
copy 10974 1 193273528430 31850496 102 1
copy 10975 1 193273528431 31850496 101 1
copy 10976 1 193273528431 31850496 102 1
copy 10977 1 193273528432 31850496 101 1
copy 10978 1 193273528432 31850496 102 1
copy 10979 1 193273528433 31850496 101 1
copy 10980 1 193273528433 31850496 102 1
copy 10981 1 193273528434 31850496 101 1
copy 10982 1 193273528434 31850496 102 1
copy 10983 1 193273528435 31850496 101 1
copy 10984 1 193273528435 31850496 102 1
copy 10985 1 193273528436 31850496 101 1
copy 10986 1 193273528436 31850496 102 1
copy 10987 1 193273528437 31850496 101 1
copy 10988 1 193273528437 31850496 102 1
copy 10989 1 193273528438 31850496 101 1
copy 10990 1 193273528438 31850496 102 1
copy 10991 1 193273528439 31850496 101 1
copy 10992 1 193273528439 31850496 102 1
copy 10993 1 193273528440 31850496 101 1
copy 10994 1 193273528440 31850496 102 1
copy 10995 1 193273528441 31850496 101 1
copy 10996 1 193273528441 31850496 102 1
copy 10997 1 193273528442 31850496 101 1
copy 10998 1 193273528442 31850496 102 1
copy 10999 1 193273528443 31850496 101 1
copy 11000 1 193273528443 31850496 102 1
copy 11001 1 193273528444 31850496 101 1
copy 11002 1 193273528444 31850496 102 1
copy 11003 1 193273528445 31850496 101 1
copy 11004 1 193273528445 31850496 102 1
copy 11005 1 193273528446 31850496 101 1
copy 11006 1 193273528446 31850496 102 1
copy 11007 1 193273528447 31850496 101 1
copy 11008 1 193273528447 31850496 102 1
copy 11009 1 197568495616 31850496 101 1
copy 11010 1 197568495616 31850496 102 1
copy 11011 1 197568495617 31850496 101 1
copy 11012 1 197568495617 31850496 102 1
copy 11013 1 197568495618 31850496 101 1
copy 11014 1 197568495618 31850496 102 1
copy 11015 1 197568495619 31850496 101 1
copy 11016 1 197568495619 31850496 102 1
copy 11017 1 197568495620 31850496 101 1
copy 11018 1 197568495620 31850496 102 1
copy 11019 1 197568495621 31850496 101 1
copy 11020 1 197568495621 31850496 102 1
copy 11021 1 197568495622 31850496 101 1
copy 11022 1 197568495622 31850496 102 1
copy 11023 1 197568495623 31850496 101 1
copy 11024 1 197568495623 31850496 102 1
copy 11025 1 197568495624 31850496 101 1
copy 11026 1 197568495624 31850496 102 1
copy 11027 1 197568495625 31850496 101 1
copy 11028 1 197568495625 31850496 102 1
copy 11029 1 197568495626 31850496 101 1
copy 11030 1 197568495626 31850496 102 1
copy 11031 1 197568495627 31850496 101 1
copy 11032 1 197568495627 31850496 102 1
copy 11033 1 197568495628 31850496 101 1
copy 11034 1 197568495628 31850496 102 1
copy 11035 1 197568495629 31850496 101 1
copy 11036 1 197568495629 31850496 102 1
copy 11037 1 197568495630 31850496 101 1
copy 11038 1 197568495630 31850496 102 1
copy 11039 1 197568495631 31850496 101 1
copy 11040 1 197568495631 31850496 102 1
copy 11041 1 197568495632 31850496 101 1
copy 11042 1 197568495632 31850496 102 1
copy 11043 1 197568495633 31850496 101 1
copy 11044 1 197568495633 31850496 102 1
copy 11045 1 197568495634 31850496 101 1
copy 11046 1 197568495634 31850496 102 1
copy 11047 1 197568495635 31850496 101 1
copy 11048 1 197568495635 31850496 102 1
copy 11049 1 197568495636 31850496 101 1
copy 11050 1 197568495636 31850496 102 1
copy 11051 1 197568495637 31850496 101 1
copy 11052 1 197568495637 31850496 102 1
copy 11053 1 197568495638 31850496 101 1
copy 11054 1 197568495638 31850496 102 1
copy 11055 1 197568495639 31850496 101 1
copy 11056 1 197568495639 31850496 102 1
copy 11057 1 197568495640 31850496 101 1
copy 11058 1 197568495640 31850496 102 1
copy 11059 1 197568495641 31850496 101 1
copy 11060 1 197568495641 31850496 102 1
copy 11061 1 197568495642 31850496 101 1
copy 11062 1 197568495642 31850496 102 1
copy 11063 1 197568495643 31850496 101 1
copy 11064 1 197568495643 31850496 102 1
copy 11065 1 197568495644 31850496 101 1
copy 11066 1 197568495644 31850496 102 1
copy 11067 1 197568495645 31850496 101 1
copy 11068 1 197568495645 31850496 102 1
copy 11069 1 197568495646 31850496 101 1
copy 11070 1 197568495646 31850496 102 1
copy 11071 1 197568495647 31850496 101 1
copy 11072 1 197568495647 31850496 102 1
copy 11073 1 197568495648 31850496 101 1
copy 11074 1 197568495648 31850496 102 1
copy 11075 1 197568495649 31850496 101 1
copy 11076 1 197568495649 31850496 102 1
copy 11077 1 197568495650 31850496 101 1
copy 11078 1 197568495650 31850496 102 1
copy 11079 1 197568495651 31850496 101 1
copy 11080 1 197568495651 31850496 102 1
copy 11081 1 197568495652 31850496 101 1
copy 11082 1 197568495652 31850496 102 1
copy 11083 1 197568495653 31850496 101 1
copy 11084 1 197568495653 31850496 102 1
copy 11085 1 197568495654 31850496 101 1
copy 11086 1 197568495654 31850496 102 1
copy 11087 1 197568495655 31850496 101 1
copy 11088 1 197568495655 31850496 102 1
copy 11089 1 197568495656 31850496 101 1
copy 11090 1 197568495656 31850496 102 1
copy 11091 1 197568495657 31850496 101 1
copy 11092 1 197568495657 31850496 102 1
copy 11093 1 197568495658 31850496 101 1
copy 11094 1 197568495658 31850496 102 1
copy 11095 1 197568495659 31850496 101 1
copy 11096 1 197568495659 31850496 102 1
copy 11097 1 197568495660 31850496 101 1
copy 11098 1 197568495660 31850496 102 1
copy 11099 1 197568495661 31850496 101 1
copy 11100 1 197568495661 31850496 102 1
copy 11101 1 197568495662 31850496 101 1
copy 11102 1 197568495662 31850496 102 1
copy 11103 1 197568495663 31850496 101 1
copy 11104 1 197568495663 31850496 102 1
copy 11105 1 197568495664 31850496 101 1
copy 11106 1 197568495664 31850496 102 1
copy 11107 1 197568495665 31850496 101 1
copy 11108 1 197568495665 31850496 102 1
copy 11109 1 197568495666 31850496 101 1
copy 11110 1 197568495666 31850496 102 1
copy 11111 1 197568495667 31850496 101 1
copy 11112 1 197568495667 31850496 102 1
copy 11113 1 197568495668 31850496 101 1
copy 11114 1 197568495668 31850496 102 1
copy 11115 1 197568495669 31850496 101 1
copy 11116 1 197568495669 31850496 102 1
copy 11117 1 197568495670 31850496 101 1
copy 11118 1 197568495670 31850496 102 1
copy 11119 1 197568495671 31850496 101 1
copy 11120 1 197568495671 31850496 102 1
copy 11121 1 197568495672 31850496 101 1
copy 11122 1 197568495672 31850496 102 1
copy 11123 1 197568495673 31850496 101 1
copy 11124 1 197568495673 31850496 102 1
copy 11125 1 197568495674 31850496 101 1
copy 11126 1 197568495674 31850496 102 1
copy 11127 1 197568495675 31850496 101 1
copy 11128 1 197568495675 31850496 102 1
copy 11129 1 197568495676 31850496 101 1
copy 11130 1 197568495676 31850496 102 1
copy 11131 1 197568495677 31850496 101 1
copy 11132 1 197568495677 31850496 102 1
copy 11133 1 197568495678 31850496 101 1
copy 11134 1 197568495678 31850496 102 1
copy 11135 1 197568495679 31850496 101 1
copy 11136 1 197568495679 31850496 102 1
copy 11137 1 197568495680 31850496 101 1
copy 11138 1 197568495680 31850496 102 1
copy 11139 1 197568495681 31850496 101 1
copy 11140 1 197568495681 31850496 102 1
copy 11141 1 197568495682 31850496 101 1
copy 11142 1 197568495682 31850496 102 1
copy 11143 1 197568495683 31850496 101 1
copy 11144 1 197568495683 31850496 102 1
copy 11145 1 197568495684 31850496 101 1
copy 11146 1 197568495684 31850496 102 1
copy 11147 1 197568495685 31850496 101 1
copy 11148 1 197568495685 31850496 102 1
copy 11149 1 197568495686 31850496 101 1
copy 11150 1 197568495686 31850496 102 1
copy 11151 1 197568495687 31850496 101 1
copy 11152 1 197568495687 31850496 102 1
copy 11153 1 197568495688 31850496 101 1
copy 11154 1 197568495688 31850496 102 1
copy 11155 1 197568495689 31850496 101 1
copy 11156 1 197568495689 31850496 102 1
copy 11157 1 197568495690 31850496 101 1
copy 11158 1 197568495690 31850496 102 1
copy 11159 1 197568495691 31850496 101 1
copy 11160 1 197568495691 31850496 102 1
copy 11161 1 197568495692 31850496 101 1
copy 11162 1 197568495692 31850496 102 1
copy 11163 1 197568495693 31850496 101 1
copy 11164 1 197568495693 31850496 102 1
copy 11165 1 197568495694 31850496 101 1
copy 11166 1 197568495694 31850496 102 1
copy 11167 1 197568495695 31850496 101 1
copy 11168 1 197568495695 31850496 102 1
copy 11169 1 197568495696 31850496 101 1
copy 11170 1 197568495696 31850496 102 1
copy 11171 1 197568495697 31850496 101 1
copy 11172 1 197568495697 31850496 102 1
copy 11173 1 197568495698 31850496 101 1
copy 11174 1 197568495698 31850496 102 1
copy 11175 1 197568495699 31850496 101 1
copy 11176 1 197568495699 31850496 102 1
copy 11177 1 197568495700 31850496 101 1
copy 11178 1 197568495700 31850496 102 1
copy 11179 1 197568495701 31850496 101 1
copy 11180 1 197568495701 31850496 102 1
copy 11181 1 197568495702 31850496 101 1
copy 11182 1 197568495702 31850496 102 1
copy 11183 1 197568495703 31850496 101 1
copy 11184 1 197568495703 31850496 102 1
copy 11185 1 197568495704 31850496 101 1
copy 11186 1 197568495704 31850496 102 1
copy 11187 1 197568495705 31850496 101 1
copy 11188 1 197568495705 31850496 102 1
copy 11189 1 197568495706 31850496 101 1
copy 11190 1 197568495706 31850496 102 1
copy 11191 1 197568495707 31850496 101 1
copy 11192 1 197568495707 31850496 102 1
copy 11193 1 197568495708 31850496 101 1
copy 11194 1 197568495708 31850496 102 1
copy 11195 1 197568495709 31850496 101 1
copy 11196 1 197568495709 31850496 102 1
copy 11197 1 197568495710 31850496 101 1
copy 11198 1 197568495710 31850496 102 1
copy 11199 1 197568495711 31850496 101 1
copy 11200 1 197568495711 31850496 102 1
copy 11201 1 197568495712 31850496 101 1
copy 11202 1 197568495712 31850496 102 1
copy 11203 1 197568495713 31850496 101 1
copy 11204 1 197568495713 31850496 102 1
copy 11205 1 197568495714 31850496 101 1
copy 11206 1 197568495714 31850496 102 1
copy 11207 1 197568495715 31850496 101 1
copy 11208 1 197568495715 31850496 102 1
copy 11209 1 197568495716 31850496 101 1
copy 11210 1 197568495716 31850496 102 1
copy 11211 1 197568495717 31850496 101 1
copy 11212 1 197568495717 31850496 102 1
copy 11213 1 197568495718 31850496 101 1
copy 11214 1 197568495718 31850496 102 1
copy 11215 1 197568495719 31850496 101 1
copy 11216 1 197568495719 31850496 102 1
copy 11217 1 197568495720 31850496 101 1
copy 11218 1 197568495720 31850496 102 1
copy 11219 1 197568495721 31850496 101 1
copy 11220 1 197568495721 31850496 102 1
copy 11221 1 197568495722 31850496 101 1
copy 11222 1 197568495722 31850496 102 1
copy 11223 1 197568495723 31850496 101 1
copy 11224 1 197568495723 31850496 102 1
copy 11225 1 197568495724 31850496 101 1
copy 11226 1 197568495724 31850496 102 1
copy 11227 1 197568495725 31850496 101 1
copy 11228 1 197568495725 31850496 102 1
copy 11229 1 197568495726 31850496 101 1
copy 11230 1 197568495726 31850496 102 1
copy 11231 1 197568495727 31850496 101 1
copy 11232 1 197568495727 31850496 102 1
copy 11233 1 197568495728 31850496 101 1
copy 11234 1 197568495728 31850496 102 1
copy 11235 1 197568495729 31850496 101 1
copy 11236 1 197568495729 31850496 102 1
copy 11237 1 197568495730 31850496 101 1
copy 11238 1 197568495730 31850496 102 1
copy 11239 1 197568495731 31850496 101 1
copy 11240 1 197568495731 31850496 102 1
copy 11241 1 197568495732 31850496 101 1
copy 11242 1 197568495732 31850496 102 1
copy 11243 1 197568495733 31850496 101 1
copy 11244 1 197568495733 31850496 102 1
copy 11245 1 197568495734 31850496 101 1
copy 11246 1 197568495734 31850496 102 1
copy 11247 1 197568495735 31850496 101 1
copy 11248 1 197568495735 31850496 102 1
copy 11249 1 197568495736 31850496 101 1
copy 11250 1 197568495736 31850496 102 1
copy 11251 1 197568495737 31850496 101 1
copy 11252 1 197568495737 31850496 102 1
copy 11253 1 197568495738 31850496 101 1
copy 11254 1 197568495738 31850496 102 1
copy 11255 1 197568495739 31850496 101 1
copy 11256 1 197568495739 31850496 102 1
copy 11257 1 197568495740 31850496 101 1
copy 11258 1 197568495740 31850496 102 1
copy 11259 1 197568495741 31850496 101 1
copy 11260 1 197568495741 31850496 102 1
copy 11261 1 197568495742 31850496 101 1
copy 11262 1 197568495742 31850496 102 1
copy 11263 1 197568495743 31850496 101 1
copy 11264 1 197568495743 31850496 102 1
copy 11265 1 201863462912 31850496 101 1
copy 11266 1 201863462912 31850496 102 1
copy 11267 1 201863462913 31850496 101 1
copy 11268 1 201863462913 31850496 102 1
copy 11269 1 201863462914 31850496 101 1
copy 11270 1 201863462914 31850496 102 1
copy 11271 1 201863462915 31850496 101 1
copy 11272 1 201863462915 31850496 102 1
copy 11273 1 201863462916 31850496 101 1
copy 11274 1 201863462916 31850496 102 1
copy 11275 1 201863462917 31850496 101 1
copy 11276 1 201863462917 31850496 102 1
copy 11277 1 201863462918 31850496 101 1
copy 11278 1 201863462918 31850496 102 1
copy 11279 1 201863462919 31850496 101 1
copy 11280 1 201863462919 31850496 102 1
copy 11281 1 201863462920 31850496 101 1
copy 11282 1 201863462920 31850496 102 1
copy 11283 1 201863462921 31850496 101 1
copy 11284 1 201863462921 31850496 102 1
copy 11285 1 201863462922 31850496 101 1
copy 11286 1 201863462922 31850496 102 1
copy 11287 1 201863462923 31850496 101 1
copy 11288 1 201863462923 31850496 102 1
copy 11289 1 201863462924 31850496 101 1
copy 11290 1 201863462924 31850496 102 1
copy 11291 1 201863462925 31850496 101 1
copy 11292 1 201863462925 31850496 102 1
copy 11293 1 201863462926 31850496 101 1
copy 11294 1 201863462926 31850496 102 1
copy 11295 1 201863462927 31850496 101 1
copy 11296 1 201863462927 31850496 102 1
copy 11297 1 201863462928 31850496 101 1
copy 11298 1 201863462928 31850496 102 1
copy 11299 1 201863462929 31850496 101 1
copy 11300 1 201863462929 31850496 102 1
copy 11301 1 201863462930 31850496 101 1
copy 11302 1 201863462930 31850496 102 1
copy 11303 1 201863462931 31850496 101 1
copy 11304 1 201863462931 31850496 102 1
copy 11305 1 201863462932 31850496 101 1
copy 11306 1 201863462932 31850496 102 1
copy 11307 1 201863462933 31850496 101 1
copy 11308 1 201863462933 31850496 102 1
copy 11309 1 201863462934 31850496 101 1
copy 11310 1 201863462934 31850496 102 1
copy 11311 1 201863462935 31850496 101 1
copy 11312 1 201863462935 31850496 102 1
copy 11313 1 201863462936 31850496 101 1
copy 11314 1 201863462936 31850496 102 1
copy 11315 1 201863462937 31850496 101 1
copy 11316 1 201863462937 31850496 102 1
copy 11317 1 201863462938 31850496 101 1
copy 11318 1 201863462938 31850496 102 1
copy 11319 1 201863462939 31850496 101 1
copy 11320 1 201863462939 31850496 102 1
copy 11321 1 201863462940 31850496 101 1
copy 11322 1 201863462940 31850496 102 1
copy 11323 1 201863462941 31850496 101 1
copy 11324 1 201863462941 31850496 102 1
copy 11325 1 201863462942 31850496 101 1
copy 11326 1 201863462942 31850496 102 1
copy 11327 1 201863462943 31850496 101 1
copy 11328 1 201863462943 31850496 102 1
copy 11329 1 201863462944 31850496 101 1
copy 11330 1 201863462944 31850496 102 1
copy 11331 1 201863462945 31850496 101 1
copy 11332 1 201863462945 31850496 102 1
copy 11333 1 201863462946 31850496 101 1
copy 11334 1 201863462946 31850496 102 1
copy 11335 1 201863462947 31850496 101 1
copy 11336 1 201863462947 31850496 102 1
copy 11337 1 201863462948 31850496 101 1
copy 11338 1 201863462948 31850496 102 1
copy 11339 1 201863462949 31850496 101 1
copy 11340 1 201863462949 31850496 102 1
copy 11341 1 201863462950 31850496 101 1
copy 11342 1 201863462950 31850496 102 1
copy 11343 1 201863462951 31850496 101 1
copy 11344 1 201863462951 31850496 102 1
copy 11345 1 201863462952 31850496 101 1
copy 11346 1 201863462952 31850496 102 1
copy 11347 1 201863462953 31850496 101 1
copy 11348 1 201863462953 31850496 102 1
copy 11349 1 201863462954 31850496 101 1
copy 11350 1 201863462954 31850496 102 1
copy 11351 1 201863462955 31850496 101 1
copy 11352 1 201863462955 31850496 102 1
copy 11353 1 201863462956 31850496 101 1
copy 11354 1 201863462956 31850496 102 1
copy 11355 1 201863462957 31850496 101 1
copy 11356 1 201863462957 31850496 102 1
copy 11357 1 201863462958 31850496 101 1
copy 11358 1 201863462958 31850496 102 1
copy 11359 1 201863462959 31850496 101 1
copy 11360 1 201863462959 31850496 102 1
copy 11361 1 201863462960 31850496 101 1
copy 11362 1 201863462960 31850496 102 1
copy 11363 1 201863462961 31850496 101 1
copy 11364 1 201863462961 31850496 102 1
copy 11365 1 201863462962 31850496 101 1
copy 11366 1 201863462962 31850496 102 1
copy 11367 1 201863462963 31850496 101 1
copy 11368 1 201863462963 31850496 102 1
copy 11369 1 201863462964 31850496 101 1
copy 11370 1 201863462964 31850496 102 1
copy 11371 1 201863462965 31850496 101 1
copy 11372 1 201863462965 31850496 102 1
copy 11373 1 201863462966 31850496 101 1
copy 11374 1 201863462966 31850496 102 1
copy 11375 1 201863462967 31850496 101 1
copy 11376 1 201863462967 31850496 102 1
copy 11377 1 201863462968 31850496 101 1
copy 11378 1 201863462968 31850496 102 1
copy 11379 1 201863462969 31850496 101 1
copy 11380 1 201863462969 31850496 102 1
copy 11381 1 201863462970 31850496 101 1
copy 11382 1 201863462970 31850496 102 1
copy 11383 1 201863462971 31850496 101 1
copy 11384 1 201863462971 31850496 102 1
copy 11385 1 201863462972 31850496 101 1
copy 11386 1 201863462972 31850496 102 1
copy 11387 1 201863462973 31850496 101 1
copy 11388 1 201863462973 31850496 102 1
copy 11389 1 201863462974 31850496 101 1
copy 11390 1 201863462974 31850496 102 1
copy 11391 1 201863462975 31850496 101 1
copy 11392 1 201863462975 31850496 102 1
copy 11393 1 201863462976 31850496 101 1
copy 11394 1 201863462976 31850496 102 1
copy 11395 1 201863462977 31850496 101 1
copy 11396 1 201863462977 31850496 102 1
copy 11397 1 201863462978 31850496 101 1
copy 11398 1 201863462978 31850496 102 1
copy 11399 1 201863462979 31850496 101 1
copy 11400 1 201863462979 31850496 102 1
copy 11401 1 201863462980 31850496 101 1
copy 11402 1 201863462980 31850496 102 1
copy 11403 1 201863462981 31850496 101 1
copy 11404 1 201863462981 31850496 102 1
copy 11405 1 201863462982 31850496 101 1
copy 11406 1 201863462982 31850496 102 1
copy 11407 1 201863462983 31850496 101 1
copy 11408 1 201863462983 31850496 102 1
copy 11409 1 201863462984 31850496 101 1
copy 11410 1 201863462984 31850496 102 1
copy 11411 1 201863462985 31850496 101 1
copy 11412 1 201863462985 31850496 102 1
copy 11413 1 201863462986 31850496 101 1
copy 11414 1 201863462986 31850496 102 1
copy 11415 1 201863462987 31850496 101 1
copy 11416 1 201863462987 31850496 102 1
copy 11417 1 201863462988 31850496 101 1
copy 11418 1 201863462988 31850496 102 1
copy 11419 1 201863462989 31850496 101 1
copy 11420 1 201863462989 31850496 102 1
copy 11421 1 201863462990 31850496 101 1
copy 11422 1 201863462990 31850496 102 1
copy 11423 1 201863462991 31850496 101 1
copy 11424 1 201863462991 31850496 102 1
copy 11425 1 201863462992 31850496 101 1
copy 11426 1 201863462992 31850496 102 1
copy 11427 1 201863462993 31850496 101 1
copy 11428 1 201863462993 31850496 102 1
copy 11429 1 201863462994 31850496 101 1
copy 11430 1 201863462994 31850496 102 1
copy 11431 1 201863462995 31850496 101 1
copy 11432 1 201863462995 31850496 102 1
copy 11433 1 201863462996 31850496 101 1
copy 11434 1 201863462996 31850496 102 1
copy 11435 1 201863462997 31850496 101 1
copy 11436 1 201863462997 31850496 102 1
copy 11437 1 201863462998 31850496 101 1
copy 11438 1 201863462998 31850496 102 1
copy 11439 1 201863462999 31850496 101 1
copy 11440 1 201863462999 31850496 102 1
copy 11441 1 201863463000 31850496 101 1
copy 11442 1 201863463000 31850496 102 1
copy 11443 1 201863463001 31850496 101 1
copy 11444 1 201863463001 31850496 102 1
copy 11445 1 201863463002 31850496 101 1
copy 11446 1 201863463002 31850496 102 1
copy 11447 1 201863463003 31850496 101 1
copy 11448 1 201863463003 31850496 102 1
copy 11449 1 201863463004 31850496 101 1
copy 11450 1 201863463004 31850496 102 1
copy 11451 1 201863463005 31850496 101 1
copy 11452 1 201863463005 31850496 102 1
copy 11453 1 201863463006 31850496 101 1
copy 11454 1 201863463006 31850496 102 1
copy 11455 1 201863463007 31850496 101 1
copy 11456 1 201863463007 31850496 102 1
copy 11457 1 201863463008 31850496 101 1
copy 11458 1 201863463008 31850496 102 1
copy 11459 1 201863463009 31850496 101 1
copy 11460 1 201863463009 31850496 102 1
copy 11461 1 201863463010 31850496 101 1
copy 11462 1 201863463010 31850496 102 1
copy 11463 1 201863463011 31850496 101 1
copy 11464 1 201863463011 31850496 102 1
copy 11465 1 201863463012 31850496 101 1
copy 11466 1 201863463012 31850496 102 1
copy 11467 1 201863463013 31850496 101 1
copy 11468 1 201863463013 31850496 102 1
copy 11469 1 201863463014 31850496 101 1
copy 11470 1 201863463014 31850496 102 1
copy 11471 1 201863463015 31850496 101 1
copy 11472 1 201863463015 31850496 102 1
copy 11473 1 201863463016 31850496 101 1
copy 11474 1 201863463016 31850496 102 1
copy 11475 1 201863463017 31850496 101 1
copy 11476 1 201863463017 31850496 102 1
copy 11477 1 201863463018 31850496 101 1
copy 11478 1 201863463018 31850496 102 1
copy 11479 1 201863463019 31850496 101 1
copy 11480 1 201863463019 31850496 102 1
copy 11481 1 201863463020 31850496 101 1
copy 11482 1 201863463020 31850496 102 1
copy 11483 1 201863463021 31850496 101 1
copy 11484 1 201863463021 31850496 102 1
copy 11485 1 201863463022 31850496 101 1
copy 11486 1 201863463022 31850496 102 1
copy 11487 1 201863463023 31850496 101 1
copy 11488 1 201863463023 31850496 102 1
copy 11489 1 201863463024 31850496 101 1
copy 11490 1 201863463024 31850496 102 1
copy 11491 1 201863463025 31850496 101 1
copy 11492 1 201863463025 31850496 102 1
copy 11493 1 201863463026 31850496 101 1
copy 11494 1 201863463026 31850496 102 1
copy 11495 1 201863463027 31850496 101 1
copy 11496 1 201863463027 31850496 102 1
copy 11497 1 201863463028 31850496 101 1
copy 11498 1 201863463028 31850496 102 1
copy 11499 1 201863463029 31850496 101 1
copy 11500 1 201863463029 31850496 102 1
copy 11501 1 201863463030 31850496 101 1
copy 11502 1 201863463030 31850496 102 1
copy 11503 1 201863463031 31850496 101 1
copy 11504 1 201863463031 31850496 102 1
copy 11505 1 201863463032 31850496 101 1
copy 11506 1 201863463032 31850496 102 1
copy 11507 1 201863463033 31850496 101 1
copy 11508 1 201863463033 31850496 102 1
copy 11509 1 201863463034 31850496 101 1
copy 11510 1 201863463034 31850496 102 1
copy 11511 1 201863463035 31850496 101 1
copy 11512 1 201863463035 31850496 102 1
copy 11513 1 201863463036 31850496 101 1
copy 11514 1 201863463036 31850496 102 1
copy 11515 1 201863463037 31850496 101 1
copy 11516 1 201863463037 31850496 102 1
copy 11517 1 201863463038 31850496 101 1
copy 11518 1 201863463038 31850496 102 1
copy 11519 1 201863463039 31850496 101 1
copy 11520 1 201863463039 31850496 102 1
copy 11521 1 206158430208 31850496 101 1
copy 11522 1 206158430208 31850496 102 1
copy 11523 1 206158430209 31850496 101 1
copy 11524 1 206158430209 31850496 102 1
copy 11525 1 206158430210 31850496 101 1
copy 11526 1 206158430210 31850496 102 1
copy 11527 1 206158430211 31850496 101 1
copy 11528 1 206158430211 31850496 102 1
copy 11529 1 206158430212 31850496 101 1
copy 11530 1 206158430212 31850496 102 1
copy 11531 1 206158430213 31850496 101 1
copy 11532 1 206158430213 31850496 102 1
copy 11533 1 206158430214 31850496 101 1
copy 11534 1 206158430214 31850496 102 1
copy 11535 1 206158430215 31850496 101 1
copy 11536 1 206158430215 31850496 102 1
copy 11537 1 206158430216 31850496 101 1
copy 11538 1 206158430216 31850496 102 1
copy 11539 1 206158430217 31850496 101 1
copy 11540 1 206158430217 31850496 102 1
copy 11541 1 206158430218 31850496 101 1
copy 11542 1 206158430218 31850496 102 1
copy 11543 1 206158430219 31850496 101 1
copy 11544 1 206158430219 31850496 102 1
copy 11545 1 206158430220 31850496 101 1
copy 11546 1 206158430220 31850496 102 1
copy 11547 1 206158430221 31850496 101 1
copy 11548 1 206158430221 31850496 102 1
copy 11549 1 206158430222 31850496 101 1
copy 11550 1 206158430222 31850496 102 1
copy 11551 1 206158430223 31850496 101 1
copy 11552 1 206158430223 31850496 102 1
copy 11553 1 206158430224 31850496 101 1
copy 11554 1 206158430224 31850496 102 1
copy 11555 1 206158430225 31850496 101 1
copy 11556 1 206158430225 31850496 102 1
copy 11557 1 206158430226 31850496 101 1
copy 11558 1 206158430226 31850496 102 1
copy 11559 1 206158430227 31850496 101 1
copy 11560 1 206158430227 31850496 102 1
copy 11561 1 206158430228 31850496 101 1
copy 11562 1 206158430228 31850496 102 1
copy 11563 1 206158430229 31850496 101 1
copy 11564 1 206158430229 31850496 102 1
copy 11565 1 206158430230 31850496 101 1
copy 11566 1 206158430230 31850496 102 1
copy 11567 1 206158430231 31850496 101 1
copy 11568 1 206158430231 31850496 102 1
copy 11569 1 206158430232 31850496 101 1
copy 11570 1 206158430232 31850496 102 1
copy 11571 1 206158430233 31850496 101 1
copy 11572 1 206158430233 31850496 102 1
copy 11573 1 206158430234 31850496 101 1
copy 11574 1 206158430234 31850496 102 1
copy 11575 1 206158430235 31850496 101 1
copy 11576 1 206158430235 31850496 102 1
copy 11577 1 206158430236 31850496 101 1
copy 11578 1 206158430236 31850496 102 1
copy 11579 1 206158430237 31850496 101 1
copy 11580 1 206158430237 31850496 102 1
copy 11581 1 206158430238 31850496 101 1
copy 11582 1 206158430238 31850496 102 1
copy 11583 1 206158430239 31850496 101 1
copy 11584 1 206158430239 31850496 102 1
copy 11585 1 206158430240 31850496 101 1
copy 11586 1 206158430240 31850496 102 1
copy 11587 1 206158430241 31850496 101 1
copy 11588 1 206158430241 31850496 102 1
copy 11589 1 206158430242 31850496 101 1
copy 11590 1 206158430242 31850496 102 1
copy 11591 1 206158430243 31850496 101 1
copy 11592 1 206158430243 31850496 102 1
copy 11593 1 206158430244 31850496 101 1
copy 11594 1 206158430244 31850496 102 1
copy 11595 1 206158430245 31850496 101 1
copy 11596 1 206158430245 31850496 102 1
copy 11597 1 206158430246 31850496 101 1
copy 11598 1 206158430246 31850496 102 1
copy 11599 1 206158430247 31850496 101 1
copy 11600 1 206158430247 31850496 102 1
copy 11601 1 206158430248 31850496 101 1
copy 11602 1 206158430248 31850496 102 1
copy 11603 1 206158430249 31850496 101 1
copy 11604 1 206158430249 31850496 102 1
copy 11605 1 206158430250 31850496 101 1
copy 11606 1 206158430250 31850496 102 1
copy 11607 1 206158430251 31850496 101 1
copy 11608 1 206158430251 31850496 102 1
copy 11609 1 206158430252 31850496 101 1
copy 11610 1 206158430252 31850496 102 1
copy 11611 1 206158430253 31850496 101 1
copy 11612 1 206158430253 31850496 102 1
copy 11613 1 206158430254 31850496 101 1
copy 11614 1 206158430254 31850496 102 1
copy 11615 1 206158430255 31850496 101 1
copy 11616 1 206158430255 31850496 102 1
copy 11617 1 206158430256 31850496 101 1
copy 11618 1 206158430256 31850496 102 1
copy 11619 1 206158430257 31850496 101 1
copy 11620 1 206158430257 31850496 102 1
copy 11621 1 206158430258 31850496 101 1
copy 11622 1 206158430258 31850496 102 1
copy 11623 1 206158430259 31850496 101 1
copy 11624 1 206158430259 31850496 102 1
copy 11625 1 206158430260 31850496 101 1
copy 11626 1 206158430260 31850496 102 1
copy 11627 1 206158430261 31850496 101 1
copy 11628 1 206158430261 31850496 102 1
copy 11629 1 206158430262 31850496 101 1
copy 11630 1 206158430262 31850496 102 1
copy 11631 1 206158430263 31850496 101 1
copy 11632 1 206158430263 31850496 102 1
copy 11633 1 206158430264 31850496 101 1
copy 11634 1 206158430264 31850496 102 1
copy 11635 1 206158430265 31850496 101 1
copy 11636 1 206158430265 31850496 102 1
copy 11637 1 206158430266 31850496 101 1
copy 11638 1 206158430266 31850496 102 1
copy 11639 1 206158430267 31850496 101 1
copy 11640 1 206158430267 31850496 102 1
copy 11641 1 206158430268 31850496 101 1
copy 11642 1 206158430268 31850496 102 1
copy 11643 1 206158430269 31850496 101 1
copy 11644 1 206158430269 31850496 102 1
copy 11645 1 206158430270 31850496 101 1
copy 11646 1 206158430270 31850496 102 1
copy 11647 1 206158430271 31850496 101 1
copy 11648 1 206158430271 31850496 102 1
copy 11649 1 206158430272 31850496 101 1
copy 11650 1 206158430272 31850496 102 1
copy 11651 1 206158430273 31850496 101 1
copy 11652 1 206158430273 31850496 102 1
copy 11653 1 206158430274 31850496 101 1
copy 11654 1 206158430274 31850496 102 1
copy 11655 1 206158430275 31850496 101 1
copy 11656 1 206158430275 31850496 102 1
copy 11657 1 206158430276 31850496 101 1
copy 11658 1 206158430276 31850496 102 1
copy 11659 1 206158430277 31850496 101 1
copy 11660 1 206158430277 31850496 102 1
copy 11661 1 206158430278 31850496 101 1
copy 11662 1 206158430278 31850496 102 1
copy 11663 1 206158430279 31850496 101 1
copy 11664 1 206158430279 31850496 102 1
copy 11665 1 206158430280 31850496 101 1
copy 11666 1 206158430280 31850496 102 1
copy 11667 1 206158430281 31850496 101 1
copy 11668 1 206158430281 31850496 102 1
copy 11669 1 206158430282 31850496 101 1
copy 11670 1 206158430282 31850496 102 1
copy 11671 1 206158430283 31850496 101 1
copy 11672 1 206158430283 31850496 102 1
copy 11673 1 206158430284 31850496 101 1
copy 11674 1 206158430284 31850496 102 1
copy 11675 1 206158430285 31850496 101 1
copy 11676 1 206158430285 31850496 102 1
copy 11677 1 206158430286 31850496 101 1
copy 11678 1 206158430286 31850496 102 1
copy 11679 1 206158430287 31850496 101 1
copy 11680 1 206158430287 31850496 102 1
copy 11681 1 206158430288 31850496 101 1
copy 11682 1 206158430288 31850496 102 1
copy 11683 1 206158430289 31850496 101 1
copy 11684 1 206158430289 31850496 102 1
copy 11685 1 206158430290 31850496 101 1
copy 11686 1 206158430290 31850496 102 1
copy 11687 1 206158430291 31850496 101 1
copy 11688 1 206158430291 31850496 102 1
copy 11689 1 206158430292 31850496 101 1
copy 11690 1 206158430292 31850496 102 1
copy 11691 1 206158430293 31850496 101 1
copy 11692 1 206158430293 31850496 102 1
copy 11693 1 206158430294 31850496 101 1
copy 11694 1 206158430294 31850496 102 1
copy 11695 1 206158430295 31850496 101 1
copy 11696 1 206158430295 31850496 102 1
copy 11697 1 206158430296 31850496 101 1
copy 11698 1 206158430296 31850496 102 1
copy 11699 1 206158430297 31850496 101 1
copy 11700 1 206158430297 31850496 102 1
copy 11701 1 206158430298 31850496 101 1
copy 11702 1 206158430298 31850496 102 1
copy 11703 1 206158430299 31850496 101 1
copy 11704 1 206158430299 31850496 102 1
copy 11705 1 206158430300 31850496 101 1
copy 11706 1 206158430300 31850496 102 1
copy 11707 1 206158430301 31850496 101 1
copy 11708 1 206158430301 31850496 102 1
copy 11709 1 206158430302 31850496 101 1
copy 11710 1 206158430302 31850496 102 1
copy 11711 1 206158430303 31850496 101 1
copy 11712 1 206158430303 31850496 102 1
copy 11713 1 206158430304 31850496 101 1
copy 11714 1 206158430304 31850496 102 1
copy 11715 1 206158430305 31850496 101 1
copy 11716 1 206158430305 31850496 102 1
copy 11717 1 206158430306 31850496 101 1
copy 11718 1 206158430306 31850496 102 1
copy 11719 1 206158430307 31850496 101 1
copy 11720 1 206158430307 31850496 102 1
copy 11721 1 206158430308 31850496 101 1
copy 11722 1 206158430308 31850496 102 1
copy 11723 1 206158430309 31850496 101 1
copy 11724 1 206158430309 31850496 102 1
copy 11725 1 206158430310 31850496 101 1
copy 11726 1 206158430310 31850496 102 1
copy 11727 1 206158430311 31850496 101 1
copy 11728 1 206158430311 31850496 102 1
copy 11729 1 206158430312 31850496 101 1
copy 11730 1 206158430312 31850496 102 1
copy 11731 1 206158430313 31850496 101 1
copy 11732 1 206158430313 31850496 102 1
copy 11733 1 206158430314 31850496 101 1
copy 11734 1 206158430314 31850496 102 1
copy 11735 1 206158430315 31850496 101 1
copy 11736 1 206158430315 31850496 102 1
copy 11737 1 206158430316 31850496 101 1
copy 11738 1 206158430316 31850496 102 1
copy 11739 1 206158430317 31850496 101 1
copy 11740 1 206158430317 31850496 102 1
copy 11741 1 206158430318 31850496 101 1
copy 11742 1 206158430318 31850496 102 1
copy 11743 1 206158430319 31850496 101 1
copy 11744 1 206158430319 31850496 102 1
copy 11745 1 206158430320 31850496 101 1
copy 11746 1 206158430320 31850496 102 1
copy 11747 1 206158430321 31850496 101 1
copy 11748 1 206158430321 31850496 102 1
copy 11749 1 206158430322 31850496 101 1
copy 11750 1 206158430322 31850496 102 1
copy 11751 1 206158430323 31850496 101 1
copy 11752 1 206158430323 31850496 102 1
copy 11753 1 206158430324 31850496 101 1
copy 11754 1 206158430324 31850496 102 1
copy 11755 1 206158430325 31850496 101 1
copy 11756 1 206158430325 31850496 102 1
copy 11757 1 206158430326 31850496 101 1
copy 11758 1 206158430326 31850496 102 1
copy 11759 1 206158430327 31850496 101 1
copy 11760 1 206158430327 31850496 102 1
copy 11761 1 206158430328 31850496 101 1
copy 11762 1 206158430328 31850496 102 1
copy 11763 1 206158430329 31850496 101 1
copy 11764 1 206158430329 31850496 102 1
copy 11765 1 206158430330 31850496 101 1
copy 11766 1 206158430330 31850496 102 1
copy 11767 1 206158430331 31850496 101 1
copy 11768 1 206158430331 31850496 102 1
copy 11769 1 206158430332 31850496 101 1
copy 11770 1 206158430332 31850496 102 1
copy 11771 1 206158430333 31850496 101 1
copy 11772 1 206158430333 31850496 102 1
copy 11773 1 206158430334 31850496 101 1
copy 11774 1 206158430334 31850496 102 1
copy 11775 1 206158430335 31850496 101 1
copy 11776 1 206158430335 31850496 102 1
copy 11777 1 210453397504 31850496 101 1
copy 11778 1 210453397504 31850496 102 1
copy 11779 1 210453397505 31850496 101 1
copy 11780 1 210453397505 31850496 102 1
copy 11781 1 210453397506 31850496 101 1
copy 11782 1 210453397506 31850496 102 1
copy 11783 1 210453397507 31850496 101 1
copy 11784 1 210453397507 31850496 102 1
copy 11785 1 210453397508 31850496 101 1
copy 11786 1 210453397508 31850496 102 1
copy 11787 1 210453397509 31850496 101 1
copy 11788 1 210453397509 31850496 102 1
copy 11789 1 210453397510 31850496 101 1
copy 11790 1 210453397510 31850496 102 1
copy 11791 1 210453397511 31850496 101 1
copy 11792 1 210453397511 31850496 102 1
copy 11793 1 210453397512 31850496 101 1
copy 11794 1 210453397512 31850496 102 1
copy 11795 1 210453397513 31850496 101 1
copy 11796 1 210453397513 31850496 102 1
copy 11797 1 210453397514 31850496 101 1
copy 11798 1 210453397514 31850496 102 1
copy 11799 1 210453397515 31850496 101 1
copy 11800 1 210453397515 31850496 102 1
copy 11801 1 210453397516 31850496 101 1
copy 11802 1 210453397516 31850496 102 1
copy 11803 1 210453397517 31850496 101 1
copy 11804 1 210453397517 31850496 102 1
copy 11805 1 210453397518 31850496 101 1
copy 11806 1 210453397518 31850496 102 1
copy 11807 1 210453397519 31850496 101 1
copy 11808 1 210453397519 31850496 102 1
copy 11809 1 210453397520 31850496 101 1
copy 11810 1 210453397520 31850496 102 1
copy 11811 1 210453397521 31850496 101 1
copy 11812 1 210453397521 31850496 102 1
copy 11813 1 210453397522 31850496 101 1
copy 11814 1 210453397522 31850496 102 1
copy 11815 1 210453397523 31850496 101 1
copy 11816 1 210453397523 31850496 102 1
copy 11817 1 210453397524 31850496 101 1
copy 11818 1 210453397524 31850496 102 1
copy 11819 1 210453397525 31850496 101 1
copy 11820 1 210453397525 31850496 102 1
copy 11821 1 210453397526 31850496 101 1
copy 11822 1 210453397526 31850496 102 1
copy 11823 1 210453397527 31850496 101 1
copy 11824 1 210453397527 31850496 102 1
copy 11825 1 210453397528 31850496 101 1
copy 11826 1 210453397528 31850496 102 1
copy 11827 1 210453397529 31850496 101 1
copy 11828 1 210453397529 31850496 102 1
copy 11829 1 210453397530 31850496 101 1
copy 11830 1 210453397530 31850496 102 1
copy 11831 1 210453397531 31850496 101 1
copy 11832 1 210453397531 31850496 102 1
copy 11833 1 210453397532 31850496 101 1
copy 11834 1 210453397532 31850496 102 1
copy 11835 1 210453397533 31850496 101 1
copy 11836 1 210453397533 31850496 102 1
copy 11837 1 210453397534 31850496 101 1
copy 11838 1 210453397534 31850496 102 1
copy 11839 1 210453397535 31850496 101 1
copy 11840 1 210453397535 31850496 102 1
copy 11841 1 210453397536 31850496 101 1
copy 11842 1 210453397536 31850496 102 1
copy 11843 1 210453397537 31850496 101 1
copy 11844 1 210453397537 31850496 102 1
copy 11845 1 210453397538 31850496 101 1
copy 11846 1 210453397538 31850496 102 1
copy 11847 1 210453397539 31850496 101 1
copy 11848 1 210453397539 31850496 102 1
copy 11849 1 210453397540 31850496 101 1
copy 11850 1 210453397540 31850496 102 1
copy 11851 1 210453397541 31850496 101 1
copy 11852 1 210453397541 31850496 102 1
copy 11853 1 210453397542 31850496 101 1
copy 11854 1 210453397542 31850496 102 1
copy 11855 1 210453397543 31850496 101 1
copy 11856 1 210453397543 31850496 102 1
copy 11857 1 210453397544 31850496 101 1
copy 11858 1 210453397544 31850496 102 1
copy 11859 1 210453397545 31850496 101 1
copy 11860 1 210453397545 31850496 102 1
copy 11861 1 210453397546 31850496 101 1
copy 11862 1 210453397546 31850496 102 1
copy 11863 1 210453397547 31850496 101 1
copy 11864 1 210453397547 31850496 102 1
copy 11865 1 210453397548 31850496 101 1
copy 11866 1 210453397548 31850496 102 1
copy 11867 1 210453397549 31850496 101 1
copy 11868 1 210453397549 31850496 102 1
copy 11869 1 210453397550 31850496 101 1
copy 11870 1 210453397550 31850496 102 1
copy 11871 1 210453397551 31850496 101 1
copy 11872 1 210453397551 31850496 102 1
copy 11873 1 210453397552 31850496 101 1
copy 11874 1 210453397552 31850496 102 1
copy 11875 1 210453397553 31850496 101 1
copy 11876 1 210453397553 31850496 102 1
copy 11877 1 210453397554 31850496 101 1
copy 11878 1 210453397554 31850496 102 1
copy 11879 1 210453397555 31850496 101 1
copy 11880 1 210453397555 31850496 102 1
copy 11881 1 210453397556 31850496 101 1
copy 11882 1 210453397556 31850496 102 1
copy 11883 1 210453397557 31850496 101 1
copy 11884 1 210453397557 31850496 102 1
copy 11885 1 210453397558 31850496 101 1
copy 11886 1 210453397558 31850496 102 1
copy 11887 1 210453397559 31850496 101 1
copy 11888 1 210453397559 31850496 102 1
copy 11889 1 210453397560 31850496 101 1
copy 11890 1 210453397560 31850496 102 1
copy 11891 1 210453397561 31850496 101 1
copy 11892 1 210453397561 31850496 102 1
copy 11893 1 210453397562 31850496 101 1
copy 11894 1 210453397562 31850496 102 1
copy 11895 1 210453397563 31850496 101 1
copy 11896 1 210453397563 31850496 102 1
copy 11897 1 210453397564 31850496 101 1
copy 11898 1 210453397564 31850496 102 1
copy 11899 1 210453397565 31850496 101 1
copy 11900 1 210453397565 31850496 102 1
copy 11901 1 210453397566 31850496 101 1
copy 11902 1 210453397566 31850496 102 1
copy 11903 1 210453397567 31850496 101 1
copy 11904 1 210453397567 31850496 102 1
copy 11905 1 210453397568 31850496 101 1
copy 11906 1 210453397568 31850496 102 1
copy 11907 1 210453397569 31850496 101 1
copy 11908 1 210453397569 31850496 102 1
copy 11909 1 210453397570 31850496 101 1
copy 11910 1 210453397570 31850496 102 1
copy 11911 1 210453397571 31850496 101 1
copy 11912 1 210453397571 31850496 102 1
copy 11913 1 210453397572 31850496 101 1
copy 11914 1 210453397572 31850496 102 1
copy 11915 1 210453397573 31850496 101 1
copy 11916 1 210453397573 31850496 102 1
copy 11917 1 210453397574 31850496 101 1
copy 11918 1 210453397574 31850496 102 1
copy 11919 1 210453397575 31850496 101 1
copy 11920 1 210453397575 31850496 102 1
copy 11921 1 210453397576 31850496 101 1
copy 11922 1 210453397576 31850496 102 1
copy 11923 1 210453397577 31850496 101 1
copy 11924 1 210453397577 31850496 102 1
copy 11925 1 210453397578 31850496 101 1
copy 11926 1 210453397578 31850496 102 1
copy 11927 1 210453397579 31850496 101 1
copy 11928 1 210453397579 31850496 102 1
copy 11929 1 210453397580 31850496 101 1
copy 11930 1 210453397580 31850496 102 1
copy 11931 1 210453397581 31850496 101 1
copy 11932 1 210453397581 31850496 102 1
copy 11933 1 210453397582 31850496 101 1
copy 11934 1 210453397582 31850496 102 1
copy 11935 1 210453397583 31850496 101 1
copy 11936 1 210453397583 31850496 102 1
copy 11937 1 210453397584 31850496 101 1
copy 11938 1 210453397584 31850496 102 1
copy 11939 1 210453397585 31850496 101 1
copy 11940 1 210453397585 31850496 102 1
copy 11941 1 210453397586 31850496 101 1
copy 11942 1 210453397586 31850496 102 1
copy 11943 1 210453397587 31850496 101 1
copy 11944 1 210453397587 31850496 102 1
copy 11945 1 210453397588 31850496 101 1
copy 11946 1 210453397588 31850496 102 1
copy 11947 1 210453397589 31850496 101 1
copy 11948 1 210453397589 31850496 102 1
copy 11949 1 210453397590 31850496 101 1
copy 11950 1 210453397590 31850496 102 1
copy 11951 1 210453397591 31850496 101 1
copy 11952 1 210453397591 31850496 102 1
copy 11953 1 210453397592 31850496 101 1
copy 11954 1 210453397592 31850496 102 1
copy 11955 1 210453397593 31850496 101 1
copy 11956 1 210453397593 31850496 102 1
copy 11957 1 210453397594 31850496 101 1
copy 11958 1 210453397594 31850496 102 1
copy 11959 1 210453397595 31850496 101 1
copy 11960 1 210453397595 31850496 102 1
copy 11961 1 210453397596 31850496 101 1
copy 11962 1 210453397596 31850496 102 1
copy 11963 1 210453397597 31850496 101 1
copy 11964 1 210453397597 31850496 102 1
copy 11965 1 210453397598 31850496 101 1
copy 11966 1 210453397598 31850496 102 1
copy 11967 1 210453397599 31850496 101 1
copy 11968 1 210453397599 31850496 102 1
copy 11969 1 210453397600 31850496 101 1
copy 11970 1 210453397600 31850496 102 1
copy 11971 1 210453397601 31850496 101 1
copy 11972 1 210453397601 31850496 102 1
copy 11973 1 210453397602 31850496 101 1
copy 11974 1 210453397602 31850496 102 1
copy 11975 1 210453397603 31850496 101 1
copy 11976 1 210453397603 31850496 102 1
copy 11977 1 210453397604 31850496 101 1
copy 11978 1 210453397604 31850496 102 1
copy 11979 1 210453397605 31850496 101 1
copy 11980 1 210453397605 31850496 102 1
copy 11981 1 210453397606 31850496 101 1
copy 11982 1 210453397606 31850496 102 1
copy 11983 1 210453397607 31850496 101 1
copy 11984 1 210453397607 31850496 102 1
copy 11985 1 210453397608 31850496 101 1
copy 11986 1 210453397608 31850496 102 1
copy 11987 1 210453397609 31850496 101 1
copy 11988 1 210453397609 31850496 102 1
copy 11989 1 210453397610 31850496 101 1
copy 11990 1 210453397610 31850496 102 1
copy 11991 1 210453397611 31850496 101 1
copy 11992 1 210453397611 31850496 102 1
copy 11993 1 210453397612 31850496 101 1
copy 11994 1 210453397612 31850496 102 1
copy 11995 1 210453397613 31850496 101 1
copy 11996 1 210453397613 31850496 102 1
copy 11997 1 210453397614 31850496 101 1
copy 11998 1 210453397614 31850496 102 1
copy 11999 1 210453397615 31850496 101 1
copy 12000 1 210453397615 31850496 102 1
copy 12001 1 210453397616 31850496 101 1
copy 12002 1 210453397616 31850496 102 1
copy 12003 1 210453397617 31850496 101 1
copy 12004 1 210453397617 31850496 102 1
copy 12005 1 210453397618 31850496 101 1
copy 12006 1 210453397618 31850496 102 1
copy 12007 1 210453397619 31850496 101 1
copy 12008 1 210453397619 31850496 102 1
copy 12009 1 210453397620 31850496 101 1
copy 12010 1 210453397620 31850496 102 1
copy 12011 1 210453397621 31850496 101 1
copy 12012 1 210453397621 31850496 102 1
copy 12013 1 210453397622 31850496 101 1
copy 12014 1 210453397622 31850496 102 1
copy 12015 1 210453397623 31850496 101 1
copy 12016 1 210453397623 31850496 102 1
copy 12017 1 210453397624 31850496 101 1
copy 12018 1 210453397624 31850496 102 1
copy 12019 1 210453397625 31850496 101 1
copy 12020 1 210453397625 31850496 102 1
copy 12021 1 210453397626 31850496 101 1
copy 12022 1 210453397626 31850496 102 1
copy 12023 1 210453397627 31850496 101 1
copy 12024 1 210453397627 31850496 102 1
copy 12025 1 210453397628 31850496 101 1
copy 12026 1 210453397628 31850496 102 1
copy 12027 1 210453397629 31850496 101 1
copy 12028 1 210453397629 31850496 102 1
copy 12029 1 210453397630 31850496 101 1
copy 12030 1 210453397630 31850496 102 1
copy 12031 1 210453397631 31850496 101 1
copy 12032 1 210453397631 31850496 102 1
copy 12033 1 214748364800 31850496 101 1
copy 12034 1 214748364800 31850496 102 1
copy 12035 1 214748364801 31850496 101 1
copy 12036 1 214748364801 31850496 102 1
copy 12037 1 214748364802 31850496 101 1
copy 12038 1 214748364802 31850496 102 1
copy 12039 1 214748364803 31850496 101 1
copy 12040 1 214748364803 31850496 102 1
copy 12041 1 214748364804 31850496 101 1
copy 12042 1 214748364804 31850496 102 1
copy 12043 1 214748364805 31850496 101 1
copy 12044 1 214748364805 31850496 102 1
copy 12045 1 214748364806 31850496 101 1
copy 12046 1 214748364806 31850496 102 1
copy 12047 1 214748364807 31850496 101 1
copy 12048 1 214748364807 31850496 102 1
copy 12049 1 214748364808 31850496 101 1
copy 12050 1 214748364808 31850496 102 1
copy 12051 1 214748364809 31850496 101 1
copy 12052 1 214748364809 31850496 102 1
copy 12053 1 214748364810 31850496 101 1
copy 12054 1 214748364810 31850496 102 1
copy 12055 1 214748364811 31850496 101 1
copy 12056 1 214748364811 31850496 102 1
copy 12057 1 214748364812 31850496 101 1
copy 12058 1 214748364812 31850496 102 1
copy 12059 1 214748364813 31850496 101 1
copy 12060 1 214748364813 31850496 102 1
copy 12061 1 214748364814 31850496 101 1
copy 12062 1 214748364814 31850496 102 1
copy 12063 1 214748364815 31850496 101 1
copy 12064 1 214748364815 31850496 102 1
copy 12065 1 214748364816 31850496 101 1
copy 12066 1 214748364816 31850496 102 1
copy 12067 1 214748364817 31850496 101 1
copy 12068 1 214748364817 31850496 102 1
copy 12069 1 214748364818 31850496 101 1
copy 12070 1 214748364818 31850496 102 1
copy 12071 1 214748364819 31850496 101 1
copy 12072 1 214748364819 31850496 102 1
copy 12073 1 214748364820 31850496 101 1
copy 12074 1 214748364820 31850496 102 1
copy 12075 1 214748364821 31850496 101 1
copy 12076 1 214748364821 31850496 102 1
copy 12077 1 214748364822 31850496 101 1
copy 12078 1 214748364822 31850496 102 1
copy 12079 1 214748364823 31850496 101 1
copy 12080 1 214748364823 31850496 102 1
copy 12081 1 214748364824 31850496 101 1
copy 12082 1 214748364824 31850496 102 1
copy 12083 1 214748364825 31850496 101 1
copy 12084 1 214748364825 31850496 102 1
copy 12085 1 214748364826 31850496 101 1
copy 12086 1 214748364826 31850496 102 1
copy 12087 1 214748364827 31850496 101 1
copy 12088 1 214748364827 31850496 102 1
copy 12089 1 214748364828 31850496 101 1
copy 12090 1 214748364828 31850496 102 1
copy 12091 1 214748364829 31850496 101 1
copy 12092 1 214748364829 31850496 102 1
copy 12093 1 214748364830 31850496 101 1
copy 12094 1 214748364830 31850496 102 1
copy 12095 1 214748364831 31850496 101 1
copy 12096 1 214748364831 31850496 102 1
copy 12097 1 214748364832 31850496 101 1
copy 12098 1 214748364832 31850496 102 1
copy 12099 1 214748364833 31850496 101 1
copy 12100 1 214748364833 31850496 102 1
copy 12101 1 214748364834 31850496 101 1
copy 12102 1 214748364834 31850496 102 1
copy 12103 1 214748364835 31850496 101 1
copy 12104 1 214748364835 31850496 102 1
copy 12105 1 214748364836 31850496 101 1
copy 12106 1 214748364836 31850496 102 1
copy 12107 1 214748364837 31850496 101 1
copy 12108 1 214748364837 31850496 102 1
copy 12109 1 214748364838 31850496 101 1
copy 12110 1 214748364838 31850496 102 1
copy 12111 1 214748364839 31850496 101 1
copy 12112 1 214748364839 31850496 102 1
copy 12113 1 214748364840 31850496 101 1
copy 12114 1 214748364840 31850496 102 1
copy 12115 1 214748364841 31850496 101 1
copy 12116 1 214748364841 31850496 102 1
copy 12117 1 214748364842 31850496 101 1
copy 12118 1 214748364842 31850496 102 1
copy 12119 1 214748364843 31850496 101 1
copy 12120 1 214748364843 31850496 102 1
copy 12121 1 214748364844 31850496 101 1
copy 12122 1 214748364844 31850496 102 1
copy 12123 1 214748364845 31850496 101 1
copy 12124 1 214748364845 31850496 102 1
copy 12125 1 214748364846 31850496 101 1
copy 12126 1 214748364846 31850496 102 1
copy 12127 1 214748364847 31850496 101 1
copy 12128 1 214748364847 31850496 102 1
copy 12129 1 214748364848 31850496 101 1
copy 12130 1 214748364848 31850496 102 1
copy 12131 1 214748364849 31850496 101 1
copy 12132 1 214748364849 31850496 102 1
copy 12133 1 214748364850 31850496 101 1
copy 12134 1 214748364850 31850496 102 1
copy 12135 1 214748364851 31850496 101 1
copy 12136 1 214748364851 31850496 102 1
copy 12137 1 214748364852 31850496 101 1
copy 12138 1 214748364852 31850496 102 1
copy 12139 1 214748364853 31850496 101 1
copy 12140 1 214748364853 31850496 102 1
copy 12141 1 214748364854 31850496 101 1
copy 12142 1 214748364854 31850496 102 1
copy 12143 1 214748364855 31850496 101 1
copy 12144 1 214748364855 31850496 102 1
copy 12145 1 214748364856 31850496 101 1
copy 12146 1 214748364856 31850496 102 1
copy 12147 1 214748364857 31850496 101 1
copy 12148 1 214748364857 31850496 102 1
copy 12149 1 214748364858 31850496 101 1
copy 12150 1 214748364858 31850496 102 1
copy 12151 1 214748364859 31850496 101 1
copy 12152 1 214748364859 31850496 102 1
copy 12153 1 214748364860 31850496 101 1
copy 12154 1 214748364860 31850496 102 1
copy 12155 1 214748364861 31850496 101 1
copy 12156 1 214748364861 31850496 102 1
copy 12157 1 214748364862 31850496 101 1
copy 12158 1 214748364862 31850496 102 1
copy 12159 1 214748364863 31850496 101 1
copy 12160 1 214748364863 31850496 102 1
copy 12161 1 214748364864 31850496 101 1
copy 12162 1 214748364864 31850496 102 1
copy 12163 1 214748364865 31850496 101 1
copy 12164 1 214748364865 31850496 102 1
copy 12165 1 214748364866 31850496 101 1
copy 12166 1 214748364866 31850496 102 1
copy 12167 1 214748364867 31850496 101 1
copy 12168 1 214748364867 31850496 102 1
copy 12169 1 214748364868 31850496 101 1
copy 12170 1 214748364868 31850496 102 1
copy 12171 1 214748364869 31850496 101 1
copy 12172 1 214748364869 31850496 102 1
copy 12173 1 214748364870 31850496 101 1
copy 12174 1 214748364870 31850496 102 1
copy 12175 1 214748364871 31850496 101 1
copy 12176 1 214748364871 31850496 102 1
copy 12177 1 214748364872 31850496 101 1
copy 12178 1 214748364872 31850496 102 1
copy 12179 1 214748364873 31850496 101 1
copy 12180 1 214748364873 31850496 102 1
copy 12181 1 214748364874 31850496 101 1
copy 12182 1 214748364874 31850496 102 1
copy 12183 1 214748364875 31850496 101 1
copy 12184 1 214748364875 31850496 102 1
copy 12185 1 214748364876 31850496 101 1
copy 12186 1 214748364876 31850496 102 1
copy 12187 1 214748364877 31850496 101 1
copy 12188 1 214748364877 31850496 102 1
copy 12189 1 214748364878 31850496 101 1
copy 12190 1 214748364878 31850496 102 1
copy 12191 1 214748364879 31850496 101 1
copy 12192 1 214748364879 31850496 102 1
copy 12193 1 214748364880 31850496 101 1
copy 12194 1 214748364880 31850496 102 1
copy 12195 1 214748364881 31850496 101 1
copy 12196 1 214748364881 31850496 102 1
copy 12197 1 214748364882 31850496 101 1
copy 12198 1 214748364882 31850496 102 1
copy 12199 1 214748364883 31850496 101 1
copy 12200 1 214748364883 31850496 102 1
copy 12201 1 214748364884 31850496 101 1
copy 12202 1 214748364884 31850496 102 1
copy 12203 1 214748364885 31850496 101 1
copy 12204 1 214748364885 31850496 102 1
copy 12205 1 214748364886 31850496 101 1
copy 12206 1 214748364886 31850496 102 1
copy 12207 1 214748364887 31850496 101 1
copy 12208 1 214748364887 31850496 102 1
copy 12209 1 214748364888 31850496 101 1
copy 12210 1 214748364888 31850496 102 1
copy 12211 1 214748364889 31850496 101 1
copy 12212 1 214748364889 31850496 102 1
copy 12213 1 214748364890 31850496 101 1
copy 12214 1 214748364890 31850496 102 1
copy 12215 1 214748364891 31850496 101 1
copy 12216 1 214748364891 31850496 102 1
copy 12217 1 214748364892 31850496 101 1
copy 12218 1 214748364892 31850496 102 1
copy 12219 1 214748364893 31850496 101 1
copy 12220 1 214748364893 31850496 102 1
copy 12221 1 214748364894 31850496 101 1
copy 12222 1 214748364894 31850496 102 1
copy 12223 1 214748364895 31850496 101 1
copy 12224 1 214748364895 31850496 102 1
copy 12225 1 214748364896 31850496 101 1
copy 12226 1 214748364896 31850496 102 1
copy 12227 1 214748364897 31850496 101 1
copy 12228 1 214748364897 31850496 102 1
copy 12229 1 214748364898 31850496 101 1
copy 12230 1 214748364898 31850496 102 1
copy 12231 1 214748364899 31850496 101 1
copy 12232 1 214748364899 31850496 102 1
copy 12233 1 214748364900 31850496 101 1
copy 12234 1 214748364900 31850496 102 1
copy 12235 1 214748364901 31850496 101 1
copy 12236 1 214748364901 31850496 102 1
copy 12237 1 214748364902 31850496 101 1
copy 12238 1 214748364902 31850496 102 1
copy 12239 1 214748364903 31850496 101 1
copy 12240 1 214748364903 31850496 102 1
copy 12241 1 214748364904 31850496 101 1
copy 12242 1 214748364904 31850496 102 1
copy 12243 1 214748364905 31850496 101 1
copy 12244 1 214748364905 31850496 102 1
copy 12245 1 214748364906 31850496 101 1
copy 12246 1 214748364906 31850496 102 1
copy 12247 1 214748364907 31850496 101 1
copy 12248 1 214748364907 31850496 102 1
copy 12249 1 214748364908 31850496 101 1
copy 12250 1 214748364908 31850496 102 1
copy 12251 1 214748364909 31850496 101 1
copy 12252 1 214748364909 31850496 102 1
copy 12253 1 214748364910 31850496 101 1
copy 12254 1 214748364910 31850496 102 1
copy 12255 1 214748364911 31850496 101 1
copy 12256 1 214748364911 31850496 102 1
copy 12257 1 214748364912 31850496 101 1
copy 12258 1 214748364912 31850496 102 1
copy 12259 1 214748364913 31850496 101 1
copy 12260 1 214748364913 31850496 102 1
copy 12261 1 214748364914 31850496 101 1
copy 12262 1 214748364914 31850496 102 1
copy 12263 1 214748364915 31850496 101 1
copy 12264 1 214748364915 31850496 102 1
copy 12265 1 214748364916 31850496 101 1
copy 12266 1 214748364916 31850496 102 1
copy 12267 1 214748364917 31850496 101 1
copy 12268 1 214748364917 31850496 102 1
copy 12269 1 214748364918 31850496 101 1
copy 12270 1 214748364918 31850496 102 1
copy 12271 1 214748364919 31850496 101 1
copy 12272 1 214748364919 31850496 102 1
copy 12273 1 214748364920 31850496 101 1
copy 12274 1 214748364920 31850496 102 1
copy 12275 1 214748364921 31850496 101 1
copy 12276 1 214748364921 31850496 102 1
copy 12277 1 214748364922 31850496 101 1
copy 12278 1 214748364922 31850496 102 1
copy 12279 1 214748364923 31850496 101 1
copy 12280 1 214748364923 31850496 102 1
copy 12281 1 214748364924 31850496 101 1
copy 12282 1 214748364924 31850496 102 1
copy 12283 1 214748364925 31850496 101 1
copy 12284 1 214748364925 31850496 102 1
copy 12285 1 214748364926 31850496 101 1
copy 12286 1 214748364926 31850496 102 1
copy 12287 1 214748364927 31850496 101 1
copy 12288 1 214748364927 31850496 102 1
copy 12289 1 219043332096 31850496 101 1
copy 12290 1 219043332096 31850496 102 1
copy 12291 1 219043332097 31850496 101 1
copy 12292 1 219043332097 31850496 102 1
copy 12293 1 219043332098 31850496 101 1
copy 12294 1 219043332098 31850496 102 1
copy 12295 1 219043332099 31850496 101 1
copy 12296 1 219043332099 31850496 102 1
copy 12297 1 219043332100 31850496 101 1
copy 12298 1 219043332100 31850496 102 1
copy 12299 1 219043332101 31850496 101 1
copy 12300 1 219043332101 31850496 102 1
copy 12301 1 219043332102 31850496 101 1
copy 12302 1 219043332102 31850496 102 1
copy 12303 1 219043332103 31850496 101 1
copy 12304 1 219043332103 31850496 102 1
copy 12305 1 219043332104 31850496 101 1
copy 12306 1 219043332104 31850496 102 1
copy 12307 1 219043332105 31850496 101 1
copy 12308 1 219043332105 31850496 102 1
copy 12309 1 219043332106 31850496 101 1
copy 12310 1 219043332106 31850496 102 1
copy 12311 1 219043332107 31850496 101 1
copy 12312 1 219043332107 31850496 102 1
copy 12313 1 219043332108 31850496 101 1
copy 12314 1 219043332108 31850496 102 1
copy 12315 1 219043332109 31850496 101 1
copy 12316 1 219043332109 31850496 102 1
copy 12317 1 219043332110 31850496 101 1
copy 12318 1 219043332110 31850496 102 1
copy 12319 1 219043332111 31850496 101 1
copy 12320 1 219043332111 31850496 102 1
copy 12321 1 219043332112 31850496 101 1
copy 12322 1 219043332112 31850496 102 1
copy 12323 1 219043332113 31850496 101 1
copy 12324 1 219043332113 31850496 102 1
copy 12325 1 219043332114 31850496 101 1
copy 12326 1 219043332114 31850496 102 1
copy 12327 1 219043332115 31850496 101 1
copy 12328 1 219043332115 31850496 102 1
copy 12329 1 219043332116 31850496 101 1
copy 12330 1 219043332116 31850496 102 1
copy 12331 1 219043332117 31850496 101 1
copy 12332 1 219043332117 31850496 102 1
copy 12333 1 219043332118 31850496 101 1
copy 12334 1 219043332118 31850496 102 1
copy 12335 1 219043332119 31850496 101 1
copy 12336 1 219043332119 31850496 102 1
copy 12337 1 219043332120 31850496 101 1
copy 12338 1 219043332120 31850496 102 1
copy 12339 1 219043332121 31850496 101 1
copy 12340 1 219043332121 31850496 102 1
copy 12341 1 219043332122 31850496 101 1
copy 12342 1 219043332122 31850496 102 1
copy 12343 1 219043332123 31850496 101 1
copy 12344 1 219043332123 31850496 102 1
copy 12345 1 219043332124 31850496 101 1
copy 12346 1 219043332124 31850496 102 1
copy 12347 1 219043332125 31850496 101 1
copy 12348 1 219043332125 31850496 102 1
copy 12349 1 219043332126 31850496 101 1
copy 12350 1 219043332126 31850496 102 1
copy 12351 1 219043332127 31850496 101 1
copy 12352 1 219043332127 31850496 102 1
copy 12353 1 219043332128 31850496 101 1
copy 12354 1 219043332128 31850496 102 1
copy 12355 1 219043332129 31850496 101 1
copy 12356 1 219043332129 31850496 102 1
copy 12357 1 219043332130 31850496 101 1
copy 12358 1 219043332130 31850496 102 1
copy 12359 1 219043332131 31850496 101 1
copy 12360 1 219043332131 31850496 102 1
copy 12361 1 219043332132 31850496 101 1
copy 12362 1 219043332132 31850496 102 1
copy 12363 1 219043332133 31850496 101 1
copy 12364 1 219043332133 31850496 102 1
copy 12365 1 219043332134 31850496 101 1
copy 12366 1 219043332134 31850496 102 1
copy 12367 1 219043332135 31850496 101 1
copy 12368 1 219043332135 31850496 102 1
copy 12369 1 219043332136 31850496 101 1
copy 12370 1 219043332136 31850496 102 1
copy 12371 1 219043332137 31850496 101 1
copy 12372 1 219043332137 31850496 102 1
copy 12373 1 219043332138 31850496 101 1
copy 12374 1 219043332138 31850496 102 1
copy 12375 1 219043332139 31850496 101 1
copy 12376 1 219043332139 31850496 102 1
copy 12377 1 219043332140 31850496 101 1
copy 12378 1 219043332140 31850496 102 1
copy 12379 1 219043332141 31850496 101 1
copy 12380 1 219043332141 31850496 102 1
copy 12381 1 219043332142 31850496 101 1
copy 12382 1 219043332142 31850496 102 1
copy 12383 1 219043332143 31850496 101 1
copy 12384 1 219043332143 31850496 102 1
copy 12385 1 219043332144 31850496 101 1
copy 12386 1 219043332144 31850496 102 1
copy 12387 1 219043332145 31850496 101 1
copy 12388 1 219043332145 31850496 102 1
copy 12389 1 219043332146 31850496 101 1
copy 12390 1 219043332146 31850496 102 1
copy 12391 1 219043332147 31850496 101 1
copy 12392 1 219043332147 31850496 102 1
copy 12393 1 219043332148 31850496 101 1
copy 12394 1 219043332148 31850496 102 1
copy 12395 1 219043332149 31850496 101 1
copy 12396 1 219043332149 31850496 102 1
copy 12397 1 219043332150 31850496 101 1
copy 12398 1 219043332150 31850496 102 1
copy 12399 1 219043332151 31850496 101 1
copy 12400 1 219043332151 31850496 102 1
copy 12401 1 219043332152 31850496 101 1
copy 12402 1 219043332152 31850496 102 1
copy 12403 1 219043332153 31850496 101 1
copy 12404 1 219043332153 31850496 102 1
copy 12405 1 219043332154 31850496 101 1
copy 12406 1 219043332154 31850496 102 1
copy 12407 1 219043332155 31850496 101 1
copy 12408 1 219043332155 31850496 102 1
copy 12409 1 219043332156 31850496 101 1
copy 12410 1 219043332156 31850496 102 1
copy 12411 1 219043332157 31850496 101 1
copy 12412 1 219043332157 31850496 102 1
copy 12413 1 219043332158 31850496 101 1
copy 12414 1 219043332158 31850496 102 1
copy 12415 1 219043332159 31850496 101 1
copy 12416 1 219043332159 31850496 102 1
copy 12417 1 219043332160 31850496 101 1
copy 12418 1 219043332160 31850496 102 1
copy 12419 1 219043332161 31850496 101 1
copy 12420 1 219043332161 31850496 102 1
copy 12421 1 219043332162 31850496 101 1
copy 12422 1 219043332162 31850496 102 1
copy 12423 1 219043332163 31850496 101 1
copy 12424 1 219043332163 31850496 102 1
copy 12425 1 219043332164 31850496 101 1
copy 12426 1 219043332164 31850496 102 1
copy 12427 1 219043332165 31850496 101 1
copy 12428 1 219043332165 31850496 102 1
copy 12429 1 219043332166 31850496 101 1
copy 12430 1 219043332166 31850496 102 1
copy 12431 1 219043332167 31850496 101 1
copy 12432 1 219043332167 31850496 102 1
copy 12433 1 219043332168 31850496 101 1
copy 12434 1 219043332168 31850496 102 1
copy 12435 1 219043332169 31850496 101 1
copy 12436 1 219043332169 31850496 102 1
copy 12437 1 219043332170 31850496 101 1
copy 12438 1 219043332170 31850496 102 1
copy 12439 1 219043332171 31850496 101 1
copy 12440 1 219043332171 31850496 102 1
copy 12441 1 219043332172 31850496 101 1
copy 12442 1 219043332172 31850496 102 1
copy 12443 1 219043332173 31850496 101 1
copy 12444 1 219043332173 31850496 102 1
copy 12445 1 219043332174 31850496 101 1
copy 12446 1 219043332174 31850496 102 1
copy 12447 1 219043332175 31850496 101 1
copy 12448 1 219043332175 31850496 102 1
copy 12449 1 219043332176 31850496 101 1
copy 12450 1 219043332176 31850496 102 1
copy 12451 1 219043332177 31850496 101 1
copy 12452 1 219043332177 31850496 102 1
copy 12453 1 219043332178 31850496 101 1
copy 12454 1 219043332178 31850496 102 1
copy 12455 1 219043332179 31850496 101 1
copy 12456 1 219043332179 31850496 102 1
copy 12457 1 219043332180 31850496 101 1
copy 12458 1 219043332180 31850496 102 1
copy 12459 1 219043332181 31850496 101 1
copy 12460 1 219043332181 31850496 102 1
copy 12461 1 219043332182 31850496 101 1
copy 12462 1 219043332182 31850496 102 1
copy 12463 1 219043332183 31850496 101 1
copy 12464 1 219043332183 31850496 102 1
copy 12465 1 219043332184 31850496 101 1
copy 12466 1 219043332184 31850496 102 1
copy 12467 1 219043332185 31850496 101 1
copy 12468 1 219043332185 31850496 102 1
copy 12469 1 219043332186 31850496 101 1
copy 12470 1 219043332186 31850496 102 1
copy 12471 1 219043332187 31850496 101 1
copy 12472 1 219043332187 31850496 102 1
copy 12473 1 219043332188 31850496 101 1
copy 12474 1 219043332188 31850496 102 1
copy 12475 1 219043332189 31850496 101 1
copy 12476 1 219043332189 31850496 102 1
copy 12477 1 219043332190 31850496 101 1
copy 12478 1 219043332190 31850496 102 1
copy 12479 1 219043332191 31850496 101 1
copy 12480 1 219043332191 31850496 102 1
copy 12481 1 219043332192 31850496 101 1
copy 12482 1 219043332192 31850496 102 1
copy 12483 1 219043332193 31850496 101 1
copy 12484 1 219043332193 31850496 102 1
copy 12485 1 219043332194 31850496 101 1
copy 12486 1 219043332194 31850496 102 1
copy 12487 1 219043332195 31850496 101 1
copy 12488 1 219043332195 31850496 102 1
copy 12489 1 219043332196 31850496 101 1
copy 12490 1 219043332196 31850496 102 1
copy 12491 1 219043332197 31850496 101 1
copy 12492 1 219043332197 31850496 102 1
copy 12493 1 219043332198 31850496 101 1
copy 12494 1 219043332198 31850496 102 1
copy 12495 1 219043332199 31850496 101 1
copy 12496 1 219043332199 31850496 102 1
copy 12497 1 219043332200 31850496 101 1
copy 12498 1 219043332200 31850496 102 1
copy 12499 1 219043332201 31850496 101 1
copy 12500 1 219043332201 31850496 102 1
copy 12501 1 219043332202 31850496 101 1
copy 12502 1 219043332202 31850496 102 1
copy 12503 1 219043332203 31850496 101 1
copy 12504 1 219043332203 31850496 102 1
copy 12505 1 219043332204 31850496 101 1
copy 12506 1 219043332204 31850496 102 1
copy 12507 1 219043332205 31850496 101 1
copy 12508 1 219043332205 31850496 102 1
copy 12509 1 219043332206 31850496 101 1
copy 12510 1 219043332206 31850496 102 1
copy 12511 1 219043332207 31850496 101 1
copy 12512 1 219043332207 31850496 102 1
copy 12513 1 219043332208 31850496 101 1
copy 12514 1 219043332208 31850496 102 1
copy 12515 1 219043332209 31850496 101 1
copy 12516 1 219043332209 31850496 102 1
copy 12517 1 219043332210 31850496 101 1
copy 12518 1 219043332210 31850496 102 1
copy 12519 1 219043332211 31850496 101 1
copy 12520 1 219043332211 31850496 102 1
copy 12521 1 219043332212 31850496 101 1
copy 12522 1 219043332212 31850496 102 1
copy 12523 1 219043332213 31850496 101 1
copy 12524 1 219043332213 31850496 102 1
copy 12525 1 219043332214 31850496 101 1
copy 12526 1 219043332214 31850496 102 1
copy 12527 1 219043332215 31850496 101 1
copy 12528 1 219043332215 31850496 102 1
copy 12529 1 219043332216 31850496 101 1
copy 12530 1 219043332216 31850496 102 1
copy 12531 1 219043332217 31850496 101 1
copy 12532 1 219043332217 31850496 102 1
copy 12533 1 219043332218 31850496 101 1
copy 12534 1 219043332218 31850496 102 1
copy 12535 1 219043332219 31850496 101 1
copy 12536 1 219043332219 31850496 102 1
copy 12537 1 219043332220 31850496 101 1
copy 12538 1 219043332220 31850496 102 1
copy 12539 1 219043332221 31850496 101 1
copy 12540 1 219043332221 31850496 102 1
copy 12541 1 219043332222 31850496 101 1
copy 12542 1 219043332222 31850496 102 1
copy 12543 1 219043332223 31850496 101 1
copy 12544 1 219043332223 31850496 102 1
copy 12545 1 223338299392 31850496 101 1
copy 12546 1 223338299392 31850496 102 1
copy 12547 1 223338299393 31850496 101 1
copy 12548 1 223338299393 31850496 102 1
copy 12549 1 223338299394 31850496 101 1
copy 12550 1 223338299394 31850496 102 1
copy 12551 1 223338299395 31850496 101 1
copy 12552 1 223338299395 31850496 102 1
copy 12553 1 223338299396 31850496 101 1
copy 12554 1 223338299396 31850496 102 1
copy 12555 1 223338299397 31850496 101 1
copy 12556 1 223338299397 31850496 102 1
copy 12557 1 223338299398 31850496 101 1
copy 12558 1 223338299398 31850496 102 1
copy 12559 1 223338299399 31850496 101 1
copy 12560 1 223338299399 31850496 102 1
copy 12561 1 223338299400 31850496 101 1
copy 12562 1 223338299400 31850496 102 1
copy 12563 1 223338299401 31850496 101 1
copy 12564 1 223338299401 31850496 102 1
copy 12565 1 223338299402 31850496 101 1
copy 12566 1 223338299402 31850496 102 1
copy 12567 1 223338299403 31850496 101 1
copy 12568 1 223338299403 31850496 102 1
copy 12569 1 223338299404 31850496 101 1
copy 12570 1 223338299404 31850496 102 1
copy 12571 1 223338299405 31850496 101 1
copy 12572 1 223338299405 31850496 102 1
copy 12573 1 223338299406 31850496 101 1
copy 12574 1 223338299406 31850496 102 1
copy 12575 1 223338299407 31850496 101 1
copy 12576 1 223338299407 31850496 102 1
copy 12577 1 223338299408 31850496 101 1
copy 12578 1 223338299408 31850496 102 1
copy 12579 1 223338299409 31850496 101 1
copy 12580 1 223338299409 31850496 102 1
copy 12581 1 223338299410 31850496 101 1
copy 12582 1 223338299410 31850496 102 1
copy 12583 1 223338299411 31850496 101 1
copy 12584 1 223338299411 31850496 102 1
copy 12585 1 223338299412 31850496 101 1
copy 12586 1 223338299412 31850496 102 1
copy 12587 1 223338299413 31850496 101 1
copy 12588 1 223338299413 31850496 102 1
copy 12589 1 223338299414 31850496 101 1
copy 12590 1 223338299414 31850496 102 1
copy 12591 1 223338299415 31850496 101 1
copy 12592 1 223338299415 31850496 102 1
copy 12593 1 223338299416 31850496 101 1
copy 12594 1 223338299416 31850496 102 1
copy 12595 1 223338299417 31850496 101 1
copy 12596 1 223338299417 31850496 102 1
copy 12597 1 223338299418 31850496 101 1
copy 12598 1 223338299418 31850496 102 1
copy 12599 1 223338299419 31850496 101 1
copy 12600 1 223338299419 31850496 102 1
copy 12601 1 223338299420 31850496 101 1
copy 12602 1 223338299420 31850496 102 1
copy 12603 1 223338299421 31850496 101 1
copy 12604 1 223338299421 31850496 102 1
copy 12605 1 223338299422 31850496 101 1
copy 12606 1 223338299422 31850496 102 1
copy 12607 1 223338299423 31850496 101 1
copy 12608 1 223338299423 31850496 102 1
copy 12609 1 223338299424 31850496 101 1
copy 12610 1 223338299424 31850496 102 1
copy 12611 1 223338299425 31850496 101 1
copy 12612 1 223338299425 31850496 102 1
copy 12613 1 223338299426 31850496 101 1
copy 12614 1 223338299426 31850496 102 1
copy 12615 1 223338299427 31850496 101 1
copy 12616 1 223338299427 31850496 102 1
copy 12617 1 223338299428 31850496 101 1
copy 12618 1 223338299428 31850496 102 1
copy 12619 1 223338299429 31850496 101 1
copy 12620 1 223338299429 31850496 102 1
copy 12621 1 223338299430 31850496 101 1
copy 12622 1 223338299430 31850496 102 1
copy 12623 1 223338299431 31850496 101 1
copy 12624 1 223338299431 31850496 102 1
copy 12625 1 223338299432 31850496 101 1
copy 12626 1 223338299432 31850496 102 1
copy 12627 1 223338299433 31850496 101 1
copy 12628 1 223338299433 31850496 102 1
copy 12629 1 223338299434 31850496 101 1
copy 12630 1 223338299434 31850496 102 1
copy 12631 1 223338299435 31850496 101 1
copy 12632 1 223338299435 31850496 102 1
copy 12633 1 223338299436 31850496 101 1
copy 12634 1 223338299436 31850496 102 1
copy 12635 1 223338299437 31850496 101 1
copy 12636 1 223338299437 31850496 102 1
copy 12637 1 223338299438 31850496 101 1
copy 12638 1 223338299438 31850496 102 1
copy 12639 1 223338299439 31850496 101 1
copy 12640 1 223338299439 31850496 102 1
copy 12641 1 223338299440 31850496 101 1
copy 12642 1 223338299440 31850496 102 1
copy 12643 1 223338299441 31850496 101 1
copy 12644 1 223338299441 31850496 102 1
copy 12645 1 223338299442 31850496 101 1
copy 12646 1 223338299442 31850496 102 1
copy 12647 1 223338299443 31850496 101 1
copy 12648 1 223338299443 31850496 102 1
copy 12649 1 223338299444 31850496 101 1
copy 12650 1 223338299444 31850496 102 1
copy 12651 1 223338299445 31850496 101 1
copy 12652 1 223338299445 31850496 102 1
copy 12653 1 223338299446 31850496 101 1
copy 12654 1 223338299446 31850496 102 1
copy 12655 1 223338299447 31850496 101 1
copy 12656 1 223338299447 31850496 102 1
copy 12657 1 223338299448 31850496 101 1
copy 12658 1 223338299448 31850496 102 1
copy 12659 1 223338299449 31850496 101 1
copy 12660 1 223338299449 31850496 102 1
copy 12661 1 223338299450 31850496 101 1
copy 12662 1 223338299450 31850496 102 1
copy 12663 1 223338299451 31850496 101 1
copy 12664 1 223338299451 31850496 102 1
copy 12665 1 223338299452 31850496 101 1
copy 12666 1 223338299452 31850496 102 1
copy 12667 1 223338299453 31850496 101 1
copy 12668 1 223338299453 31850496 102 1
copy 12669 1 223338299454 31850496 101 1
copy 12670 1 223338299454 31850496 102 1
copy 12671 1 223338299455 31850496 101 1
copy 12672 1 223338299455 31850496 102 1
copy 12673 1 223338299456 31850496 101 1
copy 12674 1 223338299456 31850496 102 1
copy 12675 1 223338299457 31850496 101 1
copy 12676 1 223338299457 31850496 102 1
copy 12677 1 223338299458 31850496 101 1
copy 12678 1 223338299458 31850496 102 1
copy 12679 1 223338299459 31850496 101 1
copy 12680 1 223338299459 31850496 102 1
copy 12681 1 223338299460 31850496 101 1
copy 12682 1 223338299460 31850496 102 1
copy 12683 1 223338299461 31850496 101 1
copy 12684 1 223338299461 31850496 102 1
copy 12685 1 223338299462 31850496 101 1
copy 12686 1 223338299462 31850496 102 1
copy 12687 1 223338299463 31850496 101 1
copy 12688 1 223338299463 31850496 102 1
copy 12689 1 223338299464 31850496 101 1
copy 12690 1 223338299464 31850496 102 1
copy 12691 1 223338299465 31850496 101 1
copy 12692 1 223338299465 31850496 102 1
copy 12693 1 223338299466 31850496 101 1
copy 12694 1 223338299466 31850496 102 1
copy 12695 1 223338299467 31850496 101 1
copy 12696 1 223338299467 31850496 102 1
copy 12697 1 223338299468 31850496 101 1
copy 12698 1 223338299468 31850496 102 1
copy 12699 1 223338299469 31850496 101 1
copy 12700 1 223338299469 31850496 102 1
copy 12701 1 223338299470 31850496 101 1
copy 12702 1 223338299470 31850496 102 1
copy 12703 1 223338299471 31850496 101 1
copy 12704 1 223338299471 31850496 102 1
copy 12705 1 223338299472 31850496 101 1
copy 12706 1 223338299472 31850496 102 1
copy 12707 1 223338299473 31850496 101 1
copy 12708 1 223338299473 31850496 102 1
copy 12709 1 223338299474 31850496 101 1
copy 12710 1 223338299474 31850496 102 1
copy 12711 1 223338299475 31850496 101 1
copy 12712 1 223338299475 31850496 102 1
copy 12713 1 223338299476 31850496 101 1
copy 12714 1 223338299476 31850496 102 1
copy 12715 1 223338299477 31850496 101 1
copy 12716 1 223338299477 31850496 102 1
copy 12717 1 223338299478 31850496 101 1
copy 12718 1 223338299478 31850496 102 1
copy 12719 1 223338299479 31850496 101 1
copy 12720 1 223338299479 31850496 102 1
copy 12721 1 223338299480 31850496 101 1
copy 12722 1 223338299480 31850496 102 1
copy 12723 1 223338299481 31850496 101 1
copy 12724 1 223338299481 31850496 102 1
copy 12725 1 223338299482 31850496 101 1
copy 12726 1 223338299482 31850496 102 1
copy 12727 1 223338299483 31850496 101 1
copy 12728 1 223338299483 31850496 102 1
copy 12729 1 223338299484 31850496 101 1
copy 12730 1 223338299484 31850496 102 1
copy 12731 1 223338299485 31850496 101 1
copy 12732 1 223338299485 31850496 102 1
copy 12733 1 223338299486 31850496 101 1
copy 12734 1 223338299486 31850496 102 1
copy 12735 1 223338299487 31850496 101 1
copy 12736 1 223338299487 31850496 102 1
copy 12737 1 223338299488 31850496 101 1
copy 12738 1 223338299488 31850496 102 1
copy 12739 1 223338299489 31850496 101 1
copy 12740 1 223338299489 31850496 102 1
copy 12741 1 223338299490 31850496 101 1
copy 12742 1 223338299490 31850496 102 1
copy 12743 1 223338299491 31850496 101 1
copy 12744 1 223338299491 31850496 102 1
copy 12745 1 223338299492 31850496 101 1
copy 12746 1 223338299492 31850496 102 1
copy 12747 1 223338299493 31850496 101 1
copy 12748 1 223338299493 31850496 102 1
copy 12749 1 223338299494 31850496 101 1
copy 12750 1 223338299494 31850496 102 1
copy 12751 1 223338299495 31850496 101 1
copy 12752 1 223338299495 31850496 102 1
copy 12753 1 223338299496 31850496 101 1
copy 12754 1 223338299496 31850496 102 1
copy 12755 1 223338299497 31850496 101 1
copy 12756 1 223338299497 31850496 102 1
copy 12757 1 223338299498 31850496 101 1
copy 12758 1 223338299498 31850496 102 1
copy 12759 1 223338299499 31850496 101 1
copy 12760 1 223338299499 31850496 102 1
copy 12761 1 223338299500 31850496 101 1
copy 12762 1 223338299500 31850496 102 1
copy 12763 1 223338299501 31850496 101 1
copy 12764 1 223338299501 31850496 102 1
copy 12765 1 223338299502 31850496 101 1
copy 12766 1 223338299502 31850496 102 1
copy 12767 1 223338299503 31850496 101 1
copy 12768 1 223338299503 31850496 102 1
copy 12769 1 223338299504 31850496 101 1
copy 12770 1 223338299504 31850496 102 1
copy 12771 1 223338299505 31850496 101 1
copy 12772 1 223338299505 31850496 102 1
copy 12773 1 223338299506 31850496 101 1
copy 12774 1 223338299506 31850496 102 1
copy 12775 1 223338299507 31850496 101 1
copy 12776 1 223338299507 31850496 102 1
copy 12777 1 223338299508 31850496 101 1
copy 12778 1 223338299508 31850496 102 1
copy 12779 1 223338299509 31850496 101 1
copy 12780 1 223338299509 31850496 102 1
copy 12781 1 223338299510 31850496 101 1
copy 12782 1 223338299510 31850496 102 1
copy 12783 1 223338299511 31850496 101 1
copy 12784 1 223338299511 31850496 102 1
copy 12785 1 223338299512 31850496 101 1
copy 12786 1 223338299512 31850496 102 1
copy 12787 1 223338299513 31850496 101 1
copy 12788 1 223338299513 31850496 102 1
copy 12789 1 223338299514 31850496 101 1
copy 12790 1 223338299514 31850496 102 1
copy 12791 1 223338299515 31850496 101 1
copy 12792 1 223338299515 31850496 102 1
copy 12793 1 223338299516 31850496 101 1
copy 12794 1 223338299516 31850496 102 1
copy 12795 1 223338299517 31850496 101 1
copy 12796 1 223338299517 31850496 102 1
copy 12797 1 223338299518 31850496 101 1
copy 12798 1 223338299518 31850496 102 1
copy 12799 1 223338299519 31850496 101 1
copy 12800 1 223338299519 31850496 102 1
copy 12801 1 227633266688 31850496 101 1
copy 12802 1 227633266688 31850496 102 1
copy 12803 1 227633266689 31850496 101 1
copy 12804 1 227633266689 31850496 102 1
copy 12805 1 227633266690 31850496 101 1
copy 12806 1 227633266690 31850496 102 1
copy 12807 1 227633266691 31850496 101 1
copy 12808 1 227633266691 31850496 102 1
copy 12809 1 227633266692 31850496 101 1
copy 12810 1 227633266692 31850496 102 1
copy 12811 1 227633266693 31850496 101 1
copy 12812 1 227633266693 31850496 102 1
copy 12813 1 227633266694 31850496 101 1
copy 12814 1 227633266694 31850496 102 1
copy 12815 1 227633266695 31850496 101 1
copy 12816 1 227633266695 31850496 102 1
copy 12817 1 227633266696 31850496 101 1
copy 12818 1 227633266696 31850496 102 1
copy 12819 1 227633266697 31850496 101 1
copy 12820 1 227633266697 31850496 102 1
copy 12821 1 227633266698 31850496 101 1
copy 12822 1 227633266698 31850496 102 1
copy 12823 1 227633266699 31850496 101 1
copy 12824 1 227633266699 31850496 102 1
copy 12825 1 227633266700 31850496 101 1
copy 12826 1 227633266700 31850496 102 1
copy 12827 1 227633266701 31850496 101 1
copy 12828 1 227633266701 31850496 102 1
copy 12829 1 227633266702 31850496 101 1
copy 12830 1 227633266702 31850496 102 1
copy 12831 1 227633266703 31850496 101 1
copy 12832 1 227633266703 31850496 102 1
copy 12833 1 227633266704 31850496 101 1
copy 12834 1 227633266704 31850496 102 1
copy 12835 1 227633266705 31850496 101 1
copy 12836 1 227633266705 31850496 102 1
copy 12837 1 227633266706 31850496 101 1
copy 12838 1 227633266706 31850496 102 1
copy 12839 1 227633266707 31850496 101 1
copy 12840 1 227633266707 31850496 102 1
copy 12841 1 227633266708 31850496 101 1
copy 12842 1 227633266708 31850496 102 1
copy 12843 1 227633266709 31850496 101 1
copy 12844 1 227633266709 31850496 102 1
copy 12845 1 227633266710 31850496 101 1
copy 12846 1 227633266710 31850496 102 1
copy 12847 1 227633266711 31850496 101 1
copy 12848 1 227633266711 31850496 102 1
copy 12849 1 227633266712 31850496 101 1
copy 12850 1 227633266712 31850496 102 1
copy 12851 1 227633266713 31850496 101 1
copy 12852 1 227633266713 31850496 102 1
copy 12853 1 227633266714 31850496 101 1
copy 12854 1 227633266714 31850496 102 1
copy 12855 1 227633266715 31850496 101 1
copy 12856 1 227633266715 31850496 102 1
copy 12857 1 227633266716 31850496 101 1
copy 12858 1 227633266716 31850496 102 1
copy 12859 1 227633266717 31850496 101 1
copy 12860 1 227633266717 31850496 102 1
copy 12861 1 227633266718 31850496 101 1
copy 12862 1 227633266718 31850496 102 1
copy 12863 1 227633266719 31850496 101 1
copy 12864 1 227633266719 31850496 102 1
copy 12865 1 227633266720 31850496 101 1
copy 12866 1 227633266720 31850496 102 1
copy 12867 1 227633266721 31850496 101 1
copy 12868 1 227633266721 31850496 102 1
copy 12869 1 227633266722 31850496 101 1
copy 12870 1 227633266722 31850496 102 1
copy 12871 1 227633266723 31850496 101 1
copy 12872 1 227633266723 31850496 102 1
copy 12873 1 227633266724 31850496 101 1
copy 12874 1 227633266724 31850496 102 1
copy 12875 1 227633266725 31850496 101 1
copy 12876 1 227633266725 31850496 102 1
copy 12877 1 227633266726 31850496 101 1
copy 12878 1 227633266726 31850496 102 1
copy 12879 1 227633266727 31850496 101 1
copy 12880 1 227633266727 31850496 102 1
copy 12881 1 227633266728 31850496 101 1
copy 12882 1 227633266728 31850496 102 1
copy 12883 1 227633266729 31850496 101 1
copy 12884 1 227633266729 31850496 102 1
copy 12885 1 227633266730 31850496 101 1
copy 12886 1 227633266730 31850496 102 1
copy 12887 1 227633266731 31850496 101 1
copy 12888 1 227633266731 31850496 102 1
copy 12889 1 227633266732 31850496 101 1
copy 12890 1 227633266732 31850496 102 1
copy 12891 1 227633266733 31850496 101 1
copy 12892 1 227633266733 31850496 102 1
copy 12893 1 227633266734 31850496 101 1
copy 12894 1 227633266734 31850496 102 1
copy 12895 1 227633266735 31850496 101 1
copy 12896 1 227633266735 31850496 102 1
copy 12897 1 227633266736 31850496 101 1
copy 12898 1 227633266736 31850496 102 1
copy 12899 1 227633266737 31850496 101 1
copy 12900 1 227633266737 31850496 102 1
copy 12901 1 227633266738 31850496 101 1
copy 12902 1 227633266738 31850496 102 1
copy 12903 1 227633266739 31850496 101 1
copy 12904 1 227633266739 31850496 102 1
copy 12905 1 227633266740 31850496 101 1
copy 12906 1 227633266740 31850496 102 1
copy 12907 1 227633266741 31850496 101 1
copy 12908 1 227633266741 31850496 102 1
copy 12909 1 227633266742 31850496 101 1
copy 12910 1 227633266742 31850496 102 1
copy 12911 1 227633266743 31850496 101 1
copy 12912 1 227633266743 31850496 102 1
copy 12913 1 227633266744 31850496 101 1
copy 12914 1 227633266744 31850496 102 1
copy 12915 1 227633266745 31850496 101 1
copy 12916 1 227633266745 31850496 102 1
copy 12917 1 227633266746 31850496 101 1
copy 12918 1 227633266746 31850496 102 1
copy 12919 1 227633266747 31850496 101 1
copy 12920 1 227633266747 31850496 102 1
copy 12921 1 227633266748 31850496 101 1
copy 12922 1 227633266748 31850496 102 1
copy 12923 1 227633266749 31850496 101 1
copy 12924 1 227633266749 31850496 102 1
copy 12925 1 227633266750 31850496 101 1
copy 12926 1 227633266750 31850496 102 1
copy 12927 1 227633266751 31850496 101 1
copy 12928 1 227633266751 31850496 102 1
copy 12929 1 227633266752 31850496 101 1
copy 12930 1 227633266752 31850496 102 1
copy 12931 1 227633266753 31850496 101 1
copy 12932 1 227633266753 31850496 102 1
copy 12933 1 227633266754 31850496 101 1
copy 12934 1 227633266754 31850496 102 1
copy 12935 1 227633266755 31850496 101 1
copy 12936 1 227633266755 31850496 102 1
copy 12937 1 227633266756 31850496 101 1
copy 12938 1 227633266756 31850496 102 1
copy 12939 1 227633266757 31850496 101 1
copy 12940 1 227633266757 31850496 102 1
copy 12941 1 227633266758 31850496 101 1
copy 12942 1 227633266758 31850496 102 1
copy 12943 1 227633266759 31850496 101 1
copy 12944 1 227633266759 31850496 102 1
copy 12945 1 227633266760 31850496 101 1
copy 12946 1 227633266760 31850496 102 1
copy 12947 1 227633266761 31850496 101 1
copy 12948 1 227633266761 31850496 102 1
copy 12949 1 227633266762 31850496 101 1
copy 12950 1 227633266762 31850496 102 1
copy 12951 1 227633266763 31850496 101 1
copy 12952 1 227633266763 31850496 102 1
copy 12953 1 227633266764 31850496 101 1
copy 12954 1 227633266764 31850496 102 1
copy 12955 1 227633266765 31850496 101 1
copy 12956 1 227633266765 31850496 102 1
copy 12957 1 227633266766 31850496 101 1
copy 12958 1 227633266766 31850496 102 1
copy 12959 1 227633266767 31850496 101 1
copy 12960 1 227633266767 31850496 102 1
copy 12961 1 227633266768 31850496 101 1
copy 12962 1 227633266768 31850496 102 1
copy 12963 1 227633266769 31850496 101 1
copy 12964 1 227633266769 31850496 102 1
copy 12965 1 227633266770 31850496 101 1
copy 12966 1 227633266770 31850496 102 1
copy 12967 1 227633266771 31850496 101 1
copy 12968 1 227633266771 31850496 102 1
copy 12969 1 227633266772 31850496 101 1
copy 12970 1 227633266772 31850496 102 1
copy 12971 1 227633266773 31850496 101 1
copy 12972 1 227633266773 31850496 102 1
copy 12973 1 227633266774 31850496 101 1
copy 12974 1 227633266774 31850496 102 1
copy 12975 1 227633266775 31850496 101 1
copy 12976 1 227633266775 31850496 102 1
copy 12977 1 227633266776 31850496 101 1
copy 12978 1 227633266776 31850496 102 1
copy 12979 1 227633266777 31850496 101 1
copy 12980 1 227633266777 31850496 102 1
copy 12981 1 227633266778 31850496 101 1
copy 12982 1 227633266778 31850496 102 1
copy 12983 1 227633266779 31850496 101 1
copy 12984 1 227633266779 31850496 102 1
copy 12985 1 227633266780 31850496 101 1
copy 12986 1 227633266780 31850496 102 1
copy 12987 1 227633266781 31850496 101 1
copy 12988 1 227633266781 31850496 102 1
copy 12989 1 227633266782 31850496 101 1
copy 12990 1 227633266782 31850496 102 1
copy 12991 1 227633266783 31850496 101 1
copy 12992 1 227633266783 31850496 102 1
copy 12993 1 227633266784 31850496 101 1
copy 12994 1 227633266784 31850496 102 1
copy 12995 1 227633266785 31850496 101 1
copy 12996 1 227633266785 31850496 102 1
copy 12997 1 227633266786 31850496 101 1
copy 12998 1 227633266786 31850496 102 1
copy 12999 1 227633266787 31850496 101 1
copy 13000 1 227633266787 31850496 102 1
copy 13001 1 227633266788 31850496 101 1
copy 13002 1 227633266788 31850496 102 1
copy 13003 1 227633266789 31850496 101 1
copy 13004 1 227633266789 31850496 102 1
copy 13005 1 227633266790 31850496 101 1
copy 13006 1 227633266790 31850496 102 1
copy 13007 1 227633266791 31850496 101 1
copy 13008 1 227633266791 31850496 102 1
copy 13009 1 227633266792 31850496 101 1
copy 13010 1 227633266792 31850496 102 1
copy 13011 1 227633266793 31850496 101 1
copy 13012 1 227633266793 31850496 102 1
copy 13013 1 227633266794 31850496 101 1
copy 13014 1 227633266794 31850496 102 1
copy 13015 1 227633266795 31850496 101 1
copy 13016 1 227633266795 31850496 102 1
copy 13017 1 227633266796 31850496 101 1
copy 13018 1 227633266796 31850496 102 1
copy 13019 1 227633266797 31850496 101 1
copy 13020 1 227633266797 31850496 102 1
copy 13021 1 227633266798 31850496 101 1
copy 13022 1 227633266798 31850496 102 1
copy 13023 1 227633266799 31850496 101 1
copy 13024 1 227633266799 31850496 102 1
copy 13025 1 227633266800 31850496 101 1
copy 13026 1 227633266800 31850496 102 1
copy 13027 1 227633266801 31850496 101 1
copy 13028 1 227633266801 31850496 102 1
copy 13029 1 227633266802 31850496 101 1
copy 13030 1 227633266802 31850496 102 1
copy 13031 1 227633266803 31850496 101 1
copy 13032 1 227633266803 31850496 102 1
copy 13033 1 227633266804 31850496 101 1
copy 13034 1 227633266804 31850496 102 1
copy 13035 1 227633266805 31850496 101 1
copy 13036 1 227633266805 31850496 102 1
copy 13037 1 227633266806 31850496 101 1
copy 13038 1 227633266806 31850496 102 1
copy 13039 1 227633266807 31850496 101 1
copy 13040 1 227633266807 31850496 102 1
copy 13041 1 227633266808 31850496 101 1
copy 13042 1 227633266808 31850496 102 1
copy 13043 1 227633266809 31850496 101 1
copy 13044 1 227633266809 31850496 102 1
copy 13045 1 227633266810 31850496 101 1
copy 13046 1 227633266810 31850496 102 1
copy 13047 1 227633266811 31850496 101 1
copy 13048 1 227633266811 31850496 102 1
copy 13049 1 227633266812 31850496 101 1
copy 13050 1 227633266812 31850496 102 1
copy 13051 1 227633266813 31850496 101 1
copy 13052 1 227633266813 31850496 102 1
copy 13053 1 227633266814 31850496 101 1
copy 13054 1 227633266814 31850496 102 1
copy 13055 1 227633266815 31850496 101 1
copy 13056 1 227633266815 31850496 102 1
copy 13057 1 231928233984 31850496 101 1
copy 13058 1 231928233984 31850496 102 1
copy 13059 1 231928233985 31850496 101 1
copy 13060 1 231928233985 31850496 102 1
copy 13061 1 231928233986 31850496 101 1
copy 13062 1 231928233986 31850496 102 1
copy 13063 1 231928233987 31850496 101 1
copy 13064 1 231928233987 31850496 102 1
copy 13065 1 231928233988 31850496 101 1
copy 13066 1 231928233988 31850496 102 1
copy 13067 1 231928233989 31850496 101 1
copy 13068 1 231928233989 31850496 102 1
copy 13069 1 231928233990 31850496 101 1
copy 13070 1 231928233990 31850496 102 1
copy 13071 1 231928233991 31850496 101 1
copy 13072 1 231928233991 31850496 102 1
copy 13073 1 231928233992 31850496 101 1
copy 13074 1 231928233992 31850496 102 1
copy 13075 1 231928233993 31850496 101 1
copy 13076 1 231928233993 31850496 102 1
copy 13077 1 231928233994 31850496 101 1
copy 13078 1 231928233994 31850496 102 1
copy 13079 1 231928233995 31850496 101 1
copy 13080 1 231928233995 31850496 102 1
copy 13081 1 231928233996 31850496 101 1
copy 13082 1 231928233996 31850496 102 1
copy 13083 1 231928233997 31850496 101 1
copy 13084 1 231928233997 31850496 102 1
copy 13085 1 231928233998 31850496 101 1
copy 13086 1 231928233998 31850496 102 1
copy 13087 1 231928233999 31850496 101 1
copy 13088 1 231928233999 31850496 102 1
copy 13089 1 231928234000 31850496 101 1
copy 13090 1 231928234000 31850496 102 1
copy 13091 1 231928234001 31850496 101 1
copy 13092 1 231928234001 31850496 102 1
copy 13093 1 231928234002 31850496 101 1
copy 13094 1 231928234002 31850496 102 1
copy 13095 1 231928234003 31850496 101 1
copy 13096 1 231928234003 31850496 102 1
copy 13097 1 231928234004 31850496 101 1
copy 13098 1 231928234004 31850496 102 1
copy 13099 1 231928234005 31850496 101 1
copy 13100 1 231928234005 31850496 102 1
copy 13101 1 231928234006 31850496 101 1
copy 13102 1 231928234006 31850496 102 1
copy 13103 1 231928234007 31850496 101 1
copy 13104 1 231928234007 31850496 102 1
copy 13105 1 231928234008 31850496 101 1
copy 13106 1 231928234008 31850496 102 1
copy 13107 1 231928234009 31850496 101 1
copy 13108 1 231928234009 31850496 102 1
copy 13109 1 231928234010 31850496 101 1
copy 13110 1 231928234010 31850496 102 1
copy 13111 1 231928234011 31850496 101 1
copy 13112 1 231928234011 31850496 102 1
copy 13113 1 231928234012 31850496 101 1
copy 13114 1 231928234012 31850496 102 1
copy 13115 1 231928234013 31850496 101 1
copy 13116 1 231928234013 31850496 102 1
copy 13117 1 231928234014 31850496 101 1
copy 13118 1 231928234014 31850496 102 1
copy 13119 1 231928234015 31850496 101 1
copy 13120 1 231928234015 31850496 102 1
copy 13121 1 231928234016 31850496 101 1
copy 13122 1 231928234016 31850496 102 1
copy 13123 1 231928234017 31850496 101 1
copy 13124 1 231928234017 31850496 102 1
copy 13125 1 231928234018 31850496 101 1
copy 13126 1 231928234018 31850496 102 1
copy 13127 1 231928234019 31850496 101 1
copy 13128 1 231928234019 31850496 102 1
copy 13129 1 231928234020 31850496 101 1
copy 13130 1 231928234020 31850496 102 1
copy 13131 1 231928234021 31850496 101 1
copy 13132 1 231928234021 31850496 102 1
copy 13133 1 231928234022 31850496 101 1
copy 13134 1 231928234022 31850496 102 1
copy 13135 1 231928234023 31850496 101 1
copy 13136 1 231928234023 31850496 102 1
copy 13137 1 231928234024 31850496 101 1
copy 13138 1 231928234024 31850496 102 1
copy 13139 1 231928234025 31850496 101 1
copy 13140 1 231928234025 31850496 102 1
copy 13141 1 231928234026 31850496 101 1
copy 13142 1 231928234026 31850496 102 1
copy 13143 1 231928234027 31850496 101 1
copy 13144 1 231928234027 31850496 102 1
copy 13145 1 231928234028 31850496 101 1
copy 13146 1 231928234028 31850496 102 1
copy 13147 1 231928234029 31850496 101 1
copy 13148 1 231928234029 31850496 102 1
copy 13149 1 231928234030 31850496 101 1
copy 13150 1 231928234030 31850496 102 1
copy 13151 1 231928234031 31850496 101 1
copy 13152 1 231928234031 31850496 102 1
copy 13153 1 231928234032 31850496 101 1
copy 13154 1 231928234032 31850496 102 1
copy 13155 1 231928234033 31850496 101 1
copy 13156 1 231928234033 31850496 102 1
copy 13157 1 231928234034 31850496 101 1
copy 13158 1 231928234034 31850496 102 1
copy 13159 1 231928234035 31850496 101 1
copy 13160 1 231928234035 31850496 102 1
copy 13161 1 231928234036 31850496 101 1
copy 13162 1 231928234036 31850496 102 1
copy 13163 1 231928234037 31850496 101 1
copy 13164 1 231928234037 31850496 102 1
copy 13165 1 231928234038 31850496 101 1
copy 13166 1 231928234038 31850496 102 1
copy 13167 1 231928234039 31850496 101 1
copy 13168 1 231928234039 31850496 102 1
copy 13169 1 231928234040 31850496 101 1
copy 13170 1 231928234040 31850496 102 1
copy 13171 1 231928234041 31850496 101 1
copy 13172 1 231928234041 31850496 102 1
copy 13173 1 231928234042 31850496 101 1
copy 13174 1 231928234042 31850496 102 1
copy 13175 1 231928234043 31850496 101 1
copy 13176 1 231928234043 31850496 102 1
copy 13177 1 231928234044 31850496 101 1
copy 13178 1 231928234044 31850496 102 1
copy 13179 1 231928234045 31850496 101 1
copy 13180 1 231928234045 31850496 102 1
copy 13181 1 231928234046 31850496 101 1
copy 13182 1 231928234046 31850496 102 1
copy 13183 1 231928234047 31850496 101 1
copy 13184 1 231928234047 31850496 102 1
copy 13185 1 231928234048 31850496 101 1
copy 13186 1 231928234048 31850496 102 1
copy 13187 1 231928234049 31850496 101 1
copy 13188 1 231928234049 31850496 102 1
copy 13189 1 231928234050 31850496 101 1
copy 13190 1 231928234050 31850496 102 1
copy 13191 1 231928234051 31850496 101 1
copy 13192 1 231928234051 31850496 102 1
copy 13193 1 231928234052 31850496 101 1
copy 13194 1 231928234052 31850496 102 1
copy 13195 1 231928234053 31850496 101 1
copy 13196 1 231928234053 31850496 102 1
copy 13197 1 231928234054 31850496 101 1
copy 13198 1 231928234054 31850496 102 1
copy 13199 1 231928234055 31850496 101 1
copy 13200 1 231928234055 31850496 102 1
copy 13201 1 231928234056 31850496 101 1
copy 13202 1 231928234056 31850496 102 1
copy 13203 1 231928234057 31850496 101 1
copy 13204 1 231928234057 31850496 102 1
copy 13205 1 231928234058 31850496 101 1
copy 13206 1 231928234058 31850496 102 1
copy 13207 1 231928234059 31850496 101 1
copy 13208 1 231928234059 31850496 102 1
copy 13209 1 231928234060 31850496 101 1
copy 13210 1 231928234060 31850496 102 1
copy 13211 1 231928234061 31850496 101 1
copy 13212 1 231928234061 31850496 102 1
copy 13213 1 231928234062 31850496 101 1
copy 13214 1 231928234062 31850496 102 1
copy 13215 1 231928234063 31850496 101 1
copy 13216 1 231928234063 31850496 102 1
copy 13217 1 231928234064 31850496 101 1
copy 13218 1 231928234064 31850496 102 1
copy 13219 1 231928234065 31850496 101 1
copy 13220 1 231928234065 31850496 102 1
copy 13221 1 231928234066 31850496 101 1
copy 13222 1 231928234066 31850496 102 1
copy 13223 1 231928234067 31850496 101 1
copy 13224 1 231928234067 31850496 102 1
copy 13225 1 231928234068 31850496 101 1
copy 13226 1 231928234068 31850496 102 1
copy 13227 1 231928234069 31850496 101 1
copy 13228 1 231928234069 31850496 102 1
copy 13229 1 231928234070 31850496 101 1
copy 13230 1 231928234070 31850496 102 1
copy 13231 1 231928234071 31850496 101 1
copy 13232 1 231928234071 31850496 102 1
copy 13233 1 231928234072 31850496 101 1
copy 13234 1 231928234072 31850496 102 1
copy 13235 1 231928234073 31850496 101 1
copy 13236 1 231928234073 31850496 102 1
copy 13237 1 231928234074 31850496 101 1
copy 13238 1 231928234074 31850496 102 1
copy 13239 1 231928234075 31850496 101 1
copy 13240 1 231928234075 31850496 102 1
copy 13241 1 231928234076 31850496 101 1
copy 13242 1 231928234076 31850496 102 1
copy 13243 1 231928234077 31850496 101 1
copy 13244 1 231928234077 31850496 102 1
copy 13245 1 231928234078 31850496 101 1
copy 13246 1 231928234078 31850496 102 1
copy 13247 1 231928234079 31850496 101 1
copy 13248 1 231928234079 31850496 102 1
copy 13249 1 231928234080 31850496 101 1
copy 13250 1 231928234080 31850496 102 1
copy 13251 1 231928234081 31850496 101 1
copy 13252 1 231928234081 31850496 102 1
copy 13253 1 231928234082 31850496 101 1
copy 13254 1 231928234082 31850496 102 1
copy 13255 1 231928234083 31850496 101 1
copy 13256 1 231928234083 31850496 102 1
copy 13257 1 231928234084 31850496 101 1
copy 13258 1 231928234084 31850496 102 1
copy 13259 1 231928234085 31850496 101 1
copy 13260 1 231928234085 31850496 102 1
copy 13261 1 231928234086 31850496 101 1
copy 13262 1 231928234086 31850496 102 1
copy 13263 1 231928234087 31850496 101 1
copy 13264 1 231928234087 31850496 102 1
copy 13265 1 231928234088 31850496 101 1
copy 13266 1 231928234088 31850496 102 1
copy 13267 1 231928234089 31850496 101 1
copy 13268 1 231928234089 31850496 102 1
copy 13269 1 231928234090 31850496 101 1
copy 13270 1 231928234090 31850496 102 1
copy 13271 1 231928234091 31850496 101 1
copy 13272 1 231928234091 31850496 102 1
copy 13273 1 231928234092 31850496 101 1
copy 13274 1 231928234092 31850496 102 1
copy 13275 1 231928234093 31850496 101 1
copy 13276 1 231928234093 31850496 102 1
copy 13277 1 231928234094 31850496 101 1
copy 13278 1 231928234094 31850496 102 1
copy 13279 1 231928234095 31850496 101 1
copy 13280 1 231928234095 31850496 102 1
copy 13281 1 231928234096 31850496 101 1
copy 13282 1 231928234096 31850496 102 1
copy 13283 1 231928234097 31850496 101 1
copy 13284 1 231928234097 31850496 102 1
copy 13285 1 231928234098 31850496 101 1
copy 13286 1 231928234098 31850496 102 1
copy 13287 1 231928234099 31850496 101 1
copy 13288 1 231928234099 31850496 102 1
copy 13289 1 231928234100 31850496 101 1
copy 13290 1 231928234100 31850496 102 1
copy 13291 1 231928234101 31850496 101 1
copy 13292 1 231928234101 31850496 102 1
copy 13293 1 231928234102 31850496 101 1
copy 13294 1 231928234102 31850496 102 1
copy 13295 1 231928234103 31850496 101 1
copy 13296 1 231928234103 31850496 102 1
copy 13297 1 231928234104 31850496 101 1
copy 13298 1 231928234104 31850496 102 1
copy 13299 1 231928234105 31850496 101 1
copy 13300 1 231928234105 31850496 102 1
copy 13301 1 231928234106 31850496 101 1
copy 13302 1 231928234106 31850496 102 1
copy 13303 1 231928234107 31850496 101 1
copy 13304 1 231928234107 31850496 102 1
copy 13305 1 231928234108 31850496 101 1
copy 13306 1 231928234108 31850496 102 1
copy 13307 1 231928234109 31850496 101 1
copy 13308 1 231928234109 31850496 102 1
copy 13309 1 231928234110 31850496 101 1
copy 13310 1 231928234110 31850496 102 1
copy 13311 1 231928234111 31850496 101 1
copy 13312 1 231928234111 31850496 102 1
copy 13313 1 236223201280 31850496 101 1
copy 13314 1 236223201280 31850496 102 1
copy 13315 1 236223201281 31850496 101 1
copy 13316 1 236223201281 31850496 102 1
copy 13317 1 236223201282 31850496 101 1
copy 13318 1 236223201282 31850496 102 1
copy 13319 1 236223201283 31850496 101 1
copy 13320 1 236223201283 31850496 102 1
copy 13321 1 236223201284 31850496 101 1
copy 13322 1 236223201284 31850496 102 1
copy 13323 1 236223201285 31850496 101 1
copy 13324 1 236223201285 31850496 102 1
copy 13325 1 236223201286 31850496 101 1
copy 13326 1 236223201286 31850496 102 1
copy 13327 1 236223201287 31850496 101 1
copy 13328 1 236223201287 31850496 102 1
copy 13329 1 236223201288 31850496 101 1
copy 13330 1 236223201288 31850496 102 1
copy 13331 1 236223201289 31850496 101 1
copy 13332 1 236223201289 31850496 102 1
copy 13333 1 236223201290 31850496 101 1
copy 13334 1 236223201290 31850496 102 1
copy 13335 1 236223201291 31850496 101 1
copy 13336 1 236223201291 31850496 102 1
copy 13337 1 236223201292 31850496 101 1
copy 13338 1 236223201292 31850496 102 1
copy 13339 1 236223201293 31850496 101 1
copy 13340 1 236223201293 31850496 102 1
copy 13341 1 236223201294 31850496 101 1
copy 13342 1 236223201294 31850496 102 1
copy 13343 1 236223201295 31850496 101 1
copy 13344 1 236223201295 31850496 102 1
copy 13345 1 236223201296 31850496 101 1
copy 13346 1 236223201296 31850496 102 1
copy 13347 1 236223201297 31850496 101 1
copy 13348 1 236223201297 31850496 102 1
copy 13349 1 236223201298 31850496 101 1
copy 13350 1 236223201298 31850496 102 1
copy 13351 1 236223201299 31850496 101 1
copy 13352 1 236223201299 31850496 102 1
copy 13353 1 236223201300 31850496 101 1
copy 13354 1 236223201300 31850496 102 1
copy 13355 1 236223201301 31850496 101 1
copy 13356 1 236223201301 31850496 102 1
copy 13357 1 236223201302 31850496 101 1
copy 13358 1 236223201302 31850496 102 1
copy 13359 1 236223201303 31850496 101 1
copy 13360 1 236223201303 31850496 102 1
copy 13361 1 236223201304 31850496 101 1
copy 13362 1 236223201304 31850496 102 1
copy 13363 1 236223201305 31850496 101 1
copy 13364 1 236223201305 31850496 102 1
copy 13365 1 236223201306 31850496 101 1
copy 13366 1 236223201306 31850496 102 1
copy 13367 1 236223201307 31850496 101 1
copy 13368 1 236223201307 31850496 102 1
copy 13369 1 236223201308 31850496 101 1
copy 13370 1 236223201308 31850496 102 1
copy 13371 1 236223201309 31850496 101 1
copy 13372 1 236223201309 31850496 102 1
copy 13373 1 236223201310 31850496 101 1
copy 13374 1 236223201310 31850496 102 1
copy 13375 1 236223201311 31850496 101 1
copy 13376 1 236223201311 31850496 102 1
copy 13377 1 236223201312 31850496 101 1
copy 13378 1 236223201312 31850496 102 1
copy 13379 1 236223201313 31850496 101 1
copy 13380 1 236223201313 31850496 102 1
copy 13381 1 236223201314 31850496 101 1
copy 13382 1 236223201314 31850496 102 1
copy 13383 1 236223201315 31850496 101 1
copy 13384 1 236223201315 31850496 102 1
copy 13385 1 236223201316 31850496 101 1
copy 13386 1 236223201316 31850496 102 1
copy 13387 1 236223201317 31850496 101 1
copy 13388 1 236223201317 31850496 102 1
copy 13389 1 236223201318 31850496 101 1
copy 13390 1 236223201318 31850496 102 1
copy 13391 1 236223201319 31850496 101 1
copy 13392 1 236223201319 31850496 102 1
copy 13393 1 236223201320 31850496 101 1
copy 13394 1 236223201320 31850496 102 1
copy 13395 1 236223201321 31850496 101 1
copy 13396 1 236223201321 31850496 102 1
copy 13397 1 236223201322 31850496 101 1
copy 13398 1 236223201322 31850496 102 1
copy 13399 1 236223201323 31850496 101 1
copy 13400 1 236223201323 31850496 102 1
copy 13401 1 236223201324 31850496 101 1
copy 13402 1 236223201324 31850496 102 1
copy 13403 1 236223201325 31850496 101 1
copy 13404 1 236223201325 31850496 102 1
copy 13405 1 236223201326 31850496 101 1
copy 13406 1 236223201326 31850496 102 1
copy 13407 1 236223201327 31850496 101 1
copy 13408 1 236223201327 31850496 102 1
copy 13409 1 236223201328 31850496 101 1
copy 13410 1 236223201328 31850496 102 1
copy 13411 1 236223201329 31850496 101 1
copy 13412 1 236223201329 31850496 102 1
copy 13413 1 236223201330 31850496 101 1
copy 13414 1 236223201330 31850496 102 1
copy 13415 1 236223201331 31850496 101 1
copy 13416 1 236223201331 31850496 102 1
copy 13417 1 236223201332 31850496 101 1
copy 13418 1 236223201332 31850496 102 1
copy 13419 1 236223201333 31850496 101 1
copy 13420 1 236223201333 31850496 102 1
copy 13421 1 236223201334 31850496 101 1
copy 13422 1 236223201334 31850496 102 1
copy 13423 1 236223201335 31850496 101 1
copy 13424 1 236223201335 31850496 102 1
copy 13425 1 236223201336 31850496 101 1
copy 13426 1 236223201336 31850496 102 1
copy 13427 1 236223201337 31850496 101 1
copy 13428 1 236223201337 31850496 102 1
copy 13429 1 236223201338 31850496 101 1
copy 13430 1 236223201338 31850496 102 1
copy 13431 1 236223201339 31850496 101 1
copy 13432 1 236223201339 31850496 102 1
copy 13433 1 236223201340 31850496 101 1
copy 13434 1 236223201340 31850496 102 1
copy 13435 1 236223201341 31850496 101 1
copy 13436 1 236223201341 31850496 102 1
copy 13437 1 236223201342 31850496 101 1
copy 13438 1 236223201342 31850496 102 1
copy 13439 1 236223201343 31850496 101 1
copy 13440 1 236223201343 31850496 102 1
copy 13441 1 236223201344 31850496 101 1
copy 13442 1 236223201344 31850496 102 1
copy 13443 1 236223201345 31850496 101 1
copy 13444 1 236223201345 31850496 102 1
copy 13445 1 236223201346 31850496 101 1
copy 13446 1 236223201346 31850496 102 1
copy 13447 1 236223201347 31850496 101 1
copy 13448 1 236223201347 31850496 102 1
copy 13449 1 236223201348 31850496 101 1
copy 13450 1 236223201348 31850496 102 1
copy 13451 1 236223201349 31850496 101 1
copy 13452 1 236223201349 31850496 102 1
copy 13453 1 236223201350 31850496 101 1
copy 13454 1 236223201350 31850496 102 1
copy 13455 1 236223201351 31850496 101 1
copy 13456 1 236223201351 31850496 102 1
copy 13457 1 236223201352 31850496 101 1
copy 13458 1 236223201352 31850496 102 1
copy 13459 1 236223201353 31850496 101 1
copy 13460 1 236223201353 31850496 102 1
copy 13461 1 236223201354 31850496 101 1
copy 13462 1 236223201354 31850496 102 1
copy 13463 1 236223201355 31850496 101 1
copy 13464 1 236223201355 31850496 102 1
copy 13465 1 236223201356 31850496 101 1
copy 13466 1 236223201356 31850496 102 1
copy 13467 1 236223201357 31850496 101 1
copy 13468 1 236223201357 31850496 102 1
copy 13469 1 236223201358 31850496 101 1
copy 13470 1 236223201358 31850496 102 1
copy 13471 1 236223201359 31850496 101 1
copy 13472 1 236223201359 31850496 102 1
copy 13473 1 236223201360 31850496 101 1
copy 13474 1 236223201360 31850496 102 1
copy 13475 1 236223201361 31850496 101 1
copy 13476 1 236223201361 31850496 102 1
copy 13477 1 236223201362 31850496 101 1
copy 13478 1 236223201362 31850496 102 1
copy 13479 1 236223201363 31850496 101 1
copy 13480 1 236223201363 31850496 102 1
copy 13481 1 236223201364 31850496 101 1
copy 13482 1 236223201364 31850496 102 1
copy 13483 1 236223201365 31850496 101 1
copy 13484 1 236223201365 31850496 102 1
copy 13485 1 236223201366 31850496 101 1
copy 13486 1 236223201366 31850496 102 1
copy 13487 1 236223201367 31850496 101 1
copy 13488 1 236223201367 31850496 102 1
copy 13489 1 236223201368 31850496 101 1
copy 13490 1 236223201368 31850496 102 1
copy 13491 1 236223201369 31850496 101 1
copy 13492 1 236223201369 31850496 102 1
copy 13493 1 236223201370 31850496 101 1
copy 13494 1 236223201370 31850496 102 1
copy 13495 1 236223201371 31850496 101 1
copy 13496 1 236223201371 31850496 102 1
copy 13497 1 236223201372 31850496 101 1
copy 13498 1 236223201372 31850496 102 1
copy 13499 1 236223201373 31850496 101 1
copy 13500 1 236223201373 31850496 102 1
copy 13501 1 236223201374 31850496 101 1
copy 13502 1 236223201374 31850496 102 1
copy 13503 1 236223201375 31850496 101 1
copy 13504 1 236223201375 31850496 102 1
copy 13505 1 236223201376 31850496 101 1
copy 13506 1 236223201376 31850496 102 1
copy 13507 1 236223201377 31850496 101 1
copy 13508 1 236223201377 31850496 102 1
copy 13509 1 236223201378 31850496 101 1
copy 13510 1 236223201378 31850496 102 1
copy 13511 1 236223201379 31850496 101 1
copy 13512 1 236223201379 31850496 102 1
copy 13513 1 236223201380 31850496 101 1
copy 13514 1 236223201380 31850496 102 1
copy 13515 1 236223201381 31850496 101 1
copy 13516 1 236223201381 31850496 102 1
copy 13517 1 236223201382 31850496 101 1
copy 13518 1 236223201382 31850496 102 1
copy 13519 1 236223201383 31850496 101 1
copy 13520 1 236223201383 31850496 102 1
copy 13521 1 236223201384 31850496 101 1
copy 13522 1 236223201384 31850496 102 1
copy 13523 1 236223201385 31850496 101 1
copy 13524 1 236223201385 31850496 102 1
copy 13525 1 236223201386 31850496 101 1
copy 13526 1 236223201386 31850496 102 1
copy 13527 1 236223201387 31850496 101 1
copy 13528 1 236223201387 31850496 102 1
copy 13529 1 236223201388 31850496 101 1
copy 13530 1 236223201388 31850496 102 1
copy 13531 1 236223201389 31850496 101 1
copy 13532 1 236223201389 31850496 102 1
copy 13533 1 236223201390 31850496 101 1
copy 13534 1 236223201390 31850496 102 1
copy 13535 1 236223201391 31850496 101 1
copy 13536 1 236223201391 31850496 102 1
copy 13537 1 236223201392 31850496 101 1
copy 13538 1 236223201392 31850496 102 1
copy 13539 1 236223201393 31850496 101 1
copy 13540 1 236223201393 31850496 102 1
copy 13541 1 236223201394 31850496 101 1
copy 13542 1 236223201394 31850496 102 1
copy 13543 1 236223201395 31850496 101 1
copy 13544 1 236223201395 31850496 102 1
copy 13545 1 236223201396 31850496 101 1
copy 13546 1 236223201396 31850496 102 1
copy 13547 1 236223201397 31850496 101 1
copy 13548 1 236223201397 31850496 102 1
copy 13549 1 236223201398 31850496 101 1
copy 13550 1 236223201398 31850496 102 1
copy 13551 1 236223201399 31850496 101 1
copy 13552 1 236223201399 31850496 102 1
copy 13553 1 236223201400 31850496 101 1
copy 13554 1 236223201400 31850496 102 1
copy 13555 1 236223201401 31850496 101 1
copy 13556 1 236223201401 31850496 102 1
copy 13557 1 236223201402 31850496 101 1
copy 13558 1 236223201402 31850496 102 1
copy 13559 1 236223201403 31850496 101 1
copy 13560 1 236223201403 31850496 102 1
copy 13561 1 236223201404 31850496 101 1
copy 13562 1 236223201404 31850496 102 1
copy 13563 1 236223201405 31850496 101 1
copy 13564 1 236223201405 31850496 102 1
copy 13565 1 236223201406 31850496 101 1
copy 13566 1 236223201406 31850496 102 1
copy 13567 1 236223201407 31850496 101 1
copy 13568 1 236223201407 31850496 102 1
copy 13569 1 240518168576 31850496 101 1
copy 13570 1 240518168576 31850496 102 1
copy 13571 1 240518168577 31850496 101 1
copy 13572 1 240518168577 31850496 102 1
copy 13573 1 240518168578 31850496 101 1
copy 13574 1 240518168578 31850496 102 1
copy 13575 1 240518168579 31850496 101 1
copy 13576 1 240518168579 31850496 102 1
copy 13577 1 240518168580 31850496 101 1
copy 13578 1 240518168580 31850496 102 1
copy 13579 1 240518168581 31850496 101 1
copy 13580 1 240518168581 31850496 102 1
copy 13581 1 240518168582 31850496 101 1
copy 13582 1 240518168582 31850496 102 1
copy 13583 1 240518168583 31850496 101 1
copy 13584 1 240518168583 31850496 102 1
copy 13585 1 240518168584 31850496 101 1
copy 13586 1 240518168584 31850496 102 1
copy 13587 1 240518168585 31850496 101 1
copy 13588 1 240518168585 31850496 102 1
copy 13589 1 240518168586 31850496 101 1
copy 13590 1 240518168586 31850496 102 1
copy 13591 1 240518168587 31850496 101 1
copy 13592 1 240518168587 31850496 102 1
copy 13593 1 240518168588 31850496 101 1
copy 13594 1 240518168588 31850496 102 1
copy 13595 1 240518168589 31850496 101 1
copy 13596 1 240518168589 31850496 102 1
copy 13597 1 240518168590 31850496 101 1
copy 13598 1 240518168590 31850496 102 1
copy 13599 1 240518168591 31850496 101 1
copy 13600 1 240518168591 31850496 102 1
copy 13601 1 240518168592 31850496 101 1
copy 13602 1 240518168592 31850496 102 1
copy 13603 1 240518168593 31850496 101 1
copy 13604 1 240518168593 31850496 102 1
copy 13605 1 240518168594 31850496 101 1
copy 13606 1 240518168594 31850496 102 1
copy 13607 1 240518168595 31850496 101 1
copy 13608 1 240518168595 31850496 102 1
copy 13609 1 240518168596 31850496 101 1
copy 13610 1 240518168596 31850496 102 1
copy 13611 1 240518168597 31850496 101 1
copy 13612 1 240518168597 31850496 102 1
copy 13613 1 240518168598 31850496 101 1
copy 13614 1 240518168598 31850496 102 1
copy 13615 1 240518168599 31850496 101 1
copy 13616 1 240518168599 31850496 102 1
copy 13617 1 240518168600 31850496 101 1
copy 13618 1 240518168600 31850496 102 1
copy 13619 1 240518168601 31850496 101 1
copy 13620 1 240518168601 31850496 102 1
copy 13621 1 240518168602 31850496 101 1
copy 13622 1 240518168602 31850496 102 1
copy 13623 1 240518168603 31850496 101 1
copy 13624 1 240518168603 31850496 102 1
copy 13625 1 240518168604 31850496 101 1
copy 13626 1 240518168604 31850496 102 1
copy 13627 1 240518168605 31850496 101 1
copy 13628 1 240518168605 31850496 102 1
copy 13629 1 240518168606 31850496 101 1
copy 13630 1 240518168606 31850496 102 1
copy 13631 1 240518168607 31850496 101 1
copy 13632 1 240518168607 31850496 102 1
copy 13633 1 240518168608 31850496 101 1
copy 13634 1 240518168608 31850496 102 1
copy 13635 1 240518168609 31850496 101 1
copy 13636 1 240518168609 31850496 102 1
copy 13637 1 240518168610 31850496 101 1
copy 13638 1 240518168610 31850496 102 1
copy 13639 1 240518168611 31850496 101 1
copy 13640 1 240518168611 31850496 102 1
copy 13641 1 240518168612 31850496 101 1
copy 13642 1 240518168612 31850496 102 1
copy 13643 1 240518168613 31850496 101 1
copy 13644 1 240518168613 31850496 102 1
copy 13645 1 240518168614 31850496 101 1
copy 13646 1 240518168614 31850496 102 1
copy 13647 1 240518168615 31850496 101 1
copy 13648 1 240518168615 31850496 102 1
copy 13649 1 240518168616 31850496 101 1
copy 13650 1 240518168616 31850496 102 1
copy 13651 1 240518168617 31850496 101 1
copy 13652 1 240518168617 31850496 102 1
copy 13653 1 240518168618 31850496 101 1
copy 13654 1 240518168618 31850496 102 1
copy 13655 1 240518168619 31850496 101 1
copy 13656 1 240518168619 31850496 102 1
copy 13657 1 240518168620 31850496 101 1
copy 13658 1 240518168620 31850496 102 1
copy 13659 1 240518168621 31850496 101 1
copy 13660 1 240518168621 31850496 102 1
copy 13661 1 240518168622 31850496 101 1
copy 13662 1 240518168622 31850496 102 1
copy 13663 1 240518168623 31850496 101 1
copy 13664 1 240518168623 31850496 102 1
copy 13665 1 240518168624 31850496 101 1
copy 13666 1 240518168624 31850496 102 1
copy 13667 1 240518168625 31850496 101 1
copy 13668 1 240518168625 31850496 102 1
copy 13669 1 240518168626 31850496 101 1
copy 13670 1 240518168626 31850496 102 1
copy 13671 1 240518168627 31850496 101 1
copy 13672 1 240518168627 31850496 102 1
copy 13673 1 240518168628 31850496 101 1
copy 13674 1 240518168628 31850496 102 1
copy 13675 1 240518168629 31850496 101 1
copy 13676 1 240518168629 31850496 102 1
copy 13677 1 240518168630 31850496 101 1
copy 13678 1 240518168630 31850496 102 1
copy 13679 1 240518168631 31850496 101 1
copy 13680 1 240518168631 31850496 102 1
copy 13681 1 240518168632 31850496 101 1
copy 13682 1 240518168632 31850496 102 1
copy 13683 1 240518168633 31850496 101 1
copy 13684 1 240518168633 31850496 102 1
copy 13685 1 240518168634 31850496 101 1
copy 13686 1 240518168634 31850496 102 1
copy 13687 1 240518168635 31850496 101 1
copy 13688 1 240518168635 31850496 102 1
copy 13689 1 240518168636 31850496 101 1
copy 13690 1 240518168636 31850496 102 1
copy 13691 1 240518168637 31850496 101 1
copy 13692 1 240518168637 31850496 102 1
copy 13693 1 240518168638 31850496 101 1
copy 13694 1 240518168638 31850496 102 1
copy 13695 1 240518168639 31850496 101 1
copy 13696 1 240518168639 31850496 102 1
copy 13697 1 240518168640 31850496 101 1
copy 13698 1 240518168640 31850496 102 1
copy 13699 1 240518168641 31850496 101 1
copy 13700 1 240518168641 31850496 102 1
copy 13701 1 240518168642 31850496 101 1
copy 13702 1 240518168642 31850496 102 1
copy 13703 1 240518168643 31850496 101 1
copy 13704 1 240518168643 31850496 102 1
copy 13705 1 240518168644 31850496 101 1
copy 13706 1 240518168644 31850496 102 1
copy 13707 1 240518168645 31850496 101 1
copy 13708 1 240518168645 31850496 102 1
copy 13709 1 240518168646 31850496 101 1
copy 13710 1 240518168646 31850496 102 1
copy 13711 1 240518168647 31850496 101 1
copy 13712 1 240518168647 31850496 102 1
copy 13713 1 240518168648 31850496 101 1
copy 13714 1 240518168648 31850496 102 1
copy 13715 1 240518168649 31850496 101 1
copy 13716 1 240518168649 31850496 102 1
copy 13717 1 240518168650 31850496 101 1
copy 13718 1 240518168650 31850496 102 1
copy 13719 1 240518168651 31850496 101 1
copy 13720 1 240518168651 31850496 102 1
copy 13721 1 240518168652 31850496 101 1
copy 13722 1 240518168652 31850496 102 1
copy 13723 1 240518168653 31850496 101 1
copy 13724 1 240518168653 31850496 102 1
copy 13725 1 240518168654 31850496 101 1
copy 13726 1 240518168654 31850496 102 1
copy 13727 1 240518168655 31850496 101 1
copy 13728 1 240518168655 31850496 102 1
copy 13729 1 240518168656 31850496 101 1
copy 13730 1 240518168656 31850496 102 1
copy 13731 1 240518168657 31850496 101 1
copy 13732 1 240518168657 31850496 102 1
copy 13733 1 240518168658 31850496 101 1
copy 13734 1 240518168658 31850496 102 1
copy 13735 1 240518168659 31850496 101 1
copy 13736 1 240518168659 31850496 102 1
copy 13737 1 240518168660 31850496 101 1
copy 13738 1 240518168660 31850496 102 1
copy 13739 1 240518168661 31850496 101 1
copy 13740 1 240518168661 31850496 102 1
copy 13741 1 240518168662 31850496 101 1
copy 13742 1 240518168662 31850496 102 1
copy 13743 1 240518168663 31850496 101 1
copy 13744 1 240518168663 31850496 102 1
copy 13745 1 240518168664 31850496 101 1
copy 13746 1 240518168664 31850496 102 1
copy 13747 1 240518168665 31850496 101 1
copy 13748 1 240518168665 31850496 102 1
copy 13749 1 240518168666 31850496 101 1
copy 13750 1 240518168666 31850496 102 1
copy 13751 1 240518168667 31850496 101 1
copy 13752 1 240518168667 31850496 102 1
copy 13753 1 240518168668 31850496 101 1
copy 13754 1 240518168668 31850496 102 1
copy 13755 1 240518168669 31850496 101 1
copy 13756 1 240518168669 31850496 102 1
copy 13757 1 240518168670 31850496 101 1
copy 13758 1 240518168670 31850496 102 1
copy 13759 1 240518168671 31850496 101 1
copy 13760 1 240518168671 31850496 102 1
copy 13761 1 240518168672 31850496 101 1
copy 13762 1 240518168672 31850496 102 1
copy 13763 1 240518168673 31850496 101 1
copy 13764 1 240518168673 31850496 102 1
copy 13765 1 240518168674 31850496 101 1
copy 13766 1 240518168674 31850496 102 1
copy 13767 1 240518168675 31850496 101 1
copy 13768 1 240518168675 31850496 102 1
copy 13769 1 240518168676 31850496 101 1
copy 13770 1 240518168676 31850496 102 1
copy 13771 1 240518168677 31850496 101 1
copy 13772 1 240518168677 31850496 102 1
copy 13773 1 240518168678 31850496 101 1
copy 13774 1 240518168678 31850496 102 1
copy 13775 1 240518168679 31850496 101 1
copy 13776 1 240518168679 31850496 102 1
copy 13777 1 240518168680 31850496 101 1
copy 13778 1 240518168680 31850496 102 1
copy 13779 1 240518168681 31850496 101 1
copy 13780 1 240518168681 31850496 102 1
copy 13781 1 240518168682 31850496 101 1
copy 13782 1 240518168682 31850496 102 1
copy 13783 1 240518168683 31850496 101 1
copy 13784 1 240518168683 31850496 102 1
copy 13785 1 240518168684 31850496 101 1
copy 13786 1 240518168684 31850496 102 1
copy 13787 1 240518168685 31850496 101 1
copy 13788 1 240518168685 31850496 102 1
copy 13789 1 240518168686 31850496 101 1
copy 13790 1 240518168686 31850496 102 1
copy 13791 1 240518168687 31850496 101 1
copy 13792 1 240518168687 31850496 102 1
copy 13793 1 240518168688 31850496 101 1
copy 13794 1 240518168688 31850496 102 1
copy 13795 1 240518168689 31850496 101 1
copy 13796 1 240518168689 31850496 102 1
copy 13797 1 240518168690 31850496 101 1
copy 13798 1 240518168690 31850496 102 1
copy 13799 1 240518168691 31850496 101 1
copy 13800 1 240518168691 31850496 102 1
copy 13801 1 240518168692 31850496 101 1
copy 13802 1 240518168692 31850496 102 1
copy 13803 1 240518168693 31850496 101 1
copy 13804 1 240518168693 31850496 102 1
copy 13805 1 240518168694 31850496 101 1
copy 13806 1 240518168694 31850496 102 1
copy 13807 1 240518168695 31850496 101 1
copy 13808 1 240518168695 31850496 102 1
copy 13809 1 240518168696 31850496 101 1
copy 13810 1 240518168696 31850496 102 1
copy 13811 1 240518168697 31850496 101 1
copy 13812 1 240518168697 31850496 102 1
copy 13813 1 240518168698 31850496 101 1
copy 13814 1 240518168698 31850496 102 1
copy 13815 1 240518168699 31850496 101 1
copy 13816 1 240518168699 31850496 102 1
copy 13817 1 240518168700 31850496 101 1
copy 13818 1 240518168700 31850496 102 1
copy 13819 1 240518168701 31850496 101 1
copy 13820 1 240518168701 31850496 102 1
copy 13821 1 240518168702 31850496 101 1
copy 13822 1 240518168702 31850496 102 1
copy 13823 1 240518168703 31850496 101 1
copy 13824 1 240518168703 31850496 102 1
copy 13825 1 244813135872 31850496 101 1
copy 13826 1 244813135872 31850496 102 1
copy 13827 1 244813135873 31850496 101 1
copy 13828 1 244813135873 31850496 102 1
copy 13829 1 244813135874 31850496 101 1
copy 13830 1 244813135874 31850496 102 1
copy 13831 1 244813135875 31850496 101 1
copy 13832 1 244813135875 31850496 102 1
copy 13833 1 244813135876 31850496 101 1
copy 13834 1 244813135876 31850496 102 1
copy 13835 1 244813135877 31850496 101 1
copy 13836 1 244813135877 31850496 102 1
copy 13837 1 244813135878 31850496 101 1
copy 13838 1 244813135878 31850496 102 1
copy 13839 1 244813135879 31850496 101 1
copy 13840 1 244813135879 31850496 102 1
copy 13841 1 244813135880 31850496 101 1
copy 13842 1 244813135880 31850496 102 1
copy 13843 1 244813135881 31850496 101 1
copy 13844 1 244813135881 31850496 102 1
copy 13845 1 244813135882 31850496 101 1
copy 13846 1 244813135882 31850496 102 1
copy 13847 1 244813135883 31850496 101 1
copy 13848 1 244813135883 31850496 102 1
copy 13849 1 244813135884 31850496 101 1
copy 13850 1 244813135884 31850496 102 1
copy 13851 1 244813135885 31850496 101 1
copy 13852 1 244813135885 31850496 102 1
copy 13853 1 244813135886 31850496 101 1
copy 13854 1 244813135886 31850496 102 1
copy 13855 1 244813135887 31850496 101 1
copy 13856 1 244813135887 31850496 102 1
copy 13857 1 244813135888 31850496 101 1
copy 13858 1 244813135888 31850496 102 1
copy 13859 1 244813135889 31850496 101 1
copy 13860 1 244813135889 31850496 102 1
copy 13861 1 244813135890 31850496 101 1
copy 13862 1 244813135890 31850496 102 1
copy 13863 1 244813135891 31850496 101 1
copy 13864 1 244813135891 31850496 102 1
copy 13865 1 244813135892 31850496 101 1
copy 13866 1 244813135892 31850496 102 1
copy 13867 1 244813135893 31850496 101 1
copy 13868 1 244813135893 31850496 102 1
copy 13869 1 244813135894 31850496 101 1
copy 13870 1 244813135894 31850496 102 1
copy 13871 1 244813135895 31850496 101 1
copy 13872 1 244813135895 31850496 102 1
copy 13873 1 244813135896 31850496 101 1
copy 13874 1 244813135896 31850496 102 1
copy 13875 1 244813135897 31850496 101 1
copy 13876 1 244813135897 31850496 102 1
copy 13877 1 244813135898 31850496 101 1
copy 13878 1 244813135898 31850496 102 1
copy 13879 1 244813135899 31850496 101 1
copy 13880 1 244813135899 31850496 102 1
copy 13881 1 244813135900 31850496 101 1
copy 13882 1 244813135900 31850496 102 1
copy 13883 1 244813135901 31850496 101 1
copy 13884 1 244813135901 31850496 102 1
copy 13885 1 244813135902 31850496 101 1
copy 13886 1 244813135902 31850496 102 1
copy 13887 1 244813135903 31850496 101 1
copy 13888 1 244813135903 31850496 102 1
copy 13889 1 244813135904 31850496 101 1
copy 13890 1 244813135904 31850496 102 1
copy 13891 1 244813135905 31850496 101 1
copy 13892 1 244813135905 31850496 102 1
copy 13893 1 244813135906 31850496 101 1
copy 13894 1 244813135906 31850496 102 1
copy 13895 1 244813135907 31850496 101 1
copy 13896 1 244813135907 31850496 102 1
copy 13897 1 244813135908 31850496 101 1
copy 13898 1 244813135908 31850496 102 1
copy 13899 1 244813135909 31850496 101 1
copy 13900 1 244813135909 31850496 102 1
copy 13901 1 244813135910 31850496 101 1
copy 13902 1 244813135910 31850496 102 1
copy 13903 1 244813135911 31850496 101 1
copy 13904 1 244813135911 31850496 102 1
copy 13905 1 244813135912 31850496 101 1
copy 13906 1 244813135912 31850496 102 1
copy 13907 1 244813135913 31850496 101 1
copy 13908 1 244813135913 31850496 102 1
copy 13909 1 244813135914 31850496 101 1
copy 13910 1 244813135914 31850496 102 1
copy 13911 1 244813135915 31850496 101 1
copy 13912 1 244813135915 31850496 102 1
copy 13913 1 244813135916 31850496 101 1
copy 13914 1 244813135916 31850496 102 1
copy 13915 1 244813135917 31850496 101 1
copy 13916 1 244813135917 31850496 102 1
copy 13917 1 244813135918 31850496 101 1
copy 13918 1 244813135918 31850496 102 1
copy 13919 1 244813135919 31850496 101 1
copy 13920 1 244813135919 31850496 102 1
copy 13921 1 244813135920 31850496 101 1
copy 13922 1 244813135920 31850496 102 1
copy 13923 1 244813135921 31850496 101 1
copy 13924 1 244813135921 31850496 102 1
copy 13925 1 244813135922 31850496 101 1
copy 13926 1 244813135922 31850496 102 1
copy 13927 1 244813135923 31850496 101 1
copy 13928 1 244813135923 31850496 102 1
copy 13929 1 244813135924 31850496 101 1
copy 13930 1 244813135924 31850496 102 1
copy 13931 1 244813135925 31850496 101 1
copy 13932 1 244813135925 31850496 102 1
copy 13933 1 244813135926 31850496 101 1
copy 13934 1 244813135926 31850496 102 1
copy 13935 1 244813135927 31850496 101 1
copy 13936 1 244813135927 31850496 102 1
copy 13937 1 244813135928 31850496 101 1
copy 13938 1 244813135928 31850496 102 1
copy 13939 1 244813135929 31850496 101 1
copy 13940 1 244813135929 31850496 102 1
copy 13941 1 244813135930 31850496 101 1
copy 13942 1 244813135930 31850496 102 1
copy 13943 1 244813135931 31850496 101 1
copy 13944 1 244813135931 31850496 102 1
copy 13945 1 244813135932 31850496 101 1
copy 13946 1 244813135932 31850496 102 1
copy 13947 1 244813135933 31850496 101 1
copy 13948 1 244813135933 31850496 102 1
copy 13949 1 244813135934 31850496 101 1
copy 13950 1 244813135934 31850496 102 1
copy 13951 1 244813135935 31850496 101 1
copy 13952 1 244813135935 31850496 102 1
copy 13953 1 244813135936 31850496 101 1
copy 13954 1 244813135936 31850496 102 1
copy 13955 1 244813135937 31850496 101 1
copy 13956 1 244813135937 31850496 102 1
copy 13957 1 244813135938 31850496 101 1
copy 13958 1 244813135938 31850496 102 1
copy 13959 1 244813135939 31850496 101 1
copy 13960 1 244813135939 31850496 102 1
copy 13961 1 244813135940 31850496 101 1
copy 13962 1 244813135940 31850496 102 1
copy 13963 1 244813135941 31850496 101 1
copy 13964 1 244813135941 31850496 102 1
copy 13965 1 244813135942 31850496 101 1
copy 13966 1 244813135942 31850496 102 1
copy 13967 1 244813135943 31850496 101 1
copy 13968 1 244813135943 31850496 102 1
copy 13969 1 244813135944 31850496 101 1
copy 13970 1 244813135944 31850496 102 1
copy 13971 1 244813135945 31850496 101 1
copy 13972 1 244813135945 31850496 102 1
copy 13973 1 244813135946 31850496 101 1
copy 13974 1 244813135946 31850496 102 1
copy 13975 1 244813135947 31850496 101 1
copy 13976 1 244813135947 31850496 102 1
copy 13977 1 244813135948 31850496 101 1
copy 13978 1 244813135948 31850496 102 1
copy 13979 1 244813135949 31850496 101 1
copy 13980 1 244813135949 31850496 102 1
copy 13981 1 244813135950 31850496 101 1
copy 13982 1 244813135950 31850496 102 1
copy 13983 1 244813135951 31850496 101 1
copy 13984 1 244813135951 31850496 102 1
copy 13985 1 244813135952 31850496 101 1
copy 13986 1 244813135952 31850496 102 1
copy 13987 1 244813135953 31850496 101 1
copy 13988 1 244813135953 31850496 102 1
copy 13989 1 244813135954 31850496 101 1
copy 13990 1 244813135954 31850496 102 1
copy 13991 1 244813135955 31850496 101 1
copy 13992 1 244813135955 31850496 102 1
copy 13993 1 244813135956 31850496 101 1
copy 13994 1 244813135956 31850496 102 1
copy 13995 1 244813135957 31850496 101 1
copy 13996 1 244813135957 31850496 102 1
copy 13997 1 244813135958 31850496 101 1
copy 13998 1 244813135958 31850496 102 1
copy 13999 1 244813135959 31850496 101 1
copy 14000 1 244813135959 31850496 102 1
copy 14001 1 244813135960 31850496 101 1
copy 14002 1 244813135960 31850496 102 1
copy 14003 1 244813135961 31850496 101 1
copy 14004 1 244813135961 31850496 102 1
copy 14005 1 244813135962 31850496 101 1
copy 14006 1 244813135962 31850496 102 1
copy 14007 1 244813135963 31850496 101 1
copy 14008 1 244813135963 31850496 102 1
copy 14009 1 244813135964 31850496 101 1
copy 14010 1 244813135964 31850496 102 1
copy 14011 1 244813135965 31850496 101 1
copy 14012 1 244813135965 31850496 102 1
copy 14013 1 244813135966 31850496 101 1
copy 14014 1 244813135966 31850496 102 1
copy 14015 1 244813135967 31850496 101 1
copy 14016 1 244813135967 31850496 102 1
copy 14017 1 244813135968 31850496 101 1
copy 14018 1 244813135968 31850496 102 1
copy 14019 1 244813135969 31850496 101 1
copy 14020 1 244813135969 31850496 102 1
copy 14021 1 244813135970 31850496 101 1
copy 14022 1 244813135970 31850496 102 1
copy 14023 1 244813135971 31850496 101 1
copy 14024 1 244813135971 31850496 102 1
copy 14025 1 244813135972 31850496 101 1
copy 14026 1 244813135972 31850496 102 1
copy 14027 1 244813135973 31850496 101 1
copy 14028 1 244813135973 31850496 102 1
copy 14029 1 244813135974 31850496 101 1
copy 14030 1 244813135974 31850496 102 1
copy 14031 1 244813135975 31850496 101 1
copy 14032 1 244813135975 31850496 102 1
copy 14033 1 244813135976 31850496 101 1
copy 14034 1 244813135976 31850496 102 1
copy 14035 1 244813135977 31850496 101 1
copy 14036 1 244813135977 31850496 102 1
copy 14037 1 244813135978 31850496 101 1
copy 14038 1 244813135978 31850496 102 1
copy 14039 1 244813135979 31850496 101 1
copy 14040 1 244813135979 31850496 102 1
copy 14041 1 244813135980 31850496 101 1
copy 14042 1 244813135980 31850496 102 1
copy 14043 1 244813135981 31850496 101 1
copy 14044 1 244813135981 31850496 102 1
copy 14045 1 244813135982 31850496 101 1
copy 14046 1 244813135982 31850496 102 1
copy 14047 1 244813135983 31850496 101 1
copy 14048 1 244813135983 31850496 102 1
copy 14049 1 244813135984 31850496 101 1
copy 14050 1 244813135984 31850496 102 1
copy 14051 1 244813135985 31850496 101 1
copy 14052 1 244813135985 31850496 102 1
copy 14053 1 244813135986 31850496 101 1
copy 14054 1 244813135986 31850496 102 1
copy 14055 1 244813135987 31850496 101 1
copy 14056 1 244813135987 31850496 102 1
copy 14057 1 244813135988 31850496 101 1
copy 14058 1 244813135988 31850496 102 1
copy 14059 1 244813135989 31850496 101 1
copy 14060 1 244813135989 31850496 102 1
copy 14061 1 244813135990 31850496 101 1
copy 14062 1 244813135990 31850496 102 1
copy 14063 1 244813135991 31850496 101 1
copy 14064 1 244813135991 31850496 102 1
copy 14065 1 244813135992 31850496 101 1
copy 14066 1 244813135992 31850496 102 1
copy 14067 1 244813135993 31850496 101 1
copy 14068 1 244813135993 31850496 102 1
copy 14069 1 244813135994 31850496 101 1
copy 14070 1 244813135994 31850496 102 1
copy 14071 1 244813135995 31850496 101 1
copy 14072 1 244813135995 31850496 102 1
copy 14073 1 244813135996 31850496 101 1
copy 14074 1 244813135996 31850496 102 1
copy 14075 1 244813135997 31850496 101 1
copy 14076 1 244813135997 31850496 102 1
copy 14077 1 244813135998 31850496 101 1
copy 14078 1 244813135998 31850496 102 1
copy 14079 1 244813135999 31850496 101 1
copy 14080 1 244813135999 31850496 102 1
copy 14081 1 249108103168 31850496 101 1
copy 14082 1 249108103168 31850496 102 1
copy 14083 1 249108103169 31850496 101 1
copy 14084 1 249108103169 31850496 102 1
copy 14085 1 249108103170 31850496 101 1
copy 14086 1 249108103170 31850496 102 1
copy 14087 1 249108103171 31850496 101 1
copy 14088 1 249108103171 31850496 102 1
copy 14089 1 249108103172 31850496 101 1
copy 14090 1 249108103172 31850496 102 1
copy 14091 1 249108103173 31850496 101 1
copy 14092 1 249108103173 31850496 102 1
copy 14093 1 249108103174 31850496 101 1
copy 14094 1 249108103174 31850496 102 1
copy 14095 1 249108103175 31850496 101 1
copy 14096 1 249108103175 31850496 102 1
copy 14097 1 249108103176 31850496 101 1
copy 14098 1 249108103176 31850496 102 1
copy 14099 1 249108103177 31850496 101 1
copy 14100 1 249108103177 31850496 102 1
copy 14101 1 249108103178 31850496 101 1
copy 14102 1 249108103178 31850496 102 1
copy 14103 1 249108103179 31850496 101 1
copy 14104 1 249108103179 31850496 102 1
copy 14105 1 249108103180 31850496 101 1
copy 14106 1 249108103180 31850496 102 1
copy 14107 1 249108103181 31850496 101 1
copy 14108 1 249108103181 31850496 102 1
copy 14109 1 249108103182 31850496 101 1
copy 14110 1 249108103182 31850496 102 1
copy 14111 1 249108103183 31850496 101 1
copy 14112 1 249108103183 31850496 102 1
copy 14113 1 249108103184 31850496 101 1
copy 14114 1 249108103184 31850496 102 1
copy 14115 1 249108103185 31850496 101 1
copy 14116 1 249108103185 31850496 102 1
copy 14117 1 249108103186 31850496 101 1
copy 14118 1 249108103186 31850496 102 1
copy 14119 1 249108103187 31850496 101 1
copy 14120 1 249108103187 31850496 102 1
copy 14121 1 249108103188 31850496 101 1
copy 14122 1 249108103188 31850496 102 1
copy 14123 1 249108103189 31850496 101 1
copy 14124 1 249108103189 31850496 102 1
copy 14125 1 249108103190 31850496 101 1
copy 14126 1 249108103190 31850496 102 1
copy 14127 1 249108103191 31850496 101 1
copy 14128 1 249108103191 31850496 102 1
copy 14129 1 249108103192 31850496 101 1
copy 14130 1 249108103192 31850496 102 1
copy 14131 1 249108103193 31850496 101 1
copy 14132 1 249108103193 31850496 102 1
copy 14133 1 249108103194 31850496 101 1
copy 14134 1 249108103194 31850496 102 1
copy 14135 1 249108103195 31850496 101 1
copy 14136 1 249108103195 31850496 102 1
copy 14137 1 249108103196 31850496 101 1
copy 14138 1 249108103196 31850496 102 1
copy 14139 1 249108103197 31850496 101 1
copy 14140 1 249108103197 31850496 102 1
copy 14141 1 249108103198 31850496 101 1
copy 14142 1 249108103198 31850496 102 1
copy 14143 1 249108103199 31850496 101 1
copy 14144 1 249108103199 31850496 102 1
copy 14145 1 249108103200 31850496 101 1
copy 14146 1 249108103200 31850496 102 1
copy 14147 1 249108103201 31850496 101 1
copy 14148 1 249108103201 31850496 102 1
copy 14149 1 249108103202 31850496 101 1
copy 14150 1 249108103202 31850496 102 1
copy 14151 1 249108103203 31850496 101 1
copy 14152 1 249108103203 31850496 102 1
copy 14153 1 249108103204 31850496 101 1
copy 14154 1 249108103204 31850496 102 1
copy 14155 1 249108103205 31850496 101 1
copy 14156 1 249108103205 31850496 102 1
copy 14157 1 249108103206 31850496 101 1
copy 14158 1 249108103206 31850496 102 1
copy 14159 1 249108103207 31850496 101 1
copy 14160 1 249108103207 31850496 102 1
copy 14161 1 249108103208 31850496 101 1
copy 14162 1 249108103208 31850496 102 1
copy 14163 1 249108103209 31850496 101 1
copy 14164 1 249108103209 31850496 102 1
copy 14165 1 249108103210 31850496 101 1
copy 14166 1 249108103210 31850496 102 1
copy 14167 1 249108103211 31850496 101 1
copy 14168 1 249108103211 31850496 102 1
copy 14169 1 249108103212 31850496 101 1
copy 14170 1 249108103212 31850496 102 1
copy 14171 1 249108103213 31850496 101 1
copy 14172 1 249108103213 31850496 102 1
copy 14173 1 249108103214 31850496 101 1
copy 14174 1 249108103214 31850496 102 1
copy 14175 1 249108103215 31850496 101 1
copy 14176 1 249108103215 31850496 102 1
copy 14177 1 249108103216 31850496 101 1
copy 14178 1 249108103216 31850496 102 1
copy 14179 1 249108103217 31850496 101 1
copy 14180 1 249108103217 31850496 102 1
copy 14181 1 249108103218 31850496 101 1
copy 14182 1 249108103218 31850496 102 1
copy 14183 1 249108103219 31850496 101 1
copy 14184 1 249108103219 31850496 102 1
copy 14185 1 249108103220 31850496 101 1
copy 14186 1 249108103220 31850496 102 1
copy 14187 1 249108103221 31850496 101 1
copy 14188 1 249108103221 31850496 102 1
copy 14189 1 249108103222 31850496 101 1
copy 14190 1 249108103222 31850496 102 1
copy 14191 1 249108103223 31850496 101 1
copy 14192 1 249108103223 31850496 102 1
copy 14193 1 249108103224 31850496 101 1
copy 14194 1 249108103224 31850496 102 1
copy 14195 1 249108103225 31850496 101 1
copy 14196 1 249108103225 31850496 102 1
copy 14197 1 249108103226 31850496 101 1
copy 14198 1 249108103226 31850496 102 1
copy 14199 1 249108103227 31850496 101 1
copy 14200 1 249108103227 31850496 102 1
copy 14201 1 249108103228 31850496 101 1
copy 14202 1 249108103228 31850496 102 1
copy 14203 1 249108103229 31850496 101 1
copy 14204 1 249108103229 31850496 102 1
copy 14205 1 249108103230 31850496 101 1
copy 14206 1 249108103230 31850496 102 1
copy 14207 1 249108103231 31850496 101 1
copy 14208 1 249108103231 31850496 102 1
copy 14209 1 249108103232 31850496 101 1
copy 14210 1 249108103232 31850496 102 1
copy 14211 1 249108103233 31850496 101 1
copy 14212 1 249108103233 31850496 102 1
copy 14213 1 249108103234 31850496 101 1
copy 14214 1 249108103234 31850496 102 1
copy 14215 1 249108103235 31850496 101 1
copy 14216 1 249108103235 31850496 102 1
copy 14217 1 249108103236 31850496 101 1
copy 14218 1 249108103236 31850496 102 1
copy 14219 1 249108103237 31850496 101 1
copy 14220 1 249108103237 31850496 102 1
copy 14221 1 249108103238 31850496 101 1
copy 14222 1 249108103238 31850496 102 1
copy 14223 1 249108103239 31850496 101 1
copy 14224 1 249108103239 31850496 102 1
copy 14225 1 249108103240 31850496 101 1
copy 14226 1 249108103240 31850496 102 1
copy 14227 1 249108103241 31850496 101 1
copy 14228 1 249108103241 31850496 102 1
copy 14229 1 249108103242 31850496 101 1
copy 14230 1 249108103242 31850496 102 1
copy 14231 1 249108103243 31850496 101 1
copy 14232 1 249108103243 31850496 102 1
copy 14233 1 249108103244 31850496 101 1
copy 14234 1 249108103244 31850496 102 1
copy 14235 1 249108103245 31850496 101 1
copy 14236 1 249108103245 31850496 102 1
copy 14237 1 249108103246 31850496 101 1
copy 14238 1 249108103246 31850496 102 1
copy 14239 1 249108103247 31850496 101 1
copy 14240 1 249108103247 31850496 102 1
copy 14241 1 249108103248 31850496 101 1
copy 14242 1 249108103248 31850496 102 1
copy 14243 1 249108103249 31850496 101 1
copy 14244 1 249108103249 31850496 102 1
copy 14245 1 249108103250 31850496 101 1
copy 14246 1 249108103250 31850496 102 1
copy 14247 1 249108103251 31850496 101 1
copy 14248 1 249108103251 31850496 102 1
copy 14249 1 249108103252 31850496 101 1
copy 14250 1 249108103252 31850496 102 1
copy 14251 1 249108103253 31850496 101 1
copy 14252 1 249108103253 31850496 102 1
copy 14253 1 249108103254 31850496 101 1
copy 14254 1 249108103254 31850496 102 1
copy 14255 1 249108103255 31850496 101 1
copy 14256 1 249108103255 31850496 102 1
copy 14257 1 249108103256 31850496 101 1
copy 14258 1 249108103256 31850496 102 1
copy 14259 1 249108103257 31850496 101 1
copy 14260 1 249108103257 31850496 102 1
copy 14261 1 249108103258 31850496 101 1
copy 14262 1 249108103258 31850496 102 1
copy 14263 1 249108103259 31850496 101 1
copy 14264 1 249108103259 31850496 102 1
copy 14265 1 249108103260 31850496 101 1
copy 14266 1 249108103260 31850496 102 1
copy 14267 1 249108103261 31850496 101 1
copy 14268 1 249108103261 31850496 102 1
copy 14269 1 249108103262 31850496 101 1
copy 14270 1 249108103262 31850496 102 1
copy 14271 1 249108103263 31850496 101 1
copy 14272 1 249108103263 31850496 102 1
copy 14273 1 249108103264 31850496 101 1
copy 14274 1 249108103264 31850496 102 1
copy 14275 1 249108103265 31850496 101 1
copy 14276 1 249108103265 31850496 102 1
copy 14277 1 249108103266 31850496 101 1
copy 14278 1 249108103266 31850496 102 1
copy 14279 1 249108103267 31850496 101 1
copy 14280 1 249108103267 31850496 102 1
copy 14281 1 249108103268 31850496 101 1
copy 14282 1 249108103268 31850496 102 1
copy 14283 1 249108103269 31850496 101 1
copy 14284 1 249108103269 31850496 102 1
copy 14285 1 249108103270 31850496 101 1
copy 14286 1 249108103270 31850496 102 1
copy 14287 1 249108103271 31850496 101 1
copy 14288 1 249108103271 31850496 102 1
copy 14289 1 249108103272 31850496 101 1
copy 14290 1 249108103272 31850496 102 1
copy 14291 1 249108103273 31850496 101 1
copy 14292 1 249108103273 31850496 102 1
copy 14293 1 249108103274 31850496 101 1
copy 14294 1 249108103274 31850496 102 1
copy 14295 1 249108103275 31850496 101 1
copy 14296 1 249108103275 31850496 102 1
copy 14297 1 249108103276 31850496 101 1
copy 14298 1 249108103276 31850496 102 1
copy 14299 1 249108103277 31850496 101 1
copy 14300 1 249108103277 31850496 102 1
copy 14301 1 249108103278 31850496 101 1
copy 14302 1 249108103278 31850496 102 1
copy 14303 1 249108103279 31850496 101 1
copy 14304 1 249108103279 31850496 102 1
copy 14305 1 249108103280 31850496 101 1
copy 14306 1 249108103280 31850496 102 1
copy 14307 1 249108103281 31850496 101 1
copy 14308 1 249108103281 31850496 102 1
copy 14309 1 249108103282 31850496 101 1
copy 14310 1 249108103282 31850496 102 1
copy 14311 1 249108103283 31850496 101 1
copy 14312 1 249108103283 31850496 102 1
copy 14313 1 249108103284 31850496 101 1
copy 14314 1 249108103284 31850496 102 1
copy 14315 1 249108103285 31850496 101 1
copy 14316 1 249108103285 31850496 102 1
copy 14317 1 249108103286 31850496 101 1
copy 14318 1 249108103286 31850496 102 1
copy 14319 1 249108103287 31850496 101 1
copy 14320 1 249108103287 31850496 102 1
copy 14321 1 249108103288 31850496 101 1
copy 14322 1 249108103288 31850496 102 1
copy 14323 1 249108103289 31850496 101 1
copy 14324 1 249108103289 31850496 102 1
copy 14325 1 249108103290 31850496 101 1
copy 14326 1 249108103290 31850496 102 1
copy 14327 1 249108103291 31850496 101 1
copy 14328 1 249108103291 31850496 102 1
copy 14329 1 249108103292 31850496 101 1
copy 14330 1 249108103292 31850496 102 1
copy 14331 1 249108103293 31850496 101 1
copy 14332 1 249108103293 31850496 102 1
copy 14333 1 249108103294 31850496 101 1
copy 14334 1 249108103294 31850496 102 1
copy 14335 1 249108103295 31850496 101 1
copy 14336 1 249108103295 31850496 102 1
copy 14337 1 253403070464 31850496 101 1
copy 14338 1 253403070464 31850496 102 1
copy 14339 1 253403070465 31850496 101 1
copy 14340 1 253403070465 31850496 102 1
copy 14341 1 253403070466 31850496 101 1
copy 14342 1 253403070466 31850496 102 1
copy 14343 1 253403070467 31850496 101 1
copy 14344 1 253403070467 31850496 102 1
copy 14345 1 253403070468 31850496 101 1
copy 14346 1 253403070468 31850496 102 1
copy 14347 1 253403070469 31850496 101 1
copy 14348 1 253403070469 31850496 102 1
copy 14349 1 253403070470 31850496 101 1
copy 14350 1 253403070470 31850496 102 1
copy 14351 1 253403070471 31850496 101 1
copy 14352 1 253403070471 31850496 102 1
copy 14353 1 253403070472 31850496 101 1
copy 14354 1 253403070472 31850496 102 1
copy 14355 1 253403070473 31850496 101 1
copy 14356 1 253403070473 31850496 102 1
copy 14357 1 253403070474 31850496 101 1
copy 14358 1 253403070474 31850496 102 1
copy 14359 1 253403070475 31850496 101 1
copy 14360 1 253403070475 31850496 102 1
copy 14361 1 253403070476 31850496 101 1
copy 14362 1 253403070476 31850496 102 1
copy 14363 1 253403070477 31850496 101 1
copy 14364 1 253403070477 31850496 102 1
copy 14365 1 253403070478 31850496 101 1
copy 14366 1 253403070478 31850496 102 1
copy 14367 1 253403070479 31850496 101 1
copy 14368 1 253403070479 31850496 102 1
copy 14369 1 253403070480 31850496 101 1
copy 14370 1 253403070480 31850496 102 1
copy 14371 1 253403070481 31850496 101 1
copy 14372 1 253403070481 31850496 102 1
copy 14373 1 253403070482 31850496 101 1
copy 14374 1 253403070482 31850496 102 1
copy 14375 1 253403070483 31850496 101 1
copy 14376 1 253403070483 31850496 102 1
copy 14377 1 253403070484 31850496 101 1
copy 14378 1 253403070484 31850496 102 1
copy 14379 1 253403070485 31850496 101 1
copy 14380 1 253403070485 31850496 102 1
copy 14381 1 253403070486 31850496 101 1
copy 14382 1 253403070486 31850496 102 1
copy 14383 1 253403070487 31850496 101 1
copy 14384 1 253403070487 31850496 102 1
copy 14385 1 253403070488 31850496 101 1
copy 14386 1 253403070488 31850496 102 1
copy 14387 1 253403070489 31850496 101 1
copy 14388 1 253403070489 31850496 102 1
copy 14389 1 253403070490 31850496 101 1
copy 14390 1 253403070490 31850496 102 1
copy 14391 1 253403070491 31850496 101 1
copy 14392 1 253403070491 31850496 102 1
copy 14393 1 253403070492 31850496 101 1
copy 14394 1 253403070492 31850496 102 1
copy 14395 1 253403070493 31850496 101 1
copy 14396 1 253403070493 31850496 102 1
copy 14397 1 253403070494 31850496 101 1
copy 14398 1 253403070494 31850496 102 1
copy 14399 1 253403070495 31850496 101 1
copy 14400 1 253403070495 31850496 102 1
copy 14401 1 253403070496 31850496 101 1
copy 14402 1 253403070496 31850496 102 1
copy 14403 1 253403070497 31850496 101 1
copy 14404 1 253403070497 31850496 102 1
copy 14405 1 253403070498 31850496 101 1
copy 14406 1 253403070498 31850496 102 1
copy 14407 1 253403070499 31850496 101 1
copy 14408 1 253403070499 31850496 102 1
copy 14409 1 253403070500 31850496 101 1
copy 14410 1 253403070500 31850496 102 1
copy 14411 1 253403070501 31850496 101 1
copy 14412 1 253403070501 31850496 102 1
copy 14413 1 253403070502 31850496 101 1
copy 14414 1 253403070502 31850496 102 1
copy 14415 1 253403070503 31850496 101 1
copy 14416 1 253403070503 31850496 102 1
copy 14417 1 253403070504 31850496 101 1
copy 14418 1 253403070504 31850496 102 1
copy 14419 1 253403070505 31850496 101 1
copy 14420 1 253403070505 31850496 102 1
copy 14421 1 253403070506 31850496 101 1
copy 14422 1 253403070506 31850496 102 1
copy 14423 1 253403070507 31850496 101 1
copy 14424 1 253403070507 31850496 102 1
copy 14425 1 253403070508 31850496 101 1
copy 14426 1 253403070508 31850496 102 1
copy 14427 1 253403070509 31850496 101 1
copy 14428 1 253403070509 31850496 102 1
copy 14429 1 253403070510 31850496 101 1
copy 14430 1 253403070510 31850496 102 1
copy 14431 1 253403070511 31850496 101 1
copy 14432 1 253403070511 31850496 102 1
copy 14433 1 253403070512 31850496 101 1
copy 14434 1 253403070512 31850496 102 1
copy 14435 1 253403070513 31850496 101 1
copy 14436 1 253403070513 31850496 102 1
copy 14437 1 253403070514 31850496 101 1
copy 14438 1 253403070514 31850496 102 1
copy 14439 1 253403070515 31850496 101 1
copy 14440 1 253403070515 31850496 102 1
copy 14441 1 253403070516 31850496 101 1
copy 14442 1 253403070516 31850496 102 1
copy 14443 1 253403070517 31850496 101 1
copy 14444 1 253403070517 31850496 102 1
copy 14445 1 253403070518 31850496 101 1
copy 14446 1 253403070518 31850496 102 1
copy 14447 1 253403070519 31850496 101 1
copy 14448 1 253403070519 31850496 102 1
copy 14449 1 253403070520 31850496 101 1
copy 14450 1 253403070520 31850496 102 1
copy 14451 1 253403070521 31850496 101 1
copy 14452 1 253403070521 31850496 102 1
copy 14453 1 253403070522 31850496 101 1
copy 14454 1 253403070522 31850496 102 1
copy 14455 1 253403070523 31850496 101 1
copy 14456 1 253403070523 31850496 102 1
copy 14457 1 253403070524 31850496 101 1
copy 14458 1 253403070524 31850496 102 1
copy 14459 1 253403070525 31850496 101 1
copy 14460 1 253403070525 31850496 102 1
copy 14461 1 253403070526 31850496 101 1
copy 14462 1 253403070526 31850496 102 1
copy 14463 1 253403070527 31850496 101 1
copy 14464 1 253403070527 31850496 102 1
copy 14465 1 253403070528 31850496 101 1
copy 14466 1 253403070528 31850496 102 1
copy 14467 1 253403070529 31850496 101 1
copy 14468 1 253403070529 31850496 102 1
copy 14469 1 253403070530 31850496 101 1
copy 14470 1 253403070530 31850496 102 1
copy 14471 1 253403070531 31850496 101 1
copy 14472 1 253403070531 31850496 102 1
copy 14473 1 253403070532 31850496 101 1
copy 14474 1 253403070532 31850496 102 1
copy 14475 1 253403070533 31850496 101 1
copy 14476 1 253403070533 31850496 102 1
copy 14477 1 253403070534 31850496 101 1
copy 14478 1 253403070534 31850496 102 1
copy 14479 1 253403070535 31850496 101 1
copy 14480 1 253403070535 31850496 102 1
copy 14481 1 253403070536 31850496 101 1
copy 14482 1 253403070536 31850496 102 1
copy 14483 1 253403070537 31850496 101 1
copy 14484 1 253403070537 31850496 102 1
copy 14485 1 253403070538 31850496 101 1
copy 14486 1 253403070538 31850496 102 1
copy 14487 1 253403070539 31850496 101 1
copy 14488 1 253403070539 31850496 102 1
copy 14489 1 253403070540 31850496 101 1
copy 14490 1 253403070540 31850496 102 1
copy 14491 1 253403070541 31850496 101 1
copy 14492 1 253403070541 31850496 102 1
copy 14493 1 253403070542 31850496 101 1
copy 14494 1 253403070542 31850496 102 1
copy 14495 1 253403070543 31850496 101 1
copy 14496 1 253403070543 31850496 102 1
copy 14497 1 253403070544 31850496 101 1
copy 14498 1 253403070544 31850496 102 1
copy 14499 1 253403070545 31850496 101 1
copy 14500 1 253403070545 31850496 102 1
copy 14501 1 253403070546 31850496 101 1
copy 14502 1 253403070546 31850496 102 1
copy 14503 1 253403070547 31850496 101 1
copy 14504 1 253403070547 31850496 102 1
copy 14505 1 253403070548 31850496 101 1
copy 14506 1 253403070548 31850496 102 1
copy 14507 1 253403070549 31850496 101 1
copy 14508 1 253403070549 31850496 102 1
copy 14509 1 253403070550 31850496 101 1
copy 14510 1 253403070550 31850496 102 1
copy 14511 1 253403070551 31850496 101 1
copy 14512 1 253403070551 31850496 102 1
copy 14513 1 253403070552 31850496 101 1
copy 14514 1 253403070552 31850496 102 1
copy 14515 1 253403070553 31850496 101 1
copy 14516 1 253403070553 31850496 102 1
copy 14517 1 253403070554 31850496 101 1
copy 14518 1 253403070554 31850496 102 1
copy 14519 1 253403070555 31850496 101 1
copy 14520 1 253403070555 31850496 102 1
copy 14521 1 253403070556 31850496 101 1
copy 14522 1 253403070556 31850496 102 1
copy 14523 1 253403070557 31850496 101 1
copy 14524 1 253403070557 31850496 102 1
copy 14525 1 253403070558 31850496 101 1
copy 14526 1 253403070558 31850496 102 1
copy 14527 1 253403070559 31850496 101 1
copy 14528 1 253403070559 31850496 102 1
copy 14529 1 253403070560 31850496 101 1
copy 14530 1 253403070560 31850496 102 1
copy 14531 1 253403070561 31850496 101 1
copy 14532 1 253403070561 31850496 102 1
copy 14533 1 253403070562 31850496 101 1
copy 14534 1 253403070562 31850496 102 1
copy 14535 1 253403070563 31850496 101 1
copy 14536 1 253403070563 31850496 102 1
copy 14537 1 253403070564 31850496 101 1
copy 14538 1 253403070564 31850496 102 1
copy 14539 1 253403070565 31850496 101 1
copy 14540 1 253403070565 31850496 102 1
copy 14541 1 253403070566 31850496 101 1
copy 14542 1 253403070566 31850496 102 1
copy 14543 1 253403070567 31850496 101 1
copy 14544 1 253403070567 31850496 102 1
copy 14545 1 253403070568 31850496 101 1
copy 14546 1 253403070568 31850496 102 1
copy 14547 1 253403070569 31850496 101 1
copy 14548 1 253403070569 31850496 102 1
copy 14549 1 253403070570 31850496 101 1
copy 14550 1 253403070570 31850496 102 1
copy 14551 1 253403070571 31850496 101 1
copy 14552 1 253403070571 31850496 102 1
copy 14553 1 253403070572 31850496 101 1
copy 14554 1 253403070572 31850496 102 1
copy 14555 1 253403070573 31850496 101 1
copy 14556 1 253403070573 31850496 102 1
copy 14557 1 253403070574 31850496 101 1
copy 14558 1 253403070574 31850496 102 1
copy 14559 1 253403070575 31850496 101 1
copy 14560 1 253403070575 31850496 102 1
copy 14561 1 253403070576 31850496 101 1
copy 14562 1 253403070576 31850496 102 1
copy 14563 1 253403070577 31850496 101 1
copy 14564 1 253403070577 31850496 102 1
copy 14565 1 253403070578 31850496 101 1
copy 14566 1 253403070578 31850496 102 1
copy 14567 1 253403070579 31850496 101 1
copy 14568 1 253403070579 31850496 102 1
copy 14569 1 253403070580 31850496 101 1
copy 14570 1 253403070580 31850496 102 1
copy 14571 1 253403070581 31850496 101 1
copy 14572 1 253403070581 31850496 102 1
copy 14573 1 253403070582 31850496 101 1
copy 14574 1 253403070582 31850496 102 1
copy 14575 1 253403070583 31850496 101 1
copy 14576 1 253403070583 31850496 102 1
copy 14577 1 253403070584 31850496 101 1
copy 14578 1 253403070584 31850496 102 1
copy 14579 1 253403070585 31850496 101 1
copy 14580 1 253403070585 31850496 102 1
copy 14581 1 253403070586 31850496 101 1
copy 14582 1 253403070586 31850496 102 1
copy 14583 1 253403070587 31850496 101 1
copy 14584 1 253403070587 31850496 102 1
copy 14585 1 253403070588 31850496 101 1
copy 14586 1 253403070588 31850496 102 1
copy 14587 1 253403070589 31850496 101 1
copy 14588 1 253403070589 31850496 102 1
copy 14589 1 253403070590 31850496 101 1
copy 14590 1 253403070590 31850496 102 1
copy 14591 1 253403070591 31850496 101 1
copy 14592 1 253403070591 31850496 102 1
# experts=7296 copies=14592 reviewed-profile-rows
