# M3 full-model route/read configuration
# topology_hash = 20260908
# manifest_sha256 = 49d2072b4447ec7bb2115aa13cc7ae6318cd7cf92d0f75bc45e7a5fe5ab306ef
# capture_schema = m3-shadow-calibration-v2
# calibrator_tool = m3_shadow_calibrate/2
# calibrator_source_sha256 = 2715947ad079db13f508ea71a2d599ece2a99538551d8de656c2999665ebcfc2
# quantiles = nearest-rank-ceil/request-completions
# cache_condition = cold
# io_mode = direct
# range_reuse = True
# configuration_status = shadow_only
# host_memory_method = host_memcpy
# physical_traffic_note: direct/unbuffered reads; OS page cache bypass requested; range reuse enabled
# limitations = cache/direct-I/O and host-memory evidence remain qualified
# profiles are measured capture rows; missing paths remain UNKNOWN
resource 101 0 201 1 31850496
resource 201 1 901 1 31850496
resource 901 2 0 1 31850496
resource 102 0 202 1 31850496
resource 202 1 901 1 31850496
profile 101 3 0 2965429864 0 4303700 16 950000
profile 101 3 1 3469458457 0 11043000 16 950000
profile 101 3 2 4468880867 0 5343200 16 950000
profile 101 3 3 5245103233 0 14487400 16 950000
profile 102 3 0 2363971410 0 11324600 16 950000
profile 102 3 1 2737143446 0 2526400 16 950000
profile 102 3 2 2992912123 0 3015900 16 950000
profile 102 3 3 3108574774 0 12953100 16 950000
profile 201 3 0 3108517889 0 7064500 16 950000
profile 201 3 1 3381120794 0 13149000 16 950000
profile 201 3 2 4513239598 0 5889500 16 950000
profile 201 3 3 5191298150 0 15104000 16 950000
profile 202 3 0 2364287273 0 11434200 16 950000
profile 202 3 1 2776573926 0 1179500 16 950000
profile 202 3 2 3013135172 0 4844800 16 950000
profile 202 3 3 3105294005 0 12736200 16 950000
profile 901 3 0 2621181117 0 3962700 16 950000
profile 901 3 1 2986219631 0 8908900 16 950000
profile 901 3 2 3155830553 0 18899000 16 950000
profile 901 3 3 3047013235 0 74652600 16 950000
profile 901 3 4 3909672145 0 18184900 16 950000
memory_dom 500 0 8136256906 2
profile 500 3 0 8136256906 0 2336800 16 950000
cpu_island 400 500 6 10 1
copy 1 3 12884901888 31850496 101 1
copy 2 3 12884901888 31850496 102 1
copy 3 3 12884901889 31850496 101 1
copy 4 3 12884901889 31850496 102 1
copy 5 3 12884901890 31850496 101 1
copy 6 3 12884901890 31850496 102 1
copy 7 3 12884901891 31850496 101 1
copy 8 3 12884901891 31850496 102 1
copy 9 3 12884901892 31850496 101 1
copy 10 3 12884901892 31850496 102 1
copy 11 3 12884901893 31850496 101 1
copy 12 3 12884901893 31850496 102 1
copy 13 3 12884901894 31850496 101 1
copy 14 3 12884901894 31850496 102 1
copy 15 3 12884901895 31850496 101 1
copy 16 3 12884901895 31850496 102 1
copy 17 3 12884901896 31850496 101 1
copy 18 3 12884901896 31850496 102 1
copy 19 3 12884901897 31850496 101 1
copy 20 3 12884901897 31850496 102 1
copy 21 3 12884901898 31850496 101 1
copy 22 3 12884901898 31850496 102 1
copy 23 3 12884901899 31850496 101 1
copy 24 3 12884901899 31850496 102 1
copy 25 3 12884901900 31850496 101 1
copy 26 3 12884901900 31850496 102 1
copy 27 3 12884901901 31850496 101 1
copy 28 3 12884901901 31850496 102 1
copy 29 3 12884901902 31850496 101 1
copy 30 3 12884901902 31850496 102 1
copy 31 3 12884901903 31850496 101 1
copy 32 3 12884901903 31850496 102 1
copy 33 3 12884901904 31850496 101 1
copy 34 3 12884901904 31850496 102 1
copy 35 3 12884901905 31850496 101 1
copy 36 3 12884901905 31850496 102 1
copy 37 3 12884901906 31850496 101 1
copy 38 3 12884901906 31850496 102 1
copy 39 3 12884901907 31850496 101 1
copy 40 3 12884901907 31850496 102 1
copy 41 3 12884901908 31850496 101 1
copy 42 3 12884901908 31850496 102 1
copy 43 3 12884901909 31850496 101 1
copy 44 3 12884901909 31850496 102 1
copy 45 3 12884901910 31850496 101 1
copy 46 3 12884901910 31850496 102 1
copy 47 3 12884901911 31850496 101 1
copy 48 3 12884901911 31850496 102 1
copy 49 3 12884901912 31850496 101 1
copy 50 3 12884901912 31850496 102 1
copy 51 3 12884901913 31850496 101 1
copy 52 3 12884901913 31850496 102 1
copy 53 3 12884901914 31850496 101 1
copy 54 3 12884901914 31850496 102 1
copy 55 3 12884901915 31850496 101 1
copy 56 3 12884901915 31850496 102 1
copy 57 3 12884901916 31850496 101 1
copy 58 3 12884901916 31850496 102 1
copy 59 3 12884901917 31850496 101 1
copy 60 3 12884901917 31850496 102 1
copy 61 3 12884901918 31850496 101 1
copy 62 3 12884901918 31850496 102 1
copy 63 3 12884901919 31850496 101 1
copy 64 3 12884901919 31850496 102 1
copy 65 3 12884901920 31850496 101 1
copy 66 3 12884901920 31850496 102 1
copy 67 3 12884901921 31850496 101 1
copy 68 3 12884901921 31850496 102 1
copy 69 3 12884901922 31850496 101 1
copy 70 3 12884901922 31850496 102 1
copy 71 3 12884901923 31850496 101 1
copy 72 3 12884901923 31850496 102 1
copy 73 3 12884901924 31850496 101 1
copy 74 3 12884901924 31850496 102 1
copy 75 3 12884901925 31850496 101 1
copy 76 3 12884901925 31850496 102 1
copy 77 3 12884901926 31850496 101 1
copy 78 3 12884901926 31850496 102 1
copy 79 3 12884901927 31850496 101 1
copy 80 3 12884901927 31850496 102 1
copy 81 3 12884901928 31850496 101 1
copy 82 3 12884901928 31850496 102 1
copy 83 3 12884901929 31850496 101 1
copy 84 3 12884901929 31850496 102 1
copy 85 3 12884901930 31850496 101 1
copy 86 3 12884901930 31850496 102 1
copy 87 3 12884901931 31850496 101 1
copy 88 3 12884901931 31850496 102 1
copy 89 3 12884901932 31850496 101 1
copy 90 3 12884901932 31850496 102 1
copy 91 3 12884901933 31850496 101 1
copy 92 3 12884901933 31850496 102 1
copy 93 3 12884901934 31850496 101 1
copy 94 3 12884901934 31850496 102 1
copy 95 3 12884901935 31850496 101 1
copy 96 3 12884901935 31850496 102 1
copy 97 3 12884901936 31850496 101 1
copy 98 3 12884901936 31850496 102 1
copy 99 3 12884901937 31850496 101 1
copy 100 3 12884901937 31850496 102 1
copy 101 3 12884901938 31850496 101 1
copy 102 3 12884901938 31850496 102 1
copy 103 3 12884901939 31850496 101 1
copy 104 3 12884901939 31850496 102 1
copy 105 3 12884901940 31850496 101 1
copy 106 3 12884901940 31850496 102 1
copy 107 3 12884901941 31850496 101 1
copy 108 3 12884901941 31850496 102 1
copy 109 3 12884901942 31850496 101 1
copy 110 3 12884901942 31850496 102 1
copy 111 3 12884901943 31850496 101 1
copy 112 3 12884901943 31850496 102 1
copy 113 3 12884901944 31850496 101 1
copy 114 3 12884901944 31850496 102 1
copy 115 3 12884901945 31850496 101 1
copy 116 3 12884901945 31850496 102 1
copy 117 3 12884901946 31850496 101 1
copy 118 3 12884901946 31850496 102 1
copy 119 3 12884901947 31850496 101 1
copy 120 3 12884901947 31850496 102 1
copy 121 3 12884901948 31850496 101 1
copy 122 3 12884901948 31850496 102 1
copy 123 3 12884901949 31850496 101 1
copy 124 3 12884901949 31850496 102 1
copy 125 3 12884901950 31850496 101 1
copy 126 3 12884901950 31850496 102 1
copy 127 3 12884901951 31850496 101 1
copy 128 3 12884901951 31850496 102 1
copy 129 3 12884901952 31850496 101 1
copy 130 3 12884901952 31850496 102 1
copy 131 3 12884901953 31850496 101 1
copy 132 3 12884901953 31850496 102 1
copy 133 3 12884901954 31850496 101 1
copy 134 3 12884901954 31850496 102 1
copy 135 3 12884901955 31850496 101 1
copy 136 3 12884901955 31850496 102 1
copy 137 3 12884901956 31850496 101 1
copy 138 3 12884901956 31850496 102 1
copy 139 3 12884901957 31850496 101 1
copy 140 3 12884901957 31850496 102 1
copy 141 3 12884901958 31850496 101 1
copy 142 3 12884901958 31850496 102 1
copy 143 3 12884901959 31850496 101 1
copy 144 3 12884901959 31850496 102 1
copy 145 3 12884901960 31850496 101 1
copy 146 3 12884901960 31850496 102 1
copy 147 3 12884901961 31850496 101 1
copy 148 3 12884901961 31850496 102 1
copy 149 3 12884901962 31850496 101 1
copy 150 3 12884901962 31850496 102 1
copy 151 3 12884901963 31850496 101 1
copy 152 3 12884901963 31850496 102 1
copy 153 3 12884901964 31850496 101 1
copy 154 3 12884901964 31850496 102 1
copy 155 3 12884901965 31850496 101 1
copy 156 3 12884901965 31850496 102 1
copy 157 3 12884901966 31850496 101 1
copy 158 3 12884901966 31850496 102 1
copy 159 3 12884901967 31850496 101 1
copy 160 3 12884901967 31850496 102 1
copy 161 3 12884901968 31850496 101 1
copy 162 3 12884901968 31850496 102 1
copy 163 3 12884901969 31850496 101 1
copy 164 3 12884901969 31850496 102 1
copy 165 3 12884901970 31850496 101 1
copy 166 3 12884901970 31850496 102 1
copy 167 3 12884901971 31850496 101 1
copy 168 3 12884901971 31850496 102 1
copy 169 3 12884901972 31850496 101 1
copy 170 3 12884901972 31850496 102 1
copy 171 3 12884901973 31850496 101 1
copy 172 3 12884901973 31850496 102 1
copy 173 3 12884901974 31850496 101 1
copy 174 3 12884901974 31850496 102 1
copy 175 3 12884901975 31850496 101 1
copy 176 3 12884901975 31850496 102 1
copy 177 3 12884901976 31850496 101 1
copy 178 3 12884901976 31850496 102 1
copy 179 3 12884901977 31850496 101 1
copy 180 3 12884901977 31850496 102 1
copy 181 3 12884901978 31850496 101 1
copy 182 3 12884901978 31850496 102 1
copy 183 3 12884901979 31850496 101 1
copy 184 3 12884901979 31850496 102 1
copy 185 3 12884901980 31850496 101 1
copy 186 3 12884901980 31850496 102 1
copy 187 3 12884901981 31850496 101 1
copy 188 3 12884901981 31850496 102 1
copy 189 3 12884901982 31850496 101 1
copy 190 3 12884901982 31850496 102 1
copy 191 3 12884901983 31850496 101 1
copy 192 3 12884901983 31850496 102 1
copy 193 3 12884901984 31850496 101 1
copy 194 3 12884901984 31850496 102 1
copy 195 3 12884901985 31850496 101 1
copy 196 3 12884901985 31850496 102 1
copy 197 3 12884901986 31850496 101 1
copy 198 3 12884901986 31850496 102 1
copy 199 3 12884901987 31850496 101 1
copy 200 3 12884901987 31850496 102 1
copy 201 3 12884901988 31850496 101 1
copy 202 3 12884901988 31850496 102 1
copy 203 3 12884901989 31850496 101 1
copy 204 3 12884901989 31850496 102 1
copy 205 3 12884901990 31850496 101 1
copy 206 3 12884901990 31850496 102 1
copy 207 3 12884901991 31850496 101 1
copy 208 3 12884901991 31850496 102 1
copy 209 3 12884901992 31850496 101 1
copy 210 3 12884901992 31850496 102 1
copy 211 3 12884901993 31850496 101 1
copy 212 3 12884901993 31850496 102 1
copy 213 3 12884901994 31850496 101 1
copy 214 3 12884901994 31850496 102 1
copy 215 3 12884901995 31850496 101 1
copy 216 3 12884901995 31850496 102 1
copy 217 3 12884901996 31850496 101 1
copy 218 3 12884901996 31850496 102 1
copy 219 3 12884901997 31850496 101 1
copy 220 3 12884901997 31850496 102 1
copy 221 3 12884901998 31850496 101 1
copy 222 3 12884901998 31850496 102 1
copy 223 3 12884901999 31850496 101 1
copy 224 3 12884901999 31850496 102 1
copy 225 3 12884902000 31850496 101 1
copy 226 3 12884902000 31850496 102 1
copy 227 3 12884902001 31850496 101 1
copy 228 3 12884902001 31850496 102 1
copy 229 3 12884902002 31850496 101 1
copy 230 3 12884902002 31850496 102 1
copy 231 3 12884902003 31850496 101 1
copy 232 3 12884902003 31850496 102 1
copy 233 3 12884902004 31850496 101 1
copy 234 3 12884902004 31850496 102 1
copy 235 3 12884902005 31850496 101 1
copy 236 3 12884902005 31850496 102 1
copy 237 3 12884902006 31850496 101 1
copy 238 3 12884902006 31850496 102 1
copy 239 3 12884902007 31850496 101 1
copy 240 3 12884902007 31850496 102 1
copy 241 3 12884902008 31850496 101 1
copy 242 3 12884902008 31850496 102 1
copy 243 3 12884902009 31850496 101 1
copy 244 3 12884902009 31850496 102 1
copy 245 3 12884902010 31850496 101 1
copy 246 3 12884902010 31850496 102 1
copy 247 3 12884902011 31850496 101 1
copy 248 3 12884902011 31850496 102 1
copy 249 3 12884902012 31850496 101 1
copy 250 3 12884902012 31850496 102 1
copy 251 3 12884902013 31850496 101 1
copy 252 3 12884902013 31850496 102 1
copy 253 3 12884902014 31850496 101 1
copy 254 3 12884902014 31850496 102 1
copy 255 3 12884902015 31850496 101 1
copy 256 3 12884902015 31850496 102 1
copy 257 3 17179869184 31850496 101 1
copy 258 3 17179869184 31850496 102 1
copy 259 3 17179869185 31850496 101 1
copy 260 3 17179869185 31850496 102 1
copy 261 3 17179869186 31850496 101 1
copy 262 3 17179869186 31850496 102 1
copy 263 3 17179869187 31850496 101 1
copy 264 3 17179869187 31850496 102 1
copy 265 3 17179869188 31850496 101 1
copy 266 3 17179869188 31850496 102 1
copy 267 3 17179869189 31850496 101 1
copy 268 3 17179869189 31850496 102 1
copy 269 3 17179869190 31850496 101 1
copy 270 3 17179869190 31850496 102 1
copy 271 3 17179869191 31850496 101 1
copy 272 3 17179869191 31850496 102 1
copy 273 3 17179869192 31850496 101 1
copy 274 3 17179869192 31850496 102 1
copy 275 3 17179869193 31850496 101 1
copy 276 3 17179869193 31850496 102 1
copy 277 3 17179869194 31850496 101 1
copy 278 3 17179869194 31850496 102 1
copy 279 3 17179869195 31850496 101 1
copy 280 3 17179869195 31850496 102 1
copy 281 3 17179869196 31850496 101 1
copy 282 3 17179869196 31850496 102 1
copy 283 3 17179869197 31850496 101 1
copy 284 3 17179869197 31850496 102 1
copy 285 3 17179869198 31850496 101 1
copy 286 3 17179869198 31850496 102 1
copy 287 3 17179869199 31850496 101 1
copy 288 3 17179869199 31850496 102 1
copy 289 3 17179869200 31850496 101 1
copy 290 3 17179869200 31850496 102 1
copy 291 3 17179869201 31850496 101 1
copy 292 3 17179869201 31850496 102 1
copy 293 3 17179869202 31850496 101 1
copy 294 3 17179869202 31850496 102 1
copy 295 3 17179869203 31850496 101 1
copy 296 3 17179869203 31850496 102 1
copy 297 3 17179869204 31850496 101 1
copy 298 3 17179869204 31850496 102 1
copy 299 3 17179869205 31850496 101 1
copy 300 3 17179869205 31850496 102 1
copy 301 3 17179869206 31850496 101 1
copy 302 3 17179869206 31850496 102 1
copy 303 3 17179869207 31850496 101 1
copy 304 3 17179869207 31850496 102 1
copy 305 3 17179869208 31850496 101 1
copy 306 3 17179869208 31850496 102 1
copy 307 3 17179869209 31850496 101 1
copy 308 3 17179869209 31850496 102 1
copy 309 3 17179869210 31850496 101 1
copy 310 3 17179869210 31850496 102 1
copy 311 3 17179869211 31850496 101 1
copy 312 3 17179869211 31850496 102 1
copy 313 3 17179869212 31850496 101 1
copy 314 3 17179869212 31850496 102 1
copy 315 3 17179869213 31850496 101 1
copy 316 3 17179869213 31850496 102 1
copy 317 3 17179869214 31850496 101 1
copy 318 3 17179869214 31850496 102 1
copy 319 3 17179869215 31850496 101 1
copy 320 3 17179869215 31850496 102 1
copy 321 3 17179869216 31850496 101 1
copy 322 3 17179869216 31850496 102 1
copy 323 3 17179869217 31850496 101 1
copy 324 3 17179869217 31850496 102 1
copy 325 3 17179869218 31850496 101 1
copy 326 3 17179869218 31850496 102 1
copy 327 3 17179869219 31850496 101 1
copy 328 3 17179869219 31850496 102 1
copy 329 3 17179869220 31850496 101 1
copy 330 3 17179869220 31850496 102 1
copy 331 3 17179869221 31850496 101 1
copy 332 3 17179869221 31850496 102 1
copy 333 3 17179869222 31850496 101 1
copy 334 3 17179869222 31850496 102 1
copy 335 3 17179869223 31850496 101 1
copy 336 3 17179869223 31850496 102 1
copy 337 3 17179869224 31850496 101 1
copy 338 3 17179869224 31850496 102 1
copy 339 3 17179869225 31850496 101 1
copy 340 3 17179869225 31850496 102 1
copy 341 3 17179869226 31850496 101 1
copy 342 3 17179869226 31850496 102 1
copy 343 3 17179869227 31850496 101 1
copy 344 3 17179869227 31850496 102 1
copy 345 3 17179869228 31850496 101 1
copy 346 3 17179869228 31850496 102 1
copy 347 3 17179869229 31850496 101 1
copy 348 3 17179869229 31850496 102 1
copy 349 3 17179869230 31850496 101 1
copy 350 3 17179869230 31850496 102 1
copy 351 3 17179869231 31850496 101 1
copy 352 3 17179869231 31850496 102 1
copy 353 3 17179869232 31850496 101 1
copy 354 3 17179869232 31850496 102 1
copy 355 3 17179869233 31850496 101 1
copy 356 3 17179869233 31850496 102 1
copy 357 3 17179869234 31850496 101 1
copy 358 3 17179869234 31850496 102 1
copy 359 3 17179869235 31850496 101 1
copy 360 3 17179869235 31850496 102 1
copy 361 3 17179869236 31850496 101 1
copy 362 3 17179869236 31850496 102 1
copy 363 3 17179869237 31850496 101 1
copy 364 3 17179869237 31850496 102 1
copy 365 3 17179869238 31850496 101 1
copy 366 3 17179869238 31850496 102 1
copy 367 3 17179869239 31850496 101 1
copy 368 3 17179869239 31850496 102 1
copy 369 3 17179869240 31850496 101 1
copy 370 3 17179869240 31850496 102 1
copy 371 3 17179869241 31850496 101 1
copy 372 3 17179869241 31850496 102 1
copy 373 3 17179869242 31850496 101 1
copy 374 3 17179869242 31850496 102 1
copy 375 3 17179869243 31850496 101 1
copy 376 3 17179869243 31850496 102 1
copy 377 3 17179869244 31850496 101 1
copy 378 3 17179869244 31850496 102 1
copy 379 3 17179869245 31850496 101 1
copy 380 3 17179869245 31850496 102 1
copy 381 3 17179869246 31850496 101 1
copy 382 3 17179869246 31850496 102 1
copy 383 3 17179869247 31850496 101 1
copy 384 3 17179869247 31850496 102 1
copy 385 3 17179869248 31850496 101 1
copy 386 3 17179869248 31850496 102 1
copy 387 3 17179869249 31850496 101 1
copy 388 3 17179869249 31850496 102 1
copy 389 3 17179869250 31850496 101 1
copy 390 3 17179869250 31850496 102 1
copy 391 3 17179869251 31850496 101 1
copy 392 3 17179869251 31850496 102 1
copy 393 3 17179869252 31850496 101 1
copy 394 3 17179869252 31850496 102 1
copy 395 3 17179869253 31850496 101 1
copy 396 3 17179869253 31850496 102 1
copy 397 3 17179869254 31850496 101 1
copy 398 3 17179869254 31850496 102 1
copy 399 3 17179869255 31850496 101 1
copy 400 3 17179869255 31850496 102 1
copy 401 3 17179869256 31850496 101 1
copy 402 3 17179869256 31850496 102 1
copy 403 3 17179869257 31850496 101 1
copy 404 3 17179869257 31850496 102 1
copy 405 3 17179869258 31850496 101 1
copy 406 3 17179869258 31850496 102 1
copy 407 3 17179869259 31850496 101 1
copy 408 3 17179869259 31850496 102 1
copy 409 3 17179869260 31850496 101 1
copy 410 3 17179869260 31850496 102 1
copy 411 3 17179869261 31850496 101 1
copy 412 3 17179869261 31850496 102 1
copy 413 3 17179869262 31850496 101 1
copy 414 3 17179869262 31850496 102 1
copy 415 3 17179869263 31850496 101 1
copy 416 3 17179869263 31850496 102 1
copy 417 3 17179869264 31850496 101 1
copy 418 3 17179869264 31850496 102 1
copy 419 3 17179869265 31850496 101 1
copy 420 3 17179869265 31850496 102 1
copy 421 3 17179869266 31850496 101 1
copy 422 3 17179869266 31850496 102 1
copy 423 3 17179869267 31850496 101 1
copy 424 3 17179869267 31850496 102 1
copy 425 3 17179869268 31850496 101 1
copy 426 3 17179869268 31850496 102 1
copy 427 3 17179869269 31850496 101 1
copy 428 3 17179869269 31850496 102 1
copy 429 3 17179869270 31850496 101 1
copy 430 3 17179869270 31850496 102 1
copy 431 3 17179869271 31850496 101 1
copy 432 3 17179869271 31850496 102 1
copy 433 3 17179869272 31850496 101 1
copy 434 3 17179869272 31850496 102 1
copy 435 3 17179869273 31850496 101 1
copy 436 3 17179869273 31850496 102 1
copy 437 3 17179869274 31850496 101 1
copy 438 3 17179869274 31850496 102 1
copy 439 3 17179869275 31850496 101 1
copy 440 3 17179869275 31850496 102 1
copy 441 3 17179869276 31850496 101 1
copy 442 3 17179869276 31850496 102 1
copy 443 3 17179869277 31850496 101 1
copy 444 3 17179869277 31850496 102 1
copy 445 3 17179869278 31850496 101 1
copy 446 3 17179869278 31850496 102 1
copy 447 3 17179869279 31850496 101 1
copy 448 3 17179869279 31850496 102 1
copy 449 3 17179869280 31850496 101 1
copy 450 3 17179869280 31850496 102 1
copy 451 3 17179869281 31850496 101 1
copy 452 3 17179869281 31850496 102 1
copy 453 3 17179869282 31850496 101 1
copy 454 3 17179869282 31850496 102 1
copy 455 3 17179869283 31850496 101 1
copy 456 3 17179869283 31850496 102 1
copy 457 3 17179869284 31850496 101 1
copy 458 3 17179869284 31850496 102 1
copy 459 3 17179869285 31850496 101 1
copy 460 3 17179869285 31850496 102 1
copy 461 3 17179869286 31850496 101 1
copy 462 3 17179869286 31850496 102 1
copy 463 3 17179869287 31850496 101 1
copy 464 3 17179869287 31850496 102 1
copy 465 3 17179869288 31850496 101 1
copy 466 3 17179869288 31850496 102 1
copy 467 3 17179869289 31850496 101 1
copy 468 3 17179869289 31850496 102 1
copy 469 3 17179869290 31850496 101 1
copy 470 3 17179869290 31850496 102 1
copy 471 3 17179869291 31850496 101 1
copy 472 3 17179869291 31850496 102 1
copy 473 3 17179869292 31850496 101 1
copy 474 3 17179869292 31850496 102 1
copy 475 3 17179869293 31850496 101 1
copy 476 3 17179869293 31850496 102 1
copy 477 3 17179869294 31850496 101 1
copy 478 3 17179869294 31850496 102 1
copy 479 3 17179869295 31850496 101 1
copy 480 3 17179869295 31850496 102 1
copy 481 3 17179869296 31850496 101 1
copy 482 3 17179869296 31850496 102 1
copy 483 3 17179869297 31850496 101 1
copy 484 3 17179869297 31850496 102 1
copy 485 3 17179869298 31850496 101 1
copy 486 3 17179869298 31850496 102 1
copy 487 3 17179869299 31850496 101 1
copy 488 3 17179869299 31850496 102 1
copy 489 3 17179869300 31850496 101 1
copy 490 3 17179869300 31850496 102 1
copy 491 3 17179869301 31850496 101 1
copy 492 3 17179869301 31850496 102 1
copy 493 3 17179869302 31850496 101 1
copy 494 3 17179869302 31850496 102 1
copy 495 3 17179869303 31850496 101 1
copy 496 3 17179869303 31850496 102 1
copy 497 3 17179869304 31850496 101 1
copy 498 3 17179869304 31850496 102 1
copy 499 3 17179869305 31850496 101 1
copy 500 3 17179869305 31850496 102 1
copy 501 3 17179869306 31850496 101 1
copy 502 3 17179869306 31850496 102 1
copy 503 3 17179869307 31850496 101 1
copy 504 3 17179869307 31850496 102 1
copy 505 3 17179869308 31850496 101 1
copy 506 3 17179869308 31850496 102 1
copy 507 3 17179869309 31850496 101 1
copy 508 3 17179869309 31850496 102 1
copy 509 3 17179869310 31850496 101 1
copy 510 3 17179869310 31850496 102 1
copy 511 3 17179869311 31850496 101 1
copy 512 3 17179869311 31850496 102 1
copy 513 3 21474836480 31850496 101 1
copy 514 3 21474836480 31850496 102 1
copy 515 3 21474836481 31850496 101 1
copy 516 3 21474836481 31850496 102 1
copy 517 3 21474836482 31850496 101 1
copy 518 3 21474836482 31850496 102 1
copy 519 3 21474836483 31850496 101 1
copy 520 3 21474836483 31850496 102 1
copy 521 3 21474836484 31850496 101 1
copy 522 3 21474836484 31850496 102 1
copy 523 3 21474836485 31850496 101 1
copy 524 3 21474836485 31850496 102 1
copy 525 3 21474836486 31850496 101 1
copy 526 3 21474836486 31850496 102 1
copy 527 3 21474836487 31850496 101 1
copy 528 3 21474836487 31850496 102 1
copy 529 3 21474836488 31850496 101 1
copy 530 3 21474836488 31850496 102 1
copy 531 3 21474836489 31850496 101 1
copy 532 3 21474836489 31850496 102 1
copy 533 3 21474836490 31850496 101 1
copy 534 3 21474836490 31850496 102 1
copy 535 3 21474836491 31850496 101 1
copy 536 3 21474836491 31850496 102 1
copy 537 3 21474836492 31850496 101 1
copy 538 3 21474836492 31850496 102 1
copy 539 3 21474836493 31850496 101 1
copy 540 3 21474836493 31850496 102 1
copy 541 3 21474836494 31850496 101 1
copy 542 3 21474836494 31850496 102 1
copy 543 3 21474836495 31850496 101 1
copy 544 3 21474836495 31850496 102 1
copy 545 3 21474836496 31850496 101 1
copy 546 3 21474836496 31850496 102 1
copy 547 3 21474836497 31850496 101 1
copy 548 3 21474836497 31850496 102 1
copy 549 3 21474836498 31850496 101 1
copy 550 3 21474836498 31850496 102 1
copy 551 3 21474836499 31850496 101 1
copy 552 3 21474836499 31850496 102 1
copy 553 3 21474836500 31850496 101 1
copy 554 3 21474836500 31850496 102 1
copy 555 3 21474836501 31850496 101 1
copy 556 3 21474836501 31850496 102 1
copy 557 3 21474836502 31850496 101 1
copy 558 3 21474836502 31850496 102 1
copy 559 3 21474836503 31850496 101 1
copy 560 3 21474836503 31850496 102 1
copy 561 3 21474836504 31850496 101 1
copy 562 3 21474836504 31850496 102 1
copy 563 3 21474836505 31850496 101 1
copy 564 3 21474836505 31850496 102 1
copy 565 3 21474836506 31850496 101 1
copy 566 3 21474836506 31850496 102 1
copy 567 3 21474836507 31850496 101 1
copy 568 3 21474836507 31850496 102 1
copy 569 3 21474836508 31850496 101 1
copy 570 3 21474836508 31850496 102 1
copy 571 3 21474836509 31850496 101 1
copy 572 3 21474836509 31850496 102 1
copy 573 3 21474836510 31850496 101 1
copy 574 3 21474836510 31850496 102 1
copy 575 3 21474836511 31850496 101 1
copy 576 3 21474836511 31850496 102 1
copy 577 3 21474836512 31850496 101 1
copy 578 3 21474836512 31850496 102 1
copy 579 3 21474836513 31850496 101 1
copy 580 3 21474836513 31850496 102 1
copy 581 3 21474836514 31850496 101 1
copy 582 3 21474836514 31850496 102 1
copy 583 3 21474836515 31850496 101 1
copy 584 3 21474836515 31850496 102 1
copy 585 3 21474836516 31850496 101 1
copy 586 3 21474836516 31850496 102 1
copy 587 3 21474836517 31850496 101 1
copy 588 3 21474836517 31850496 102 1
copy 589 3 21474836518 31850496 101 1
copy 590 3 21474836518 31850496 102 1
copy 591 3 21474836519 31850496 101 1
copy 592 3 21474836519 31850496 102 1
copy 593 3 21474836520 31850496 101 1
copy 594 3 21474836520 31850496 102 1
copy 595 3 21474836521 31850496 101 1
copy 596 3 21474836521 31850496 102 1
copy 597 3 21474836522 31850496 101 1
copy 598 3 21474836522 31850496 102 1
copy 599 3 21474836523 31850496 101 1
copy 600 3 21474836523 31850496 102 1
copy 601 3 21474836524 31850496 101 1
copy 602 3 21474836524 31850496 102 1
copy 603 3 21474836525 31850496 101 1
copy 604 3 21474836525 31850496 102 1
copy 605 3 21474836526 31850496 101 1
copy 606 3 21474836526 31850496 102 1
copy 607 3 21474836527 31850496 101 1
copy 608 3 21474836527 31850496 102 1
copy 609 3 21474836528 31850496 101 1
copy 610 3 21474836528 31850496 102 1
copy 611 3 21474836529 31850496 101 1
copy 612 3 21474836529 31850496 102 1
copy 613 3 21474836530 31850496 101 1
copy 614 3 21474836530 31850496 102 1
copy 615 3 21474836531 31850496 101 1
copy 616 3 21474836531 31850496 102 1
copy 617 3 21474836532 31850496 101 1
copy 618 3 21474836532 31850496 102 1
copy 619 3 21474836533 31850496 101 1
copy 620 3 21474836533 31850496 102 1
copy 621 3 21474836534 31850496 101 1
copy 622 3 21474836534 31850496 102 1
copy 623 3 21474836535 31850496 101 1
copy 624 3 21474836535 31850496 102 1
copy 625 3 21474836536 31850496 101 1
copy 626 3 21474836536 31850496 102 1
copy 627 3 21474836537 31850496 101 1
copy 628 3 21474836537 31850496 102 1
copy 629 3 21474836538 31850496 101 1
copy 630 3 21474836538 31850496 102 1
copy 631 3 21474836539 31850496 101 1
copy 632 3 21474836539 31850496 102 1
copy 633 3 21474836540 31850496 101 1
copy 634 3 21474836540 31850496 102 1
copy 635 3 21474836541 31850496 101 1
copy 636 3 21474836541 31850496 102 1
copy 637 3 21474836542 31850496 101 1
copy 638 3 21474836542 31850496 102 1
copy 639 3 21474836543 31850496 101 1
copy 640 3 21474836543 31850496 102 1
copy 641 3 21474836544 31850496 101 1
copy 642 3 21474836544 31850496 102 1
copy 643 3 21474836545 31850496 101 1
copy 644 3 21474836545 31850496 102 1
copy 645 3 21474836546 31850496 101 1
copy 646 3 21474836546 31850496 102 1
copy 647 3 21474836547 31850496 101 1
copy 648 3 21474836547 31850496 102 1
copy 649 3 21474836548 31850496 101 1
copy 650 3 21474836548 31850496 102 1
copy 651 3 21474836549 31850496 101 1
copy 652 3 21474836549 31850496 102 1
copy 653 3 21474836550 31850496 101 1
copy 654 3 21474836550 31850496 102 1
copy 655 3 21474836551 31850496 101 1
copy 656 3 21474836551 31850496 102 1
copy 657 3 21474836552 31850496 101 1
copy 658 3 21474836552 31850496 102 1
copy 659 3 21474836553 31850496 101 1
copy 660 3 21474836553 31850496 102 1
copy 661 3 21474836554 31850496 101 1
copy 662 3 21474836554 31850496 102 1
copy 663 3 21474836555 31850496 101 1
copy 664 3 21474836555 31850496 102 1
copy 665 3 21474836556 31850496 101 1
copy 666 3 21474836556 31850496 102 1
copy 667 3 21474836557 31850496 101 1
copy 668 3 21474836557 31850496 102 1
copy 669 3 21474836558 31850496 101 1
copy 670 3 21474836558 31850496 102 1
copy 671 3 21474836559 31850496 101 1
copy 672 3 21474836559 31850496 102 1
copy 673 3 21474836560 31850496 101 1
copy 674 3 21474836560 31850496 102 1
copy 675 3 21474836561 31850496 101 1
copy 676 3 21474836561 31850496 102 1
copy 677 3 21474836562 31850496 101 1
copy 678 3 21474836562 31850496 102 1
copy 679 3 21474836563 31850496 101 1
copy 680 3 21474836563 31850496 102 1
copy 681 3 21474836564 31850496 101 1
copy 682 3 21474836564 31850496 102 1
copy 683 3 21474836565 31850496 101 1
copy 684 3 21474836565 31850496 102 1
copy 685 3 21474836566 31850496 101 1
copy 686 3 21474836566 31850496 102 1
copy 687 3 21474836567 31850496 101 1
copy 688 3 21474836567 31850496 102 1
copy 689 3 21474836568 31850496 101 1
copy 690 3 21474836568 31850496 102 1
copy 691 3 21474836569 31850496 101 1
copy 692 3 21474836569 31850496 102 1
copy 693 3 21474836570 31850496 101 1
copy 694 3 21474836570 31850496 102 1
copy 695 3 21474836571 31850496 101 1
copy 696 3 21474836571 31850496 102 1
copy 697 3 21474836572 31850496 101 1
copy 698 3 21474836572 31850496 102 1
copy 699 3 21474836573 31850496 101 1
copy 700 3 21474836573 31850496 102 1
copy 701 3 21474836574 31850496 101 1
copy 702 3 21474836574 31850496 102 1
copy 703 3 21474836575 31850496 101 1
copy 704 3 21474836575 31850496 102 1
copy 705 3 21474836576 31850496 101 1
copy 706 3 21474836576 31850496 102 1
copy 707 3 21474836577 31850496 101 1
copy 708 3 21474836577 31850496 102 1
copy 709 3 21474836578 31850496 101 1
copy 710 3 21474836578 31850496 102 1
copy 711 3 21474836579 31850496 101 1
copy 712 3 21474836579 31850496 102 1
copy 713 3 21474836580 31850496 101 1
copy 714 3 21474836580 31850496 102 1
copy 715 3 21474836581 31850496 101 1
copy 716 3 21474836581 31850496 102 1
copy 717 3 21474836582 31850496 101 1
copy 718 3 21474836582 31850496 102 1
copy 719 3 21474836583 31850496 101 1
copy 720 3 21474836583 31850496 102 1
copy 721 3 21474836584 31850496 101 1
copy 722 3 21474836584 31850496 102 1
copy 723 3 21474836585 31850496 101 1
copy 724 3 21474836585 31850496 102 1
copy 725 3 21474836586 31850496 101 1
copy 726 3 21474836586 31850496 102 1
copy 727 3 21474836587 31850496 101 1
copy 728 3 21474836587 31850496 102 1
copy 729 3 21474836588 31850496 101 1
copy 730 3 21474836588 31850496 102 1
copy 731 3 21474836589 31850496 101 1
copy 732 3 21474836589 31850496 102 1
copy 733 3 21474836590 31850496 101 1
copy 734 3 21474836590 31850496 102 1
copy 735 3 21474836591 31850496 101 1
copy 736 3 21474836591 31850496 102 1
copy 737 3 21474836592 31850496 101 1
copy 738 3 21474836592 31850496 102 1
copy 739 3 21474836593 31850496 101 1
copy 740 3 21474836593 31850496 102 1
copy 741 3 21474836594 31850496 101 1
copy 742 3 21474836594 31850496 102 1
copy 743 3 21474836595 31850496 101 1
copy 744 3 21474836595 31850496 102 1
copy 745 3 21474836596 31850496 101 1
copy 746 3 21474836596 31850496 102 1
copy 747 3 21474836597 31850496 101 1
copy 748 3 21474836597 31850496 102 1
copy 749 3 21474836598 31850496 101 1
copy 750 3 21474836598 31850496 102 1
copy 751 3 21474836599 31850496 101 1
copy 752 3 21474836599 31850496 102 1
copy 753 3 21474836600 31850496 101 1
copy 754 3 21474836600 31850496 102 1
copy 755 3 21474836601 31850496 101 1
copy 756 3 21474836601 31850496 102 1
copy 757 3 21474836602 31850496 101 1
copy 758 3 21474836602 31850496 102 1
copy 759 3 21474836603 31850496 101 1
copy 760 3 21474836603 31850496 102 1
copy 761 3 21474836604 31850496 101 1
copy 762 3 21474836604 31850496 102 1
copy 763 3 21474836605 31850496 101 1
copy 764 3 21474836605 31850496 102 1
copy 765 3 21474836606 31850496 101 1
copy 766 3 21474836606 31850496 102 1
copy 767 3 21474836607 31850496 101 1
copy 768 3 21474836607 31850496 102 1
copy 769 3 25769803776 31850496 101 1
copy 770 3 25769803776 31850496 102 1
copy 771 3 25769803777 31850496 101 1
copy 772 3 25769803777 31850496 102 1
copy 773 3 25769803778 31850496 101 1
copy 774 3 25769803778 31850496 102 1
copy 775 3 25769803779 31850496 101 1
copy 776 3 25769803779 31850496 102 1
copy 777 3 25769803780 31850496 101 1
copy 778 3 25769803780 31850496 102 1
copy 779 3 25769803781 31850496 101 1
copy 780 3 25769803781 31850496 102 1
copy 781 3 25769803782 31850496 101 1
copy 782 3 25769803782 31850496 102 1
copy 783 3 25769803783 31850496 101 1
copy 784 3 25769803783 31850496 102 1
copy 785 3 25769803784 31850496 101 1
copy 786 3 25769803784 31850496 102 1
copy 787 3 25769803785 31850496 101 1
copy 788 3 25769803785 31850496 102 1
copy 789 3 25769803786 31850496 101 1
copy 790 3 25769803786 31850496 102 1
copy 791 3 25769803787 31850496 101 1
copy 792 3 25769803787 31850496 102 1
copy 793 3 25769803788 31850496 101 1
copy 794 3 25769803788 31850496 102 1
copy 795 3 25769803789 31850496 101 1
copy 796 3 25769803789 31850496 102 1
copy 797 3 25769803790 31850496 101 1
copy 798 3 25769803790 31850496 102 1
copy 799 3 25769803791 31850496 101 1
copy 800 3 25769803791 31850496 102 1
copy 801 3 25769803792 31850496 101 1
copy 802 3 25769803792 31850496 102 1
copy 803 3 25769803793 31850496 101 1
copy 804 3 25769803793 31850496 102 1
copy 805 3 25769803794 31850496 101 1
copy 806 3 25769803794 31850496 102 1
copy 807 3 25769803795 31850496 101 1
copy 808 3 25769803795 31850496 102 1
copy 809 3 25769803796 31850496 101 1
copy 810 3 25769803796 31850496 102 1
copy 811 3 25769803797 31850496 101 1
copy 812 3 25769803797 31850496 102 1
copy 813 3 25769803798 31850496 101 1
copy 814 3 25769803798 31850496 102 1
copy 815 3 25769803799 31850496 101 1
copy 816 3 25769803799 31850496 102 1
copy 817 3 25769803800 31850496 101 1
copy 818 3 25769803800 31850496 102 1
copy 819 3 25769803801 31850496 101 1
copy 820 3 25769803801 31850496 102 1
copy 821 3 25769803802 31850496 101 1
copy 822 3 25769803802 31850496 102 1
copy 823 3 25769803803 31850496 101 1
copy 824 3 25769803803 31850496 102 1
copy 825 3 25769803804 31850496 101 1
copy 826 3 25769803804 31850496 102 1
copy 827 3 25769803805 31850496 101 1
copy 828 3 25769803805 31850496 102 1
copy 829 3 25769803806 31850496 101 1
copy 830 3 25769803806 31850496 102 1
copy 831 3 25769803807 31850496 101 1
copy 832 3 25769803807 31850496 102 1
copy 833 3 25769803808 31850496 101 1
copy 834 3 25769803808 31850496 102 1
copy 835 3 25769803809 31850496 101 1
copy 836 3 25769803809 31850496 102 1
copy 837 3 25769803810 31850496 101 1
copy 838 3 25769803810 31850496 102 1
copy 839 3 25769803811 31850496 101 1
copy 840 3 25769803811 31850496 102 1
copy 841 3 25769803812 31850496 101 1
copy 842 3 25769803812 31850496 102 1
copy 843 3 25769803813 31850496 101 1
copy 844 3 25769803813 31850496 102 1
copy 845 3 25769803814 31850496 101 1
copy 846 3 25769803814 31850496 102 1
copy 847 3 25769803815 31850496 101 1
copy 848 3 25769803815 31850496 102 1
copy 849 3 25769803816 31850496 101 1
copy 850 3 25769803816 31850496 102 1
copy 851 3 25769803817 31850496 101 1
copy 852 3 25769803817 31850496 102 1
copy 853 3 25769803818 31850496 101 1
copy 854 3 25769803818 31850496 102 1
copy 855 3 25769803819 31850496 101 1
copy 856 3 25769803819 31850496 102 1
copy 857 3 25769803820 31850496 101 1
copy 858 3 25769803820 31850496 102 1
copy 859 3 25769803821 31850496 101 1
copy 860 3 25769803821 31850496 102 1
copy 861 3 25769803822 31850496 101 1
copy 862 3 25769803822 31850496 102 1
copy 863 3 25769803823 31850496 101 1
copy 864 3 25769803823 31850496 102 1
copy 865 3 25769803824 31850496 101 1
copy 866 3 25769803824 31850496 102 1
copy 867 3 25769803825 31850496 101 1
copy 868 3 25769803825 31850496 102 1
copy 869 3 25769803826 31850496 101 1
copy 870 3 25769803826 31850496 102 1
copy 871 3 25769803827 31850496 101 1
copy 872 3 25769803827 31850496 102 1
copy 873 3 25769803828 31850496 101 1
copy 874 3 25769803828 31850496 102 1
copy 875 3 25769803829 31850496 101 1
copy 876 3 25769803829 31850496 102 1
copy 877 3 25769803830 31850496 101 1
copy 878 3 25769803830 31850496 102 1
copy 879 3 25769803831 31850496 101 1
copy 880 3 25769803831 31850496 102 1
copy 881 3 25769803832 31850496 101 1
copy 882 3 25769803832 31850496 102 1
copy 883 3 25769803833 31850496 101 1
copy 884 3 25769803833 31850496 102 1
copy 885 3 25769803834 31850496 101 1
copy 886 3 25769803834 31850496 102 1
copy 887 3 25769803835 31850496 101 1
copy 888 3 25769803835 31850496 102 1
copy 889 3 25769803836 31850496 101 1
copy 890 3 25769803836 31850496 102 1
copy 891 3 25769803837 31850496 101 1
copy 892 3 25769803837 31850496 102 1
copy 893 3 25769803838 31850496 101 1
copy 894 3 25769803838 31850496 102 1
copy 895 3 25769803839 31850496 101 1
copy 896 3 25769803839 31850496 102 1
copy 897 3 25769803840 31850496 101 1
copy 898 3 25769803840 31850496 102 1
copy 899 3 25769803841 31850496 101 1
copy 900 3 25769803841 31850496 102 1
copy 901 3 25769803842 31850496 101 1
copy 902 3 25769803842 31850496 102 1
copy 903 3 25769803843 31850496 101 1
copy 904 3 25769803843 31850496 102 1
copy 905 3 25769803844 31850496 101 1
copy 906 3 25769803844 31850496 102 1
copy 907 3 25769803845 31850496 101 1
copy 908 3 25769803845 31850496 102 1
copy 909 3 25769803846 31850496 101 1
copy 910 3 25769803846 31850496 102 1
copy 911 3 25769803847 31850496 101 1
copy 912 3 25769803847 31850496 102 1
copy 913 3 25769803848 31850496 101 1
copy 914 3 25769803848 31850496 102 1
copy 915 3 25769803849 31850496 101 1
copy 916 3 25769803849 31850496 102 1
copy 917 3 25769803850 31850496 101 1
copy 918 3 25769803850 31850496 102 1
copy 919 3 25769803851 31850496 101 1
copy 920 3 25769803851 31850496 102 1
copy 921 3 25769803852 31850496 101 1
copy 922 3 25769803852 31850496 102 1
copy 923 3 25769803853 31850496 101 1
copy 924 3 25769803853 31850496 102 1
copy 925 3 25769803854 31850496 101 1
copy 926 3 25769803854 31850496 102 1
copy 927 3 25769803855 31850496 101 1
copy 928 3 25769803855 31850496 102 1
copy 929 3 25769803856 31850496 101 1
copy 930 3 25769803856 31850496 102 1
copy 931 3 25769803857 31850496 101 1
copy 932 3 25769803857 31850496 102 1
copy 933 3 25769803858 31850496 101 1
copy 934 3 25769803858 31850496 102 1
copy 935 3 25769803859 31850496 101 1
copy 936 3 25769803859 31850496 102 1
copy 937 3 25769803860 31850496 101 1
copy 938 3 25769803860 31850496 102 1
copy 939 3 25769803861 31850496 101 1
copy 940 3 25769803861 31850496 102 1
copy 941 3 25769803862 31850496 101 1
copy 942 3 25769803862 31850496 102 1
copy 943 3 25769803863 31850496 101 1
copy 944 3 25769803863 31850496 102 1
copy 945 3 25769803864 31850496 101 1
copy 946 3 25769803864 31850496 102 1
copy 947 3 25769803865 31850496 101 1
copy 948 3 25769803865 31850496 102 1
copy 949 3 25769803866 31850496 101 1
copy 950 3 25769803866 31850496 102 1
copy 951 3 25769803867 31850496 101 1
copy 952 3 25769803867 31850496 102 1
copy 953 3 25769803868 31850496 101 1
copy 954 3 25769803868 31850496 102 1
copy 955 3 25769803869 31850496 101 1
copy 956 3 25769803869 31850496 102 1
copy 957 3 25769803870 31850496 101 1
copy 958 3 25769803870 31850496 102 1
copy 959 3 25769803871 31850496 101 1
copy 960 3 25769803871 31850496 102 1
copy 961 3 25769803872 31850496 101 1
copy 962 3 25769803872 31850496 102 1
copy 963 3 25769803873 31850496 101 1
copy 964 3 25769803873 31850496 102 1
copy 965 3 25769803874 31850496 101 1
copy 966 3 25769803874 31850496 102 1
copy 967 3 25769803875 31850496 101 1
copy 968 3 25769803875 31850496 102 1
copy 969 3 25769803876 31850496 101 1
copy 970 3 25769803876 31850496 102 1
copy 971 3 25769803877 31850496 101 1
copy 972 3 25769803877 31850496 102 1
copy 973 3 25769803878 31850496 101 1
copy 974 3 25769803878 31850496 102 1
copy 975 3 25769803879 31850496 101 1
copy 976 3 25769803879 31850496 102 1
copy 977 3 25769803880 31850496 101 1
copy 978 3 25769803880 31850496 102 1
copy 979 3 25769803881 31850496 101 1
copy 980 3 25769803881 31850496 102 1
copy 981 3 25769803882 31850496 101 1
copy 982 3 25769803882 31850496 102 1
copy 983 3 25769803883 31850496 101 1
copy 984 3 25769803883 31850496 102 1
copy 985 3 25769803884 31850496 101 1
copy 986 3 25769803884 31850496 102 1
copy 987 3 25769803885 31850496 101 1
copy 988 3 25769803885 31850496 102 1
copy 989 3 25769803886 31850496 101 1
copy 990 3 25769803886 31850496 102 1
copy 991 3 25769803887 31850496 101 1
copy 992 3 25769803887 31850496 102 1
copy 993 3 25769803888 31850496 101 1
copy 994 3 25769803888 31850496 102 1
copy 995 3 25769803889 31850496 101 1
copy 996 3 25769803889 31850496 102 1
copy 997 3 25769803890 31850496 101 1
copy 998 3 25769803890 31850496 102 1
copy 999 3 25769803891 31850496 101 1
copy 1000 3 25769803891 31850496 102 1
copy 1001 3 25769803892 31850496 101 1
copy 1002 3 25769803892 31850496 102 1
copy 1003 3 25769803893 31850496 101 1
copy 1004 3 25769803893 31850496 102 1
copy 1005 3 25769803894 31850496 101 1
copy 1006 3 25769803894 31850496 102 1
copy 1007 3 25769803895 31850496 101 1
copy 1008 3 25769803895 31850496 102 1
copy 1009 3 25769803896 31850496 101 1
copy 1010 3 25769803896 31850496 102 1
copy 1011 3 25769803897 31850496 101 1
copy 1012 3 25769803897 31850496 102 1
copy 1013 3 25769803898 31850496 101 1
copy 1014 3 25769803898 31850496 102 1
copy 1015 3 25769803899 31850496 101 1
copy 1016 3 25769803899 31850496 102 1
copy 1017 3 25769803900 31850496 101 1
copy 1018 3 25769803900 31850496 102 1
copy 1019 3 25769803901 31850496 101 1
copy 1020 3 25769803901 31850496 102 1
copy 1021 3 25769803902 31850496 101 1
copy 1022 3 25769803902 31850496 102 1
copy 1023 3 25769803903 31850496 101 1
copy 1024 3 25769803903 31850496 102 1
copy 1025 3 30064771072 31850496 101 1
copy 1026 3 30064771072 31850496 102 1
copy 1027 3 30064771073 31850496 101 1
copy 1028 3 30064771073 31850496 102 1
copy 1029 3 30064771074 31850496 101 1
copy 1030 3 30064771074 31850496 102 1
copy 1031 3 30064771075 31850496 101 1
copy 1032 3 30064771075 31850496 102 1
copy 1033 3 30064771076 31850496 101 1
copy 1034 3 30064771076 31850496 102 1
copy 1035 3 30064771077 31850496 101 1
copy 1036 3 30064771077 31850496 102 1
copy 1037 3 30064771078 31850496 101 1
copy 1038 3 30064771078 31850496 102 1
copy 1039 3 30064771079 31850496 101 1
copy 1040 3 30064771079 31850496 102 1
copy 1041 3 30064771080 31850496 101 1
copy 1042 3 30064771080 31850496 102 1
copy 1043 3 30064771081 31850496 101 1
copy 1044 3 30064771081 31850496 102 1
copy 1045 3 30064771082 31850496 101 1
copy 1046 3 30064771082 31850496 102 1
copy 1047 3 30064771083 31850496 101 1
copy 1048 3 30064771083 31850496 102 1
copy 1049 3 30064771084 31850496 101 1
copy 1050 3 30064771084 31850496 102 1
copy 1051 3 30064771085 31850496 101 1
copy 1052 3 30064771085 31850496 102 1
copy 1053 3 30064771086 31850496 101 1
copy 1054 3 30064771086 31850496 102 1
copy 1055 3 30064771087 31850496 101 1
copy 1056 3 30064771087 31850496 102 1
copy 1057 3 30064771088 31850496 101 1
copy 1058 3 30064771088 31850496 102 1
copy 1059 3 30064771089 31850496 101 1
copy 1060 3 30064771089 31850496 102 1
copy 1061 3 30064771090 31850496 101 1
copy 1062 3 30064771090 31850496 102 1
copy 1063 3 30064771091 31850496 101 1
copy 1064 3 30064771091 31850496 102 1
copy 1065 3 30064771092 31850496 101 1
copy 1066 3 30064771092 31850496 102 1
copy 1067 3 30064771093 31850496 101 1
copy 1068 3 30064771093 31850496 102 1
copy 1069 3 30064771094 31850496 101 1
copy 1070 3 30064771094 31850496 102 1
copy 1071 3 30064771095 31850496 101 1
copy 1072 3 30064771095 31850496 102 1
copy 1073 3 30064771096 31850496 101 1
copy 1074 3 30064771096 31850496 102 1
copy 1075 3 30064771097 31850496 101 1
copy 1076 3 30064771097 31850496 102 1
copy 1077 3 30064771098 31850496 101 1
copy 1078 3 30064771098 31850496 102 1
copy 1079 3 30064771099 31850496 101 1
copy 1080 3 30064771099 31850496 102 1
copy 1081 3 30064771100 31850496 101 1
copy 1082 3 30064771100 31850496 102 1
copy 1083 3 30064771101 31850496 101 1
copy 1084 3 30064771101 31850496 102 1
copy 1085 3 30064771102 31850496 101 1
copy 1086 3 30064771102 31850496 102 1
copy 1087 3 30064771103 31850496 101 1
copy 1088 3 30064771103 31850496 102 1
copy 1089 3 30064771104 31850496 101 1
copy 1090 3 30064771104 31850496 102 1
copy 1091 3 30064771105 31850496 101 1
copy 1092 3 30064771105 31850496 102 1
copy 1093 3 30064771106 31850496 101 1
copy 1094 3 30064771106 31850496 102 1
copy 1095 3 30064771107 31850496 101 1
copy 1096 3 30064771107 31850496 102 1
copy 1097 3 30064771108 31850496 101 1
copy 1098 3 30064771108 31850496 102 1
copy 1099 3 30064771109 31850496 101 1
copy 1100 3 30064771109 31850496 102 1
copy 1101 3 30064771110 31850496 101 1
copy 1102 3 30064771110 31850496 102 1
copy 1103 3 30064771111 31850496 101 1
copy 1104 3 30064771111 31850496 102 1
copy 1105 3 30064771112 31850496 101 1
copy 1106 3 30064771112 31850496 102 1
copy 1107 3 30064771113 31850496 101 1
copy 1108 3 30064771113 31850496 102 1
copy 1109 3 30064771114 31850496 101 1
copy 1110 3 30064771114 31850496 102 1
copy 1111 3 30064771115 31850496 101 1
copy 1112 3 30064771115 31850496 102 1
copy 1113 3 30064771116 31850496 101 1
copy 1114 3 30064771116 31850496 102 1
copy 1115 3 30064771117 31850496 101 1
copy 1116 3 30064771117 31850496 102 1
copy 1117 3 30064771118 31850496 101 1
copy 1118 3 30064771118 31850496 102 1
copy 1119 3 30064771119 31850496 101 1
copy 1120 3 30064771119 31850496 102 1
copy 1121 3 30064771120 31850496 101 1
copy 1122 3 30064771120 31850496 102 1
copy 1123 3 30064771121 31850496 101 1
copy 1124 3 30064771121 31850496 102 1
copy 1125 3 30064771122 31850496 101 1
copy 1126 3 30064771122 31850496 102 1
copy 1127 3 30064771123 31850496 101 1
copy 1128 3 30064771123 31850496 102 1
copy 1129 3 30064771124 31850496 101 1
copy 1130 3 30064771124 31850496 102 1
copy 1131 3 30064771125 31850496 101 1
copy 1132 3 30064771125 31850496 102 1
copy 1133 3 30064771126 31850496 101 1
copy 1134 3 30064771126 31850496 102 1
copy 1135 3 30064771127 31850496 101 1
copy 1136 3 30064771127 31850496 102 1
copy 1137 3 30064771128 31850496 101 1
copy 1138 3 30064771128 31850496 102 1
copy 1139 3 30064771129 31850496 101 1
copy 1140 3 30064771129 31850496 102 1
copy 1141 3 30064771130 31850496 101 1
copy 1142 3 30064771130 31850496 102 1
copy 1143 3 30064771131 31850496 101 1
copy 1144 3 30064771131 31850496 102 1
copy 1145 3 30064771132 31850496 101 1
copy 1146 3 30064771132 31850496 102 1
copy 1147 3 30064771133 31850496 101 1
copy 1148 3 30064771133 31850496 102 1
copy 1149 3 30064771134 31850496 101 1
copy 1150 3 30064771134 31850496 102 1
copy 1151 3 30064771135 31850496 101 1
copy 1152 3 30064771135 31850496 102 1
copy 1153 3 30064771136 31850496 101 1
copy 1154 3 30064771136 31850496 102 1
copy 1155 3 30064771137 31850496 101 1
copy 1156 3 30064771137 31850496 102 1
copy 1157 3 30064771138 31850496 101 1
copy 1158 3 30064771138 31850496 102 1
copy 1159 3 30064771139 31850496 101 1
copy 1160 3 30064771139 31850496 102 1
copy 1161 3 30064771140 31850496 101 1
copy 1162 3 30064771140 31850496 102 1
copy 1163 3 30064771141 31850496 101 1
copy 1164 3 30064771141 31850496 102 1
copy 1165 3 30064771142 31850496 101 1
copy 1166 3 30064771142 31850496 102 1
copy 1167 3 30064771143 31850496 101 1
copy 1168 3 30064771143 31850496 102 1
copy 1169 3 30064771144 31850496 101 1
copy 1170 3 30064771144 31850496 102 1
copy 1171 3 30064771145 31850496 101 1
copy 1172 3 30064771145 31850496 102 1
copy 1173 3 30064771146 31850496 101 1
copy 1174 3 30064771146 31850496 102 1
copy 1175 3 30064771147 31850496 101 1
copy 1176 3 30064771147 31850496 102 1
copy 1177 3 30064771148 31850496 101 1
copy 1178 3 30064771148 31850496 102 1
copy 1179 3 30064771149 31850496 101 1
copy 1180 3 30064771149 31850496 102 1
copy 1181 3 30064771150 31850496 101 1
copy 1182 3 30064771150 31850496 102 1
copy 1183 3 30064771151 31850496 101 1
copy 1184 3 30064771151 31850496 102 1
copy 1185 3 30064771152 31850496 101 1
copy 1186 3 30064771152 31850496 102 1
copy 1187 3 30064771153 31850496 101 1
copy 1188 3 30064771153 31850496 102 1
copy 1189 3 30064771154 31850496 101 1
copy 1190 3 30064771154 31850496 102 1
copy 1191 3 30064771155 31850496 101 1
copy 1192 3 30064771155 31850496 102 1
copy 1193 3 30064771156 31850496 101 1
copy 1194 3 30064771156 31850496 102 1
copy 1195 3 30064771157 31850496 101 1
copy 1196 3 30064771157 31850496 102 1
copy 1197 3 30064771158 31850496 101 1
copy 1198 3 30064771158 31850496 102 1
copy 1199 3 30064771159 31850496 101 1
copy 1200 3 30064771159 31850496 102 1
copy 1201 3 30064771160 31850496 101 1
copy 1202 3 30064771160 31850496 102 1
copy 1203 3 30064771161 31850496 101 1
copy 1204 3 30064771161 31850496 102 1
copy 1205 3 30064771162 31850496 101 1
copy 1206 3 30064771162 31850496 102 1
copy 1207 3 30064771163 31850496 101 1
copy 1208 3 30064771163 31850496 102 1
copy 1209 3 30064771164 31850496 101 1
copy 1210 3 30064771164 31850496 102 1
copy 1211 3 30064771165 31850496 101 1
copy 1212 3 30064771165 31850496 102 1
copy 1213 3 30064771166 31850496 101 1
copy 1214 3 30064771166 31850496 102 1
copy 1215 3 30064771167 31850496 101 1
copy 1216 3 30064771167 31850496 102 1
copy 1217 3 30064771168 31850496 101 1
copy 1218 3 30064771168 31850496 102 1
copy 1219 3 30064771169 31850496 101 1
copy 1220 3 30064771169 31850496 102 1
copy 1221 3 30064771170 31850496 101 1
copy 1222 3 30064771170 31850496 102 1
copy 1223 3 30064771171 31850496 101 1
copy 1224 3 30064771171 31850496 102 1
copy 1225 3 30064771172 31850496 101 1
copy 1226 3 30064771172 31850496 102 1
copy 1227 3 30064771173 31850496 101 1
copy 1228 3 30064771173 31850496 102 1
copy 1229 3 30064771174 31850496 101 1
copy 1230 3 30064771174 31850496 102 1
copy 1231 3 30064771175 31850496 101 1
copy 1232 3 30064771175 31850496 102 1
copy 1233 3 30064771176 31850496 101 1
copy 1234 3 30064771176 31850496 102 1
copy 1235 3 30064771177 31850496 101 1
copy 1236 3 30064771177 31850496 102 1
copy 1237 3 30064771178 31850496 101 1
copy 1238 3 30064771178 31850496 102 1
copy 1239 3 30064771179 31850496 101 1
copy 1240 3 30064771179 31850496 102 1
copy 1241 3 30064771180 31850496 101 1
copy 1242 3 30064771180 31850496 102 1
copy 1243 3 30064771181 31850496 101 1
copy 1244 3 30064771181 31850496 102 1
copy 1245 3 30064771182 31850496 101 1
copy 1246 3 30064771182 31850496 102 1
copy 1247 3 30064771183 31850496 101 1
copy 1248 3 30064771183 31850496 102 1
copy 1249 3 30064771184 31850496 101 1
copy 1250 3 30064771184 31850496 102 1
copy 1251 3 30064771185 31850496 101 1
copy 1252 3 30064771185 31850496 102 1
copy 1253 3 30064771186 31850496 101 1
copy 1254 3 30064771186 31850496 102 1
copy 1255 3 30064771187 31850496 101 1
copy 1256 3 30064771187 31850496 102 1
copy 1257 3 30064771188 31850496 101 1
copy 1258 3 30064771188 31850496 102 1
copy 1259 3 30064771189 31850496 101 1
copy 1260 3 30064771189 31850496 102 1
copy 1261 3 30064771190 31850496 101 1
copy 1262 3 30064771190 31850496 102 1
copy 1263 3 30064771191 31850496 101 1
copy 1264 3 30064771191 31850496 102 1
copy 1265 3 30064771192 31850496 101 1
copy 1266 3 30064771192 31850496 102 1
copy 1267 3 30064771193 31850496 101 1
copy 1268 3 30064771193 31850496 102 1
copy 1269 3 30064771194 31850496 101 1
copy 1270 3 30064771194 31850496 102 1
copy 1271 3 30064771195 31850496 101 1
copy 1272 3 30064771195 31850496 102 1
copy 1273 3 30064771196 31850496 101 1
copy 1274 3 30064771196 31850496 102 1
copy 1275 3 30064771197 31850496 101 1
copy 1276 3 30064771197 31850496 102 1
copy 1277 3 30064771198 31850496 101 1
copy 1278 3 30064771198 31850496 102 1
copy 1279 3 30064771199 31850496 101 1
copy 1280 3 30064771199 31850496 102 1
copy 1281 3 34359738368 31850496 101 1
copy 1282 3 34359738368 31850496 102 1
copy 1283 3 34359738369 31850496 101 1
copy 1284 3 34359738369 31850496 102 1
copy 1285 3 34359738370 31850496 101 1
copy 1286 3 34359738370 31850496 102 1
copy 1287 3 34359738371 31850496 101 1
copy 1288 3 34359738371 31850496 102 1
copy 1289 3 34359738372 31850496 101 1
copy 1290 3 34359738372 31850496 102 1
copy 1291 3 34359738373 31850496 101 1
copy 1292 3 34359738373 31850496 102 1
copy 1293 3 34359738374 31850496 101 1
copy 1294 3 34359738374 31850496 102 1
copy 1295 3 34359738375 31850496 101 1
copy 1296 3 34359738375 31850496 102 1
copy 1297 3 34359738376 31850496 101 1
copy 1298 3 34359738376 31850496 102 1
copy 1299 3 34359738377 31850496 101 1
copy 1300 3 34359738377 31850496 102 1
copy 1301 3 34359738378 31850496 101 1
copy 1302 3 34359738378 31850496 102 1
copy 1303 3 34359738379 31850496 101 1
copy 1304 3 34359738379 31850496 102 1
copy 1305 3 34359738380 31850496 101 1
copy 1306 3 34359738380 31850496 102 1
copy 1307 3 34359738381 31850496 101 1
copy 1308 3 34359738381 31850496 102 1
copy 1309 3 34359738382 31850496 101 1
copy 1310 3 34359738382 31850496 102 1
copy 1311 3 34359738383 31850496 101 1
copy 1312 3 34359738383 31850496 102 1
copy 1313 3 34359738384 31850496 101 1
copy 1314 3 34359738384 31850496 102 1
copy 1315 3 34359738385 31850496 101 1
copy 1316 3 34359738385 31850496 102 1
copy 1317 3 34359738386 31850496 101 1
copy 1318 3 34359738386 31850496 102 1
copy 1319 3 34359738387 31850496 101 1
copy 1320 3 34359738387 31850496 102 1
copy 1321 3 34359738388 31850496 101 1
copy 1322 3 34359738388 31850496 102 1
copy 1323 3 34359738389 31850496 101 1
copy 1324 3 34359738389 31850496 102 1
copy 1325 3 34359738390 31850496 101 1
copy 1326 3 34359738390 31850496 102 1
copy 1327 3 34359738391 31850496 101 1
copy 1328 3 34359738391 31850496 102 1
copy 1329 3 34359738392 31850496 101 1
copy 1330 3 34359738392 31850496 102 1
copy 1331 3 34359738393 31850496 101 1
copy 1332 3 34359738393 31850496 102 1
copy 1333 3 34359738394 31850496 101 1
copy 1334 3 34359738394 31850496 102 1
copy 1335 3 34359738395 31850496 101 1
copy 1336 3 34359738395 31850496 102 1
copy 1337 3 34359738396 31850496 101 1
copy 1338 3 34359738396 31850496 102 1
copy 1339 3 34359738397 31850496 101 1
copy 1340 3 34359738397 31850496 102 1
copy 1341 3 34359738398 31850496 101 1
copy 1342 3 34359738398 31850496 102 1
copy 1343 3 34359738399 31850496 101 1
copy 1344 3 34359738399 31850496 102 1
copy 1345 3 34359738400 31850496 101 1
copy 1346 3 34359738400 31850496 102 1
copy 1347 3 34359738401 31850496 101 1
copy 1348 3 34359738401 31850496 102 1
copy 1349 3 34359738402 31850496 101 1
copy 1350 3 34359738402 31850496 102 1
copy 1351 3 34359738403 31850496 101 1
copy 1352 3 34359738403 31850496 102 1
copy 1353 3 34359738404 31850496 101 1
copy 1354 3 34359738404 31850496 102 1
copy 1355 3 34359738405 31850496 101 1
copy 1356 3 34359738405 31850496 102 1
copy 1357 3 34359738406 31850496 101 1
copy 1358 3 34359738406 31850496 102 1
copy 1359 3 34359738407 31850496 101 1
copy 1360 3 34359738407 31850496 102 1
copy 1361 3 34359738408 31850496 101 1
copy 1362 3 34359738408 31850496 102 1
copy 1363 3 34359738409 31850496 101 1
copy 1364 3 34359738409 31850496 102 1
copy 1365 3 34359738410 31850496 101 1
copy 1366 3 34359738410 31850496 102 1
copy 1367 3 34359738411 31850496 101 1
copy 1368 3 34359738411 31850496 102 1
copy 1369 3 34359738412 31850496 101 1
copy 1370 3 34359738412 31850496 102 1
copy 1371 3 34359738413 31850496 101 1
copy 1372 3 34359738413 31850496 102 1
copy 1373 3 34359738414 31850496 101 1
copy 1374 3 34359738414 31850496 102 1
copy 1375 3 34359738415 31850496 101 1
copy 1376 3 34359738415 31850496 102 1
copy 1377 3 34359738416 31850496 101 1
copy 1378 3 34359738416 31850496 102 1
copy 1379 3 34359738417 31850496 101 1
copy 1380 3 34359738417 31850496 102 1
copy 1381 3 34359738418 31850496 101 1
copy 1382 3 34359738418 31850496 102 1
copy 1383 3 34359738419 31850496 101 1
copy 1384 3 34359738419 31850496 102 1
copy 1385 3 34359738420 31850496 101 1
copy 1386 3 34359738420 31850496 102 1
copy 1387 3 34359738421 31850496 101 1
copy 1388 3 34359738421 31850496 102 1
copy 1389 3 34359738422 31850496 101 1
copy 1390 3 34359738422 31850496 102 1
copy 1391 3 34359738423 31850496 101 1
copy 1392 3 34359738423 31850496 102 1
copy 1393 3 34359738424 31850496 101 1
copy 1394 3 34359738424 31850496 102 1
copy 1395 3 34359738425 31850496 101 1
copy 1396 3 34359738425 31850496 102 1
copy 1397 3 34359738426 31850496 101 1
copy 1398 3 34359738426 31850496 102 1
copy 1399 3 34359738427 31850496 101 1
copy 1400 3 34359738427 31850496 102 1
copy 1401 3 34359738428 31850496 101 1
copy 1402 3 34359738428 31850496 102 1
copy 1403 3 34359738429 31850496 101 1
copy 1404 3 34359738429 31850496 102 1
copy 1405 3 34359738430 31850496 101 1
copy 1406 3 34359738430 31850496 102 1
copy 1407 3 34359738431 31850496 101 1
copy 1408 3 34359738431 31850496 102 1
copy 1409 3 34359738432 31850496 101 1
copy 1410 3 34359738432 31850496 102 1
copy 1411 3 34359738433 31850496 101 1
copy 1412 3 34359738433 31850496 102 1
copy 1413 3 34359738434 31850496 101 1
copy 1414 3 34359738434 31850496 102 1
copy 1415 3 34359738435 31850496 101 1
copy 1416 3 34359738435 31850496 102 1
copy 1417 3 34359738436 31850496 101 1
copy 1418 3 34359738436 31850496 102 1
copy 1419 3 34359738437 31850496 101 1
copy 1420 3 34359738437 31850496 102 1
copy 1421 3 34359738438 31850496 101 1
copy 1422 3 34359738438 31850496 102 1
copy 1423 3 34359738439 31850496 101 1
copy 1424 3 34359738439 31850496 102 1
copy 1425 3 34359738440 31850496 101 1
copy 1426 3 34359738440 31850496 102 1
copy 1427 3 34359738441 31850496 101 1
copy 1428 3 34359738441 31850496 102 1
copy 1429 3 34359738442 31850496 101 1
copy 1430 3 34359738442 31850496 102 1
copy 1431 3 34359738443 31850496 101 1
copy 1432 3 34359738443 31850496 102 1
copy 1433 3 34359738444 31850496 101 1
copy 1434 3 34359738444 31850496 102 1
copy 1435 3 34359738445 31850496 101 1
copy 1436 3 34359738445 31850496 102 1
copy 1437 3 34359738446 31850496 101 1
copy 1438 3 34359738446 31850496 102 1
copy 1439 3 34359738447 31850496 101 1
copy 1440 3 34359738447 31850496 102 1
copy 1441 3 34359738448 31850496 101 1
copy 1442 3 34359738448 31850496 102 1
copy 1443 3 34359738449 31850496 101 1
copy 1444 3 34359738449 31850496 102 1
copy 1445 3 34359738450 31850496 101 1
copy 1446 3 34359738450 31850496 102 1
copy 1447 3 34359738451 31850496 101 1
copy 1448 3 34359738451 31850496 102 1
copy 1449 3 34359738452 31850496 101 1
copy 1450 3 34359738452 31850496 102 1
copy 1451 3 34359738453 31850496 101 1
copy 1452 3 34359738453 31850496 102 1
copy 1453 3 34359738454 31850496 101 1
copy 1454 3 34359738454 31850496 102 1
copy 1455 3 34359738455 31850496 101 1
copy 1456 3 34359738455 31850496 102 1
copy 1457 3 34359738456 31850496 101 1
copy 1458 3 34359738456 31850496 102 1
copy 1459 3 34359738457 31850496 101 1
copy 1460 3 34359738457 31850496 102 1
copy 1461 3 34359738458 31850496 101 1
copy 1462 3 34359738458 31850496 102 1
copy 1463 3 34359738459 31850496 101 1
copy 1464 3 34359738459 31850496 102 1
copy 1465 3 34359738460 31850496 101 1
copy 1466 3 34359738460 31850496 102 1
copy 1467 3 34359738461 31850496 101 1
copy 1468 3 34359738461 31850496 102 1
copy 1469 3 34359738462 31850496 101 1
copy 1470 3 34359738462 31850496 102 1
copy 1471 3 34359738463 31850496 101 1
copy 1472 3 34359738463 31850496 102 1
copy 1473 3 34359738464 31850496 101 1
copy 1474 3 34359738464 31850496 102 1
copy 1475 3 34359738465 31850496 101 1
copy 1476 3 34359738465 31850496 102 1
copy 1477 3 34359738466 31850496 101 1
copy 1478 3 34359738466 31850496 102 1
copy 1479 3 34359738467 31850496 101 1
copy 1480 3 34359738467 31850496 102 1
copy 1481 3 34359738468 31850496 101 1
copy 1482 3 34359738468 31850496 102 1
copy 1483 3 34359738469 31850496 101 1
copy 1484 3 34359738469 31850496 102 1
copy 1485 3 34359738470 31850496 101 1
copy 1486 3 34359738470 31850496 102 1
copy 1487 3 34359738471 31850496 101 1
copy 1488 3 34359738471 31850496 102 1
copy 1489 3 34359738472 31850496 101 1
copy 1490 3 34359738472 31850496 102 1
copy 1491 3 34359738473 31850496 101 1
copy 1492 3 34359738473 31850496 102 1
copy 1493 3 34359738474 31850496 101 1
copy 1494 3 34359738474 31850496 102 1
copy 1495 3 34359738475 31850496 101 1
copy 1496 3 34359738475 31850496 102 1
copy 1497 3 34359738476 31850496 101 1
copy 1498 3 34359738476 31850496 102 1
copy 1499 3 34359738477 31850496 101 1
copy 1500 3 34359738477 31850496 102 1
copy 1501 3 34359738478 31850496 101 1
copy 1502 3 34359738478 31850496 102 1
copy 1503 3 34359738479 31850496 101 1
copy 1504 3 34359738479 31850496 102 1
copy 1505 3 34359738480 31850496 101 1
copy 1506 3 34359738480 31850496 102 1
copy 1507 3 34359738481 31850496 101 1
copy 1508 3 34359738481 31850496 102 1
copy 1509 3 34359738482 31850496 101 1
copy 1510 3 34359738482 31850496 102 1
copy 1511 3 34359738483 31850496 101 1
copy 1512 3 34359738483 31850496 102 1
copy 1513 3 34359738484 31850496 101 1
copy 1514 3 34359738484 31850496 102 1
copy 1515 3 34359738485 31850496 101 1
copy 1516 3 34359738485 31850496 102 1
copy 1517 3 34359738486 31850496 101 1
copy 1518 3 34359738486 31850496 102 1
copy 1519 3 34359738487 31850496 101 1
copy 1520 3 34359738487 31850496 102 1
copy 1521 3 34359738488 31850496 101 1
copy 1522 3 34359738488 31850496 102 1
copy 1523 3 34359738489 31850496 101 1
copy 1524 3 34359738489 31850496 102 1
copy 1525 3 34359738490 31850496 101 1
copy 1526 3 34359738490 31850496 102 1
copy 1527 3 34359738491 31850496 101 1
copy 1528 3 34359738491 31850496 102 1
copy 1529 3 34359738492 31850496 101 1
copy 1530 3 34359738492 31850496 102 1
copy 1531 3 34359738493 31850496 101 1
copy 1532 3 34359738493 31850496 102 1
copy 1533 3 34359738494 31850496 101 1
copy 1534 3 34359738494 31850496 102 1
copy 1535 3 34359738495 31850496 101 1
copy 1536 3 34359738495 31850496 102 1
copy 1537 3 38654705664 31850496 101 1
copy 1538 3 38654705664 31850496 102 1
copy 1539 3 38654705665 31850496 101 1
copy 1540 3 38654705665 31850496 102 1
copy 1541 3 38654705666 31850496 101 1
copy 1542 3 38654705666 31850496 102 1
copy 1543 3 38654705667 31850496 101 1
copy 1544 3 38654705667 31850496 102 1
copy 1545 3 38654705668 31850496 101 1
copy 1546 3 38654705668 31850496 102 1
copy 1547 3 38654705669 31850496 101 1
copy 1548 3 38654705669 31850496 102 1
copy 1549 3 38654705670 31850496 101 1
copy 1550 3 38654705670 31850496 102 1
copy 1551 3 38654705671 31850496 101 1
copy 1552 3 38654705671 31850496 102 1
copy 1553 3 38654705672 31850496 101 1
copy 1554 3 38654705672 31850496 102 1
copy 1555 3 38654705673 31850496 101 1
copy 1556 3 38654705673 31850496 102 1
copy 1557 3 38654705674 31850496 101 1
copy 1558 3 38654705674 31850496 102 1
copy 1559 3 38654705675 31850496 101 1
copy 1560 3 38654705675 31850496 102 1
copy 1561 3 38654705676 31850496 101 1
copy 1562 3 38654705676 31850496 102 1
copy 1563 3 38654705677 31850496 101 1
copy 1564 3 38654705677 31850496 102 1
copy 1565 3 38654705678 31850496 101 1
copy 1566 3 38654705678 31850496 102 1
copy 1567 3 38654705679 31850496 101 1
copy 1568 3 38654705679 31850496 102 1
copy 1569 3 38654705680 31850496 101 1
copy 1570 3 38654705680 31850496 102 1
copy 1571 3 38654705681 31850496 101 1
copy 1572 3 38654705681 31850496 102 1
copy 1573 3 38654705682 31850496 101 1
copy 1574 3 38654705682 31850496 102 1
copy 1575 3 38654705683 31850496 101 1
copy 1576 3 38654705683 31850496 102 1
copy 1577 3 38654705684 31850496 101 1
copy 1578 3 38654705684 31850496 102 1
copy 1579 3 38654705685 31850496 101 1
copy 1580 3 38654705685 31850496 102 1
copy 1581 3 38654705686 31850496 101 1
copy 1582 3 38654705686 31850496 102 1
copy 1583 3 38654705687 31850496 101 1
copy 1584 3 38654705687 31850496 102 1
copy 1585 3 38654705688 31850496 101 1
copy 1586 3 38654705688 31850496 102 1
copy 1587 3 38654705689 31850496 101 1
copy 1588 3 38654705689 31850496 102 1
copy 1589 3 38654705690 31850496 101 1
copy 1590 3 38654705690 31850496 102 1
copy 1591 3 38654705691 31850496 101 1
copy 1592 3 38654705691 31850496 102 1
copy 1593 3 38654705692 31850496 101 1
copy 1594 3 38654705692 31850496 102 1
copy 1595 3 38654705693 31850496 101 1
copy 1596 3 38654705693 31850496 102 1
copy 1597 3 38654705694 31850496 101 1
copy 1598 3 38654705694 31850496 102 1
copy 1599 3 38654705695 31850496 101 1
copy 1600 3 38654705695 31850496 102 1
copy 1601 3 38654705696 31850496 101 1
copy 1602 3 38654705696 31850496 102 1
copy 1603 3 38654705697 31850496 101 1
copy 1604 3 38654705697 31850496 102 1
copy 1605 3 38654705698 31850496 101 1
copy 1606 3 38654705698 31850496 102 1
copy 1607 3 38654705699 31850496 101 1
copy 1608 3 38654705699 31850496 102 1
copy 1609 3 38654705700 31850496 101 1
copy 1610 3 38654705700 31850496 102 1
copy 1611 3 38654705701 31850496 101 1
copy 1612 3 38654705701 31850496 102 1
copy 1613 3 38654705702 31850496 101 1
copy 1614 3 38654705702 31850496 102 1
copy 1615 3 38654705703 31850496 101 1
copy 1616 3 38654705703 31850496 102 1
copy 1617 3 38654705704 31850496 101 1
copy 1618 3 38654705704 31850496 102 1
copy 1619 3 38654705705 31850496 101 1
copy 1620 3 38654705705 31850496 102 1
copy 1621 3 38654705706 31850496 101 1
copy 1622 3 38654705706 31850496 102 1
copy 1623 3 38654705707 31850496 101 1
copy 1624 3 38654705707 31850496 102 1
copy 1625 3 38654705708 31850496 101 1
copy 1626 3 38654705708 31850496 102 1
copy 1627 3 38654705709 31850496 101 1
copy 1628 3 38654705709 31850496 102 1
copy 1629 3 38654705710 31850496 101 1
copy 1630 3 38654705710 31850496 102 1
copy 1631 3 38654705711 31850496 101 1
copy 1632 3 38654705711 31850496 102 1
copy 1633 3 38654705712 31850496 101 1
copy 1634 3 38654705712 31850496 102 1
copy 1635 3 38654705713 31850496 101 1
copy 1636 3 38654705713 31850496 102 1
copy 1637 3 38654705714 31850496 101 1
copy 1638 3 38654705714 31850496 102 1
copy 1639 3 38654705715 31850496 101 1
copy 1640 3 38654705715 31850496 102 1
copy 1641 3 38654705716 31850496 101 1
copy 1642 3 38654705716 31850496 102 1
copy 1643 3 38654705717 31850496 101 1
copy 1644 3 38654705717 31850496 102 1
copy 1645 3 38654705718 31850496 101 1
copy 1646 3 38654705718 31850496 102 1
copy 1647 3 38654705719 31850496 101 1
copy 1648 3 38654705719 31850496 102 1
copy 1649 3 38654705720 31850496 101 1
copy 1650 3 38654705720 31850496 102 1
copy 1651 3 38654705721 31850496 101 1
copy 1652 3 38654705721 31850496 102 1
copy 1653 3 38654705722 31850496 101 1
copy 1654 3 38654705722 31850496 102 1
copy 1655 3 38654705723 31850496 101 1
copy 1656 3 38654705723 31850496 102 1
copy 1657 3 38654705724 31850496 101 1
copy 1658 3 38654705724 31850496 102 1
copy 1659 3 38654705725 31850496 101 1
copy 1660 3 38654705725 31850496 102 1
copy 1661 3 38654705726 31850496 101 1
copy 1662 3 38654705726 31850496 102 1
copy 1663 3 38654705727 31850496 101 1
copy 1664 3 38654705727 31850496 102 1
copy 1665 3 38654705728 31850496 101 1
copy 1666 3 38654705728 31850496 102 1
copy 1667 3 38654705729 31850496 101 1
copy 1668 3 38654705729 31850496 102 1
copy 1669 3 38654705730 31850496 101 1
copy 1670 3 38654705730 31850496 102 1
copy 1671 3 38654705731 31850496 101 1
copy 1672 3 38654705731 31850496 102 1
copy 1673 3 38654705732 31850496 101 1
copy 1674 3 38654705732 31850496 102 1
copy 1675 3 38654705733 31850496 101 1
copy 1676 3 38654705733 31850496 102 1
copy 1677 3 38654705734 31850496 101 1
copy 1678 3 38654705734 31850496 102 1
copy 1679 3 38654705735 31850496 101 1
copy 1680 3 38654705735 31850496 102 1
copy 1681 3 38654705736 31850496 101 1
copy 1682 3 38654705736 31850496 102 1
copy 1683 3 38654705737 31850496 101 1
copy 1684 3 38654705737 31850496 102 1
copy 1685 3 38654705738 31850496 101 1
copy 1686 3 38654705738 31850496 102 1
copy 1687 3 38654705739 31850496 101 1
copy 1688 3 38654705739 31850496 102 1
copy 1689 3 38654705740 31850496 101 1
copy 1690 3 38654705740 31850496 102 1
copy 1691 3 38654705741 31850496 101 1
copy 1692 3 38654705741 31850496 102 1
copy 1693 3 38654705742 31850496 101 1
copy 1694 3 38654705742 31850496 102 1
copy 1695 3 38654705743 31850496 101 1
copy 1696 3 38654705743 31850496 102 1
copy 1697 3 38654705744 31850496 101 1
copy 1698 3 38654705744 31850496 102 1
copy 1699 3 38654705745 31850496 101 1
copy 1700 3 38654705745 31850496 102 1
copy 1701 3 38654705746 31850496 101 1
copy 1702 3 38654705746 31850496 102 1
copy 1703 3 38654705747 31850496 101 1
copy 1704 3 38654705747 31850496 102 1
copy 1705 3 38654705748 31850496 101 1
copy 1706 3 38654705748 31850496 102 1
copy 1707 3 38654705749 31850496 101 1
copy 1708 3 38654705749 31850496 102 1
copy 1709 3 38654705750 31850496 101 1
copy 1710 3 38654705750 31850496 102 1
copy 1711 3 38654705751 31850496 101 1
copy 1712 3 38654705751 31850496 102 1
copy 1713 3 38654705752 31850496 101 1
copy 1714 3 38654705752 31850496 102 1
copy 1715 3 38654705753 31850496 101 1
copy 1716 3 38654705753 31850496 102 1
copy 1717 3 38654705754 31850496 101 1
copy 1718 3 38654705754 31850496 102 1
copy 1719 3 38654705755 31850496 101 1
copy 1720 3 38654705755 31850496 102 1
copy 1721 3 38654705756 31850496 101 1
copy 1722 3 38654705756 31850496 102 1
copy 1723 3 38654705757 31850496 101 1
copy 1724 3 38654705757 31850496 102 1
copy 1725 3 38654705758 31850496 101 1
copy 1726 3 38654705758 31850496 102 1
copy 1727 3 38654705759 31850496 101 1
copy 1728 3 38654705759 31850496 102 1
copy 1729 3 38654705760 31850496 101 1
copy 1730 3 38654705760 31850496 102 1
copy 1731 3 38654705761 31850496 101 1
copy 1732 3 38654705761 31850496 102 1
copy 1733 3 38654705762 31850496 101 1
copy 1734 3 38654705762 31850496 102 1
copy 1735 3 38654705763 31850496 101 1
copy 1736 3 38654705763 31850496 102 1
copy 1737 3 38654705764 31850496 101 1
copy 1738 3 38654705764 31850496 102 1
copy 1739 3 38654705765 31850496 101 1
copy 1740 3 38654705765 31850496 102 1
copy 1741 3 38654705766 31850496 101 1
copy 1742 3 38654705766 31850496 102 1
copy 1743 3 38654705767 31850496 101 1
copy 1744 3 38654705767 31850496 102 1
copy 1745 3 38654705768 31850496 101 1
copy 1746 3 38654705768 31850496 102 1
copy 1747 3 38654705769 31850496 101 1
copy 1748 3 38654705769 31850496 102 1
copy 1749 3 38654705770 31850496 101 1
copy 1750 3 38654705770 31850496 102 1
copy 1751 3 38654705771 31850496 101 1
copy 1752 3 38654705771 31850496 102 1
copy 1753 3 38654705772 31850496 101 1
copy 1754 3 38654705772 31850496 102 1
copy 1755 3 38654705773 31850496 101 1
copy 1756 3 38654705773 31850496 102 1
copy 1757 3 38654705774 31850496 101 1
copy 1758 3 38654705774 31850496 102 1
copy 1759 3 38654705775 31850496 101 1
copy 1760 3 38654705775 31850496 102 1
copy 1761 3 38654705776 31850496 101 1
copy 1762 3 38654705776 31850496 102 1
copy 1763 3 38654705777 31850496 101 1
copy 1764 3 38654705777 31850496 102 1
copy 1765 3 38654705778 31850496 101 1
copy 1766 3 38654705778 31850496 102 1
copy 1767 3 38654705779 31850496 101 1
copy 1768 3 38654705779 31850496 102 1
copy 1769 3 38654705780 31850496 101 1
copy 1770 3 38654705780 31850496 102 1
copy 1771 3 38654705781 31850496 101 1
copy 1772 3 38654705781 31850496 102 1
copy 1773 3 38654705782 31850496 101 1
copy 1774 3 38654705782 31850496 102 1
copy 1775 3 38654705783 31850496 101 1
copy 1776 3 38654705783 31850496 102 1
copy 1777 3 38654705784 31850496 101 1
copy 1778 3 38654705784 31850496 102 1
copy 1779 3 38654705785 31850496 101 1
copy 1780 3 38654705785 31850496 102 1
copy 1781 3 38654705786 31850496 101 1
copy 1782 3 38654705786 31850496 102 1
copy 1783 3 38654705787 31850496 101 1
copy 1784 3 38654705787 31850496 102 1
copy 1785 3 38654705788 31850496 101 1
copy 1786 3 38654705788 31850496 102 1
copy 1787 3 38654705789 31850496 101 1
copy 1788 3 38654705789 31850496 102 1
copy 1789 3 38654705790 31850496 101 1
copy 1790 3 38654705790 31850496 102 1
copy 1791 3 38654705791 31850496 101 1
copy 1792 3 38654705791 31850496 102 1
copy 1793 3 42949672960 31850496 101 1
copy 1794 3 42949672960 31850496 102 1
copy 1795 3 42949672961 31850496 101 1
copy 1796 3 42949672961 31850496 102 1
copy 1797 3 42949672962 31850496 101 1
copy 1798 3 42949672962 31850496 102 1
copy 1799 3 42949672963 31850496 101 1
copy 1800 3 42949672963 31850496 102 1
copy 1801 3 42949672964 31850496 101 1
copy 1802 3 42949672964 31850496 102 1
copy 1803 3 42949672965 31850496 101 1
copy 1804 3 42949672965 31850496 102 1
copy 1805 3 42949672966 31850496 101 1
copy 1806 3 42949672966 31850496 102 1
copy 1807 3 42949672967 31850496 101 1
copy 1808 3 42949672967 31850496 102 1
copy 1809 3 42949672968 31850496 101 1
copy 1810 3 42949672968 31850496 102 1
copy 1811 3 42949672969 31850496 101 1
copy 1812 3 42949672969 31850496 102 1
copy 1813 3 42949672970 31850496 101 1
copy 1814 3 42949672970 31850496 102 1
copy 1815 3 42949672971 31850496 101 1
copy 1816 3 42949672971 31850496 102 1
copy 1817 3 42949672972 31850496 101 1
copy 1818 3 42949672972 31850496 102 1
copy 1819 3 42949672973 31850496 101 1
copy 1820 3 42949672973 31850496 102 1
copy 1821 3 42949672974 31850496 101 1
copy 1822 3 42949672974 31850496 102 1
copy 1823 3 42949672975 31850496 101 1
copy 1824 3 42949672975 31850496 102 1
copy 1825 3 42949672976 31850496 101 1
copy 1826 3 42949672976 31850496 102 1
copy 1827 3 42949672977 31850496 101 1
copy 1828 3 42949672977 31850496 102 1
copy 1829 3 42949672978 31850496 101 1
copy 1830 3 42949672978 31850496 102 1
copy 1831 3 42949672979 31850496 101 1
copy 1832 3 42949672979 31850496 102 1
copy 1833 3 42949672980 31850496 101 1
copy 1834 3 42949672980 31850496 102 1
copy 1835 3 42949672981 31850496 101 1
copy 1836 3 42949672981 31850496 102 1
copy 1837 3 42949672982 31850496 101 1
copy 1838 3 42949672982 31850496 102 1
copy 1839 3 42949672983 31850496 101 1
copy 1840 3 42949672983 31850496 102 1
copy 1841 3 42949672984 31850496 101 1
copy 1842 3 42949672984 31850496 102 1
copy 1843 3 42949672985 31850496 101 1
copy 1844 3 42949672985 31850496 102 1
copy 1845 3 42949672986 31850496 101 1
copy 1846 3 42949672986 31850496 102 1
copy 1847 3 42949672987 31850496 101 1
copy 1848 3 42949672987 31850496 102 1
copy 1849 3 42949672988 31850496 101 1
copy 1850 3 42949672988 31850496 102 1
copy 1851 3 42949672989 31850496 101 1
copy 1852 3 42949672989 31850496 102 1
copy 1853 3 42949672990 31850496 101 1
copy 1854 3 42949672990 31850496 102 1
copy 1855 3 42949672991 31850496 101 1
copy 1856 3 42949672991 31850496 102 1
copy 1857 3 42949672992 31850496 101 1
copy 1858 3 42949672992 31850496 102 1
copy 1859 3 42949672993 31850496 101 1
copy 1860 3 42949672993 31850496 102 1
copy 1861 3 42949672994 31850496 101 1
copy 1862 3 42949672994 31850496 102 1
copy 1863 3 42949672995 31850496 101 1
copy 1864 3 42949672995 31850496 102 1
copy 1865 3 42949672996 31850496 101 1
copy 1866 3 42949672996 31850496 102 1
copy 1867 3 42949672997 31850496 101 1
copy 1868 3 42949672997 31850496 102 1
copy 1869 3 42949672998 31850496 101 1
copy 1870 3 42949672998 31850496 102 1
copy 1871 3 42949672999 31850496 101 1
copy 1872 3 42949672999 31850496 102 1
copy 1873 3 42949673000 31850496 101 1
copy 1874 3 42949673000 31850496 102 1
copy 1875 3 42949673001 31850496 101 1
copy 1876 3 42949673001 31850496 102 1
copy 1877 3 42949673002 31850496 101 1
copy 1878 3 42949673002 31850496 102 1
copy 1879 3 42949673003 31850496 101 1
copy 1880 3 42949673003 31850496 102 1
copy 1881 3 42949673004 31850496 101 1
copy 1882 3 42949673004 31850496 102 1
copy 1883 3 42949673005 31850496 101 1
copy 1884 3 42949673005 31850496 102 1
copy 1885 3 42949673006 31850496 101 1
copy 1886 3 42949673006 31850496 102 1
copy 1887 3 42949673007 31850496 101 1
copy 1888 3 42949673007 31850496 102 1
copy 1889 3 42949673008 31850496 101 1
copy 1890 3 42949673008 31850496 102 1
copy 1891 3 42949673009 31850496 101 1
copy 1892 3 42949673009 31850496 102 1
copy 1893 3 42949673010 31850496 101 1
copy 1894 3 42949673010 31850496 102 1
copy 1895 3 42949673011 31850496 101 1
copy 1896 3 42949673011 31850496 102 1
copy 1897 3 42949673012 31850496 101 1
copy 1898 3 42949673012 31850496 102 1
copy 1899 3 42949673013 31850496 101 1
copy 1900 3 42949673013 31850496 102 1
copy 1901 3 42949673014 31850496 101 1
copy 1902 3 42949673014 31850496 102 1
copy 1903 3 42949673015 31850496 101 1
copy 1904 3 42949673015 31850496 102 1
copy 1905 3 42949673016 31850496 101 1
copy 1906 3 42949673016 31850496 102 1
copy 1907 3 42949673017 31850496 101 1
copy 1908 3 42949673017 31850496 102 1
copy 1909 3 42949673018 31850496 101 1
copy 1910 3 42949673018 31850496 102 1
copy 1911 3 42949673019 31850496 101 1
copy 1912 3 42949673019 31850496 102 1
copy 1913 3 42949673020 31850496 101 1
copy 1914 3 42949673020 31850496 102 1
copy 1915 3 42949673021 31850496 101 1
copy 1916 3 42949673021 31850496 102 1
copy 1917 3 42949673022 31850496 101 1
copy 1918 3 42949673022 31850496 102 1
copy 1919 3 42949673023 31850496 101 1
copy 1920 3 42949673023 31850496 102 1
copy 1921 3 42949673024 31850496 101 1
copy 1922 3 42949673024 31850496 102 1
copy 1923 3 42949673025 31850496 101 1
copy 1924 3 42949673025 31850496 102 1
copy 1925 3 42949673026 31850496 101 1
copy 1926 3 42949673026 31850496 102 1
copy 1927 3 42949673027 31850496 101 1
copy 1928 3 42949673027 31850496 102 1
copy 1929 3 42949673028 31850496 101 1
copy 1930 3 42949673028 31850496 102 1
copy 1931 3 42949673029 31850496 101 1
copy 1932 3 42949673029 31850496 102 1
copy 1933 3 42949673030 31850496 101 1
copy 1934 3 42949673030 31850496 102 1
copy 1935 3 42949673031 31850496 101 1
copy 1936 3 42949673031 31850496 102 1
copy 1937 3 42949673032 31850496 101 1
copy 1938 3 42949673032 31850496 102 1
copy 1939 3 42949673033 31850496 101 1
copy 1940 3 42949673033 31850496 102 1
copy 1941 3 42949673034 31850496 101 1
copy 1942 3 42949673034 31850496 102 1
copy 1943 3 42949673035 31850496 101 1
copy 1944 3 42949673035 31850496 102 1
copy 1945 3 42949673036 31850496 101 1
copy 1946 3 42949673036 31850496 102 1
copy 1947 3 42949673037 31850496 101 1
copy 1948 3 42949673037 31850496 102 1
copy 1949 3 42949673038 31850496 101 1
copy 1950 3 42949673038 31850496 102 1
copy 1951 3 42949673039 31850496 101 1
copy 1952 3 42949673039 31850496 102 1
copy 1953 3 42949673040 31850496 101 1
copy 1954 3 42949673040 31850496 102 1
copy 1955 3 42949673041 31850496 101 1
copy 1956 3 42949673041 31850496 102 1
copy 1957 3 42949673042 31850496 101 1
copy 1958 3 42949673042 31850496 102 1
copy 1959 3 42949673043 31850496 101 1
copy 1960 3 42949673043 31850496 102 1
copy 1961 3 42949673044 31850496 101 1
copy 1962 3 42949673044 31850496 102 1
copy 1963 3 42949673045 31850496 101 1
copy 1964 3 42949673045 31850496 102 1
copy 1965 3 42949673046 31850496 101 1
copy 1966 3 42949673046 31850496 102 1
copy 1967 3 42949673047 31850496 101 1
copy 1968 3 42949673047 31850496 102 1
copy 1969 3 42949673048 31850496 101 1
copy 1970 3 42949673048 31850496 102 1
copy 1971 3 42949673049 31850496 101 1
copy 1972 3 42949673049 31850496 102 1
copy 1973 3 42949673050 31850496 101 1
copy 1974 3 42949673050 31850496 102 1
copy 1975 3 42949673051 31850496 101 1
copy 1976 3 42949673051 31850496 102 1
copy 1977 3 42949673052 31850496 101 1
copy 1978 3 42949673052 31850496 102 1
copy 1979 3 42949673053 31850496 101 1
copy 1980 3 42949673053 31850496 102 1
copy 1981 3 42949673054 31850496 101 1
copy 1982 3 42949673054 31850496 102 1
copy 1983 3 42949673055 31850496 101 1
copy 1984 3 42949673055 31850496 102 1
copy 1985 3 42949673056 31850496 101 1
copy 1986 3 42949673056 31850496 102 1
copy 1987 3 42949673057 31850496 101 1
copy 1988 3 42949673057 31850496 102 1
copy 1989 3 42949673058 31850496 101 1
copy 1990 3 42949673058 31850496 102 1
copy 1991 3 42949673059 31850496 101 1
copy 1992 3 42949673059 31850496 102 1
copy 1993 3 42949673060 31850496 101 1
copy 1994 3 42949673060 31850496 102 1
copy 1995 3 42949673061 31850496 101 1
copy 1996 3 42949673061 31850496 102 1
copy 1997 3 42949673062 31850496 101 1
copy 1998 3 42949673062 31850496 102 1
copy 1999 3 42949673063 31850496 101 1
copy 2000 3 42949673063 31850496 102 1
copy 2001 3 42949673064 31850496 101 1
copy 2002 3 42949673064 31850496 102 1
copy 2003 3 42949673065 31850496 101 1
copy 2004 3 42949673065 31850496 102 1
copy 2005 3 42949673066 31850496 101 1
copy 2006 3 42949673066 31850496 102 1
copy 2007 3 42949673067 31850496 101 1
copy 2008 3 42949673067 31850496 102 1
copy 2009 3 42949673068 31850496 101 1
copy 2010 3 42949673068 31850496 102 1
copy 2011 3 42949673069 31850496 101 1
copy 2012 3 42949673069 31850496 102 1
copy 2013 3 42949673070 31850496 101 1
copy 2014 3 42949673070 31850496 102 1
copy 2015 3 42949673071 31850496 101 1
copy 2016 3 42949673071 31850496 102 1
copy 2017 3 42949673072 31850496 101 1
copy 2018 3 42949673072 31850496 102 1
copy 2019 3 42949673073 31850496 101 1
copy 2020 3 42949673073 31850496 102 1
copy 2021 3 42949673074 31850496 101 1
copy 2022 3 42949673074 31850496 102 1
copy 2023 3 42949673075 31850496 101 1
copy 2024 3 42949673075 31850496 102 1
copy 2025 3 42949673076 31850496 101 1
copy 2026 3 42949673076 31850496 102 1
copy 2027 3 42949673077 31850496 101 1
copy 2028 3 42949673077 31850496 102 1
copy 2029 3 42949673078 31850496 101 1
copy 2030 3 42949673078 31850496 102 1
copy 2031 3 42949673079 31850496 101 1
copy 2032 3 42949673079 31850496 102 1
copy 2033 3 42949673080 31850496 101 1
copy 2034 3 42949673080 31850496 102 1
copy 2035 3 42949673081 31850496 101 1
copy 2036 3 42949673081 31850496 102 1
copy 2037 3 42949673082 31850496 101 1
copy 2038 3 42949673082 31850496 102 1
copy 2039 3 42949673083 31850496 101 1
copy 2040 3 42949673083 31850496 102 1
copy 2041 3 42949673084 31850496 101 1
copy 2042 3 42949673084 31850496 102 1
copy 2043 3 42949673085 31850496 101 1
copy 2044 3 42949673085 31850496 102 1
copy 2045 3 42949673086 31850496 101 1
copy 2046 3 42949673086 31850496 102 1
copy 2047 3 42949673087 31850496 101 1
copy 2048 3 42949673087 31850496 102 1
copy 2049 3 47244640256 31850496 101 1
copy 2050 3 47244640256 31850496 102 1
copy 2051 3 47244640257 31850496 101 1
copy 2052 3 47244640257 31850496 102 1
copy 2053 3 47244640258 31850496 101 1
copy 2054 3 47244640258 31850496 102 1
copy 2055 3 47244640259 31850496 101 1
copy 2056 3 47244640259 31850496 102 1
copy 2057 3 47244640260 31850496 101 1
copy 2058 3 47244640260 31850496 102 1
copy 2059 3 47244640261 31850496 101 1
copy 2060 3 47244640261 31850496 102 1
copy 2061 3 47244640262 31850496 101 1
copy 2062 3 47244640262 31850496 102 1
copy 2063 3 47244640263 31850496 101 1
copy 2064 3 47244640263 31850496 102 1
copy 2065 3 47244640264 31850496 101 1
copy 2066 3 47244640264 31850496 102 1
copy 2067 3 47244640265 31850496 101 1
copy 2068 3 47244640265 31850496 102 1
copy 2069 3 47244640266 31850496 101 1
copy 2070 3 47244640266 31850496 102 1
copy 2071 3 47244640267 31850496 101 1
copy 2072 3 47244640267 31850496 102 1
copy 2073 3 47244640268 31850496 101 1
copy 2074 3 47244640268 31850496 102 1
copy 2075 3 47244640269 31850496 101 1
copy 2076 3 47244640269 31850496 102 1
copy 2077 3 47244640270 31850496 101 1
copy 2078 3 47244640270 31850496 102 1
copy 2079 3 47244640271 31850496 101 1
copy 2080 3 47244640271 31850496 102 1
copy 2081 3 47244640272 31850496 101 1
copy 2082 3 47244640272 31850496 102 1
copy 2083 3 47244640273 31850496 101 1
copy 2084 3 47244640273 31850496 102 1
copy 2085 3 47244640274 31850496 101 1
copy 2086 3 47244640274 31850496 102 1
copy 2087 3 47244640275 31850496 101 1
copy 2088 3 47244640275 31850496 102 1
copy 2089 3 47244640276 31850496 101 1
copy 2090 3 47244640276 31850496 102 1
copy 2091 3 47244640277 31850496 101 1
copy 2092 3 47244640277 31850496 102 1
copy 2093 3 47244640278 31850496 101 1
copy 2094 3 47244640278 31850496 102 1
copy 2095 3 47244640279 31850496 101 1
copy 2096 3 47244640279 31850496 102 1
copy 2097 3 47244640280 31850496 101 1
copy 2098 3 47244640280 31850496 102 1
copy 2099 3 47244640281 31850496 101 1
copy 2100 3 47244640281 31850496 102 1
copy 2101 3 47244640282 31850496 101 1
copy 2102 3 47244640282 31850496 102 1
copy 2103 3 47244640283 31850496 101 1
copy 2104 3 47244640283 31850496 102 1
copy 2105 3 47244640284 31850496 101 1
copy 2106 3 47244640284 31850496 102 1
copy 2107 3 47244640285 31850496 101 1
copy 2108 3 47244640285 31850496 102 1
copy 2109 3 47244640286 31850496 101 1
copy 2110 3 47244640286 31850496 102 1
copy 2111 3 47244640287 31850496 101 1
copy 2112 3 47244640287 31850496 102 1
copy 2113 3 47244640288 31850496 101 1
copy 2114 3 47244640288 31850496 102 1
copy 2115 3 47244640289 31850496 101 1
copy 2116 3 47244640289 31850496 102 1
copy 2117 3 47244640290 31850496 101 1
copy 2118 3 47244640290 31850496 102 1
copy 2119 3 47244640291 31850496 101 1
copy 2120 3 47244640291 31850496 102 1
copy 2121 3 47244640292 31850496 101 1
copy 2122 3 47244640292 31850496 102 1
copy 2123 3 47244640293 31850496 101 1
copy 2124 3 47244640293 31850496 102 1
copy 2125 3 47244640294 31850496 101 1
copy 2126 3 47244640294 31850496 102 1
copy 2127 3 47244640295 31850496 101 1
copy 2128 3 47244640295 31850496 102 1
copy 2129 3 47244640296 31850496 101 1
copy 2130 3 47244640296 31850496 102 1
copy 2131 3 47244640297 31850496 101 1
copy 2132 3 47244640297 31850496 102 1
copy 2133 3 47244640298 31850496 101 1
copy 2134 3 47244640298 31850496 102 1
copy 2135 3 47244640299 31850496 101 1
copy 2136 3 47244640299 31850496 102 1
copy 2137 3 47244640300 31850496 101 1
copy 2138 3 47244640300 31850496 102 1
copy 2139 3 47244640301 31850496 101 1
copy 2140 3 47244640301 31850496 102 1
copy 2141 3 47244640302 31850496 101 1
copy 2142 3 47244640302 31850496 102 1
copy 2143 3 47244640303 31850496 101 1
copy 2144 3 47244640303 31850496 102 1
copy 2145 3 47244640304 31850496 101 1
copy 2146 3 47244640304 31850496 102 1
copy 2147 3 47244640305 31850496 101 1
copy 2148 3 47244640305 31850496 102 1
copy 2149 3 47244640306 31850496 101 1
copy 2150 3 47244640306 31850496 102 1
copy 2151 3 47244640307 31850496 101 1
copy 2152 3 47244640307 31850496 102 1
copy 2153 3 47244640308 31850496 101 1
copy 2154 3 47244640308 31850496 102 1
copy 2155 3 47244640309 31850496 101 1
copy 2156 3 47244640309 31850496 102 1
copy 2157 3 47244640310 31850496 101 1
copy 2158 3 47244640310 31850496 102 1
copy 2159 3 47244640311 31850496 101 1
copy 2160 3 47244640311 31850496 102 1
copy 2161 3 47244640312 31850496 101 1
copy 2162 3 47244640312 31850496 102 1
copy 2163 3 47244640313 31850496 101 1
copy 2164 3 47244640313 31850496 102 1
copy 2165 3 47244640314 31850496 101 1
copy 2166 3 47244640314 31850496 102 1
copy 2167 3 47244640315 31850496 101 1
copy 2168 3 47244640315 31850496 102 1
copy 2169 3 47244640316 31850496 101 1
copy 2170 3 47244640316 31850496 102 1
copy 2171 3 47244640317 31850496 101 1
copy 2172 3 47244640317 31850496 102 1
copy 2173 3 47244640318 31850496 101 1
copy 2174 3 47244640318 31850496 102 1
copy 2175 3 47244640319 31850496 101 1
copy 2176 3 47244640319 31850496 102 1
copy 2177 3 47244640320 31850496 101 1
copy 2178 3 47244640320 31850496 102 1
copy 2179 3 47244640321 31850496 101 1
copy 2180 3 47244640321 31850496 102 1
copy 2181 3 47244640322 31850496 101 1
copy 2182 3 47244640322 31850496 102 1
copy 2183 3 47244640323 31850496 101 1
copy 2184 3 47244640323 31850496 102 1
copy 2185 3 47244640324 31850496 101 1
copy 2186 3 47244640324 31850496 102 1
copy 2187 3 47244640325 31850496 101 1
copy 2188 3 47244640325 31850496 102 1
copy 2189 3 47244640326 31850496 101 1
copy 2190 3 47244640326 31850496 102 1
copy 2191 3 47244640327 31850496 101 1
copy 2192 3 47244640327 31850496 102 1
copy 2193 3 47244640328 31850496 101 1
copy 2194 3 47244640328 31850496 102 1
copy 2195 3 47244640329 31850496 101 1
copy 2196 3 47244640329 31850496 102 1
copy 2197 3 47244640330 31850496 101 1
copy 2198 3 47244640330 31850496 102 1
copy 2199 3 47244640331 31850496 101 1
copy 2200 3 47244640331 31850496 102 1
copy 2201 3 47244640332 31850496 101 1
copy 2202 3 47244640332 31850496 102 1
copy 2203 3 47244640333 31850496 101 1
copy 2204 3 47244640333 31850496 102 1
copy 2205 3 47244640334 31850496 101 1
copy 2206 3 47244640334 31850496 102 1
copy 2207 3 47244640335 31850496 101 1
copy 2208 3 47244640335 31850496 102 1
copy 2209 3 47244640336 31850496 101 1
copy 2210 3 47244640336 31850496 102 1
copy 2211 3 47244640337 31850496 101 1
copy 2212 3 47244640337 31850496 102 1
copy 2213 3 47244640338 31850496 101 1
copy 2214 3 47244640338 31850496 102 1
copy 2215 3 47244640339 31850496 101 1
copy 2216 3 47244640339 31850496 102 1
copy 2217 3 47244640340 31850496 101 1
copy 2218 3 47244640340 31850496 102 1
copy 2219 3 47244640341 31850496 101 1
copy 2220 3 47244640341 31850496 102 1
copy 2221 3 47244640342 31850496 101 1
copy 2222 3 47244640342 31850496 102 1
copy 2223 3 47244640343 31850496 101 1
copy 2224 3 47244640343 31850496 102 1
copy 2225 3 47244640344 31850496 101 1
copy 2226 3 47244640344 31850496 102 1
copy 2227 3 47244640345 31850496 101 1
copy 2228 3 47244640345 31850496 102 1
copy 2229 3 47244640346 31850496 101 1
copy 2230 3 47244640346 31850496 102 1
copy 2231 3 47244640347 31850496 101 1
copy 2232 3 47244640347 31850496 102 1
copy 2233 3 47244640348 31850496 101 1
copy 2234 3 47244640348 31850496 102 1
copy 2235 3 47244640349 31850496 101 1
copy 2236 3 47244640349 31850496 102 1
copy 2237 3 47244640350 31850496 101 1
copy 2238 3 47244640350 31850496 102 1
copy 2239 3 47244640351 31850496 101 1
copy 2240 3 47244640351 31850496 102 1
copy 2241 3 47244640352 31850496 101 1
copy 2242 3 47244640352 31850496 102 1
copy 2243 3 47244640353 31850496 101 1
copy 2244 3 47244640353 31850496 102 1
copy 2245 3 47244640354 31850496 101 1
copy 2246 3 47244640354 31850496 102 1
copy 2247 3 47244640355 31850496 101 1
copy 2248 3 47244640355 31850496 102 1
copy 2249 3 47244640356 31850496 101 1
copy 2250 3 47244640356 31850496 102 1
copy 2251 3 47244640357 31850496 101 1
copy 2252 3 47244640357 31850496 102 1
copy 2253 3 47244640358 31850496 101 1
copy 2254 3 47244640358 31850496 102 1
copy 2255 3 47244640359 31850496 101 1
copy 2256 3 47244640359 31850496 102 1
copy 2257 3 47244640360 31850496 101 1
copy 2258 3 47244640360 31850496 102 1
copy 2259 3 47244640361 31850496 101 1
copy 2260 3 47244640361 31850496 102 1
copy 2261 3 47244640362 31850496 101 1
copy 2262 3 47244640362 31850496 102 1
copy 2263 3 47244640363 31850496 101 1
copy 2264 3 47244640363 31850496 102 1
copy 2265 3 47244640364 31850496 101 1
copy 2266 3 47244640364 31850496 102 1
copy 2267 3 47244640365 31850496 101 1
copy 2268 3 47244640365 31850496 102 1
copy 2269 3 47244640366 31850496 101 1
copy 2270 3 47244640366 31850496 102 1
copy 2271 3 47244640367 31850496 101 1
copy 2272 3 47244640367 31850496 102 1
copy 2273 3 47244640368 31850496 101 1
copy 2274 3 47244640368 31850496 102 1
copy 2275 3 47244640369 31850496 101 1
copy 2276 3 47244640369 31850496 102 1
copy 2277 3 47244640370 31850496 101 1
copy 2278 3 47244640370 31850496 102 1
copy 2279 3 47244640371 31850496 101 1
copy 2280 3 47244640371 31850496 102 1
copy 2281 3 47244640372 31850496 101 1
copy 2282 3 47244640372 31850496 102 1
copy 2283 3 47244640373 31850496 101 1
copy 2284 3 47244640373 31850496 102 1
copy 2285 3 47244640374 31850496 101 1
copy 2286 3 47244640374 31850496 102 1
copy 2287 3 47244640375 31850496 101 1
copy 2288 3 47244640375 31850496 102 1
copy 2289 3 47244640376 31850496 101 1
copy 2290 3 47244640376 31850496 102 1
copy 2291 3 47244640377 31850496 101 1
copy 2292 3 47244640377 31850496 102 1
copy 2293 3 47244640378 31850496 101 1
copy 2294 3 47244640378 31850496 102 1
copy 2295 3 47244640379 31850496 101 1
copy 2296 3 47244640379 31850496 102 1
copy 2297 3 47244640380 31850496 101 1
copy 2298 3 47244640380 31850496 102 1
copy 2299 3 47244640381 31850496 101 1
copy 2300 3 47244640381 31850496 102 1
copy 2301 3 47244640382 31850496 101 1
copy 2302 3 47244640382 31850496 102 1
copy 2303 3 47244640383 31850496 101 1
copy 2304 3 47244640383 31850496 102 1
copy 2305 3 51539607552 31850496 101 1
copy 2306 3 51539607552 31850496 102 1
copy 2307 3 51539607553 31850496 101 1
copy 2308 3 51539607553 31850496 102 1
copy 2309 3 51539607554 31850496 101 1
copy 2310 3 51539607554 31850496 102 1
copy 2311 3 51539607555 31850496 101 1
copy 2312 3 51539607555 31850496 102 1
copy 2313 3 51539607556 31850496 101 1
copy 2314 3 51539607556 31850496 102 1
copy 2315 3 51539607557 31850496 101 1
copy 2316 3 51539607557 31850496 102 1
copy 2317 3 51539607558 31850496 101 1
copy 2318 3 51539607558 31850496 102 1
copy 2319 3 51539607559 31850496 101 1
copy 2320 3 51539607559 31850496 102 1
copy 2321 3 51539607560 31850496 101 1
copy 2322 3 51539607560 31850496 102 1
copy 2323 3 51539607561 31850496 101 1
copy 2324 3 51539607561 31850496 102 1
copy 2325 3 51539607562 31850496 101 1
copy 2326 3 51539607562 31850496 102 1
copy 2327 3 51539607563 31850496 101 1
copy 2328 3 51539607563 31850496 102 1
copy 2329 3 51539607564 31850496 101 1
copy 2330 3 51539607564 31850496 102 1
copy 2331 3 51539607565 31850496 101 1
copy 2332 3 51539607565 31850496 102 1
copy 2333 3 51539607566 31850496 101 1
copy 2334 3 51539607566 31850496 102 1
copy 2335 3 51539607567 31850496 101 1
copy 2336 3 51539607567 31850496 102 1
copy 2337 3 51539607568 31850496 101 1
copy 2338 3 51539607568 31850496 102 1
copy 2339 3 51539607569 31850496 101 1
copy 2340 3 51539607569 31850496 102 1
copy 2341 3 51539607570 31850496 101 1
copy 2342 3 51539607570 31850496 102 1
copy 2343 3 51539607571 31850496 101 1
copy 2344 3 51539607571 31850496 102 1
copy 2345 3 51539607572 31850496 101 1
copy 2346 3 51539607572 31850496 102 1
copy 2347 3 51539607573 31850496 101 1
copy 2348 3 51539607573 31850496 102 1
copy 2349 3 51539607574 31850496 101 1
copy 2350 3 51539607574 31850496 102 1
copy 2351 3 51539607575 31850496 101 1
copy 2352 3 51539607575 31850496 102 1
copy 2353 3 51539607576 31850496 101 1
copy 2354 3 51539607576 31850496 102 1
copy 2355 3 51539607577 31850496 101 1
copy 2356 3 51539607577 31850496 102 1
copy 2357 3 51539607578 31850496 101 1
copy 2358 3 51539607578 31850496 102 1
copy 2359 3 51539607579 31850496 101 1
copy 2360 3 51539607579 31850496 102 1
copy 2361 3 51539607580 31850496 101 1
copy 2362 3 51539607580 31850496 102 1
copy 2363 3 51539607581 31850496 101 1
copy 2364 3 51539607581 31850496 102 1
copy 2365 3 51539607582 31850496 101 1
copy 2366 3 51539607582 31850496 102 1
copy 2367 3 51539607583 31850496 101 1
copy 2368 3 51539607583 31850496 102 1
copy 2369 3 51539607584 31850496 101 1
copy 2370 3 51539607584 31850496 102 1
copy 2371 3 51539607585 31850496 101 1
copy 2372 3 51539607585 31850496 102 1
copy 2373 3 51539607586 31850496 101 1
copy 2374 3 51539607586 31850496 102 1
copy 2375 3 51539607587 31850496 101 1
copy 2376 3 51539607587 31850496 102 1
copy 2377 3 51539607588 31850496 101 1
copy 2378 3 51539607588 31850496 102 1
copy 2379 3 51539607589 31850496 101 1
copy 2380 3 51539607589 31850496 102 1
copy 2381 3 51539607590 31850496 101 1
copy 2382 3 51539607590 31850496 102 1
copy 2383 3 51539607591 31850496 101 1
copy 2384 3 51539607591 31850496 102 1
copy 2385 3 51539607592 31850496 101 1
copy 2386 3 51539607592 31850496 102 1
copy 2387 3 51539607593 31850496 101 1
copy 2388 3 51539607593 31850496 102 1
copy 2389 3 51539607594 31850496 101 1
copy 2390 3 51539607594 31850496 102 1
copy 2391 3 51539607595 31850496 101 1
copy 2392 3 51539607595 31850496 102 1
copy 2393 3 51539607596 31850496 101 1
copy 2394 3 51539607596 31850496 102 1
copy 2395 3 51539607597 31850496 101 1
copy 2396 3 51539607597 31850496 102 1
copy 2397 3 51539607598 31850496 101 1
copy 2398 3 51539607598 31850496 102 1
copy 2399 3 51539607599 31850496 101 1
copy 2400 3 51539607599 31850496 102 1
copy 2401 3 51539607600 31850496 101 1
copy 2402 3 51539607600 31850496 102 1
copy 2403 3 51539607601 31850496 101 1
copy 2404 3 51539607601 31850496 102 1
copy 2405 3 51539607602 31850496 101 1
copy 2406 3 51539607602 31850496 102 1
copy 2407 3 51539607603 31850496 101 1
copy 2408 3 51539607603 31850496 102 1
copy 2409 3 51539607604 31850496 101 1
copy 2410 3 51539607604 31850496 102 1
copy 2411 3 51539607605 31850496 101 1
copy 2412 3 51539607605 31850496 102 1
copy 2413 3 51539607606 31850496 101 1
copy 2414 3 51539607606 31850496 102 1
copy 2415 3 51539607607 31850496 101 1
copy 2416 3 51539607607 31850496 102 1
copy 2417 3 51539607608 31850496 101 1
copy 2418 3 51539607608 31850496 102 1
copy 2419 3 51539607609 31850496 101 1
copy 2420 3 51539607609 31850496 102 1
copy 2421 3 51539607610 31850496 101 1
copy 2422 3 51539607610 31850496 102 1
copy 2423 3 51539607611 31850496 101 1
copy 2424 3 51539607611 31850496 102 1
copy 2425 3 51539607612 31850496 101 1
copy 2426 3 51539607612 31850496 102 1
copy 2427 3 51539607613 31850496 101 1
copy 2428 3 51539607613 31850496 102 1
copy 2429 3 51539607614 31850496 101 1
copy 2430 3 51539607614 31850496 102 1
copy 2431 3 51539607615 31850496 101 1
copy 2432 3 51539607615 31850496 102 1
copy 2433 3 51539607616 31850496 101 1
copy 2434 3 51539607616 31850496 102 1
copy 2435 3 51539607617 31850496 101 1
copy 2436 3 51539607617 31850496 102 1
copy 2437 3 51539607618 31850496 101 1
copy 2438 3 51539607618 31850496 102 1
copy 2439 3 51539607619 31850496 101 1
copy 2440 3 51539607619 31850496 102 1
copy 2441 3 51539607620 31850496 101 1
copy 2442 3 51539607620 31850496 102 1
copy 2443 3 51539607621 31850496 101 1
copy 2444 3 51539607621 31850496 102 1
copy 2445 3 51539607622 31850496 101 1
copy 2446 3 51539607622 31850496 102 1
copy 2447 3 51539607623 31850496 101 1
copy 2448 3 51539607623 31850496 102 1
copy 2449 3 51539607624 31850496 101 1
copy 2450 3 51539607624 31850496 102 1
copy 2451 3 51539607625 31850496 101 1
copy 2452 3 51539607625 31850496 102 1
copy 2453 3 51539607626 31850496 101 1
copy 2454 3 51539607626 31850496 102 1
copy 2455 3 51539607627 31850496 101 1
copy 2456 3 51539607627 31850496 102 1
copy 2457 3 51539607628 31850496 101 1
copy 2458 3 51539607628 31850496 102 1
copy 2459 3 51539607629 31850496 101 1
copy 2460 3 51539607629 31850496 102 1
copy 2461 3 51539607630 31850496 101 1
copy 2462 3 51539607630 31850496 102 1
copy 2463 3 51539607631 31850496 101 1
copy 2464 3 51539607631 31850496 102 1
copy 2465 3 51539607632 31850496 101 1
copy 2466 3 51539607632 31850496 102 1
copy 2467 3 51539607633 31850496 101 1
copy 2468 3 51539607633 31850496 102 1
copy 2469 3 51539607634 31850496 101 1
copy 2470 3 51539607634 31850496 102 1
copy 2471 3 51539607635 31850496 101 1
copy 2472 3 51539607635 31850496 102 1
copy 2473 3 51539607636 31850496 101 1
copy 2474 3 51539607636 31850496 102 1
copy 2475 3 51539607637 31850496 101 1
copy 2476 3 51539607637 31850496 102 1
copy 2477 3 51539607638 31850496 101 1
copy 2478 3 51539607638 31850496 102 1
copy 2479 3 51539607639 31850496 101 1
copy 2480 3 51539607639 31850496 102 1
copy 2481 3 51539607640 31850496 101 1
copy 2482 3 51539607640 31850496 102 1
copy 2483 3 51539607641 31850496 101 1
copy 2484 3 51539607641 31850496 102 1
copy 2485 3 51539607642 31850496 101 1
copy 2486 3 51539607642 31850496 102 1
copy 2487 3 51539607643 31850496 101 1
copy 2488 3 51539607643 31850496 102 1
copy 2489 3 51539607644 31850496 101 1
copy 2490 3 51539607644 31850496 102 1
copy 2491 3 51539607645 31850496 101 1
copy 2492 3 51539607645 31850496 102 1
copy 2493 3 51539607646 31850496 101 1
copy 2494 3 51539607646 31850496 102 1
copy 2495 3 51539607647 31850496 101 1
copy 2496 3 51539607647 31850496 102 1
copy 2497 3 51539607648 31850496 101 1
copy 2498 3 51539607648 31850496 102 1
copy 2499 3 51539607649 31850496 101 1
copy 2500 3 51539607649 31850496 102 1
copy 2501 3 51539607650 31850496 101 1
copy 2502 3 51539607650 31850496 102 1
copy 2503 3 51539607651 31850496 101 1
copy 2504 3 51539607651 31850496 102 1
copy 2505 3 51539607652 31850496 101 1
copy 2506 3 51539607652 31850496 102 1
copy 2507 3 51539607653 31850496 101 1
copy 2508 3 51539607653 31850496 102 1
copy 2509 3 51539607654 31850496 101 1
copy 2510 3 51539607654 31850496 102 1
copy 2511 3 51539607655 31850496 101 1
copy 2512 3 51539607655 31850496 102 1
copy 2513 3 51539607656 31850496 101 1
copy 2514 3 51539607656 31850496 102 1
copy 2515 3 51539607657 31850496 101 1
copy 2516 3 51539607657 31850496 102 1
copy 2517 3 51539607658 31850496 101 1
copy 2518 3 51539607658 31850496 102 1
copy 2519 3 51539607659 31850496 101 1
copy 2520 3 51539607659 31850496 102 1
copy 2521 3 51539607660 31850496 101 1
copy 2522 3 51539607660 31850496 102 1
copy 2523 3 51539607661 31850496 101 1
copy 2524 3 51539607661 31850496 102 1
copy 2525 3 51539607662 31850496 101 1
copy 2526 3 51539607662 31850496 102 1
copy 2527 3 51539607663 31850496 101 1
copy 2528 3 51539607663 31850496 102 1
copy 2529 3 51539607664 31850496 101 1
copy 2530 3 51539607664 31850496 102 1
copy 2531 3 51539607665 31850496 101 1
copy 2532 3 51539607665 31850496 102 1
copy 2533 3 51539607666 31850496 101 1
copy 2534 3 51539607666 31850496 102 1
copy 2535 3 51539607667 31850496 101 1
copy 2536 3 51539607667 31850496 102 1
copy 2537 3 51539607668 31850496 101 1
copy 2538 3 51539607668 31850496 102 1
copy 2539 3 51539607669 31850496 101 1
copy 2540 3 51539607669 31850496 102 1
copy 2541 3 51539607670 31850496 101 1
copy 2542 3 51539607670 31850496 102 1
copy 2543 3 51539607671 31850496 101 1
copy 2544 3 51539607671 31850496 102 1
copy 2545 3 51539607672 31850496 101 1
copy 2546 3 51539607672 31850496 102 1
copy 2547 3 51539607673 31850496 101 1
copy 2548 3 51539607673 31850496 102 1
copy 2549 3 51539607674 31850496 101 1
copy 2550 3 51539607674 31850496 102 1
copy 2551 3 51539607675 31850496 101 1
copy 2552 3 51539607675 31850496 102 1
copy 2553 3 51539607676 31850496 101 1
copy 2554 3 51539607676 31850496 102 1
copy 2555 3 51539607677 31850496 101 1
copy 2556 3 51539607677 31850496 102 1
copy 2557 3 51539607678 31850496 101 1
copy 2558 3 51539607678 31850496 102 1
copy 2559 3 51539607679 31850496 101 1
copy 2560 3 51539607679 31850496 102 1
copy 2561 3 55834574848 31850496 101 1
copy 2562 3 55834574848 31850496 102 1
copy 2563 3 55834574849 31850496 101 1
copy 2564 3 55834574849 31850496 102 1
copy 2565 3 55834574850 31850496 101 1
copy 2566 3 55834574850 31850496 102 1
copy 2567 3 55834574851 31850496 101 1
copy 2568 3 55834574851 31850496 102 1
copy 2569 3 55834574852 31850496 101 1
copy 2570 3 55834574852 31850496 102 1
copy 2571 3 55834574853 31850496 101 1
copy 2572 3 55834574853 31850496 102 1
copy 2573 3 55834574854 31850496 101 1
copy 2574 3 55834574854 31850496 102 1
copy 2575 3 55834574855 31850496 101 1
copy 2576 3 55834574855 31850496 102 1
copy 2577 3 55834574856 31850496 101 1
copy 2578 3 55834574856 31850496 102 1
copy 2579 3 55834574857 31850496 101 1
copy 2580 3 55834574857 31850496 102 1
copy 2581 3 55834574858 31850496 101 1
copy 2582 3 55834574858 31850496 102 1
copy 2583 3 55834574859 31850496 101 1
copy 2584 3 55834574859 31850496 102 1
copy 2585 3 55834574860 31850496 101 1
copy 2586 3 55834574860 31850496 102 1
copy 2587 3 55834574861 31850496 101 1
copy 2588 3 55834574861 31850496 102 1
copy 2589 3 55834574862 31850496 101 1
copy 2590 3 55834574862 31850496 102 1
copy 2591 3 55834574863 31850496 101 1
copy 2592 3 55834574863 31850496 102 1
copy 2593 3 55834574864 31850496 101 1
copy 2594 3 55834574864 31850496 102 1
copy 2595 3 55834574865 31850496 101 1
copy 2596 3 55834574865 31850496 102 1
copy 2597 3 55834574866 31850496 101 1
copy 2598 3 55834574866 31850496 102 1
copy 2599 3 55834574867 31850496 101 1
copy 2600 3 55834574867 31850496 102 1
copy 2601 3 55834574868 31850496 101 1
copy 2602 3 55834574868 31850496 102 1
copy 2603 3 55834574869 31850496 101 1
copy 2604 3 55834574869 31850496 102 1
copy 2605 3 55834574870 31850496 101 1
copy 2606 3 55834574870 31850496 102 1
copy 2607 3 55834574871 31850496 101 1
copy 2608 3 55834574871 31850496 102 1
copy 2609 3 55834574872 31850496 101 1
copy 2610 3 55834574872 31850496 102 1
copy 2611 3 55834574873 31850496 101 1
copy 2612 3 55834574873 31850496 102 1
copy 2613 3 55834574874 31850496 101 1
copy 2614 3 55834574874 31850496 102 1
copy 2615 3 55834574875 31850496 101 1
copy 2616 3 55834574875 31850496 102 1
copy 2617 3 55834574876 31850496 101 1
copy 2618 3 55834574876 31850496 102 1
copy 2619 3 55834574877 31850496 101 1
copy 2620 3 55834574877 31850496 102 1
copy 2621 3 55834574878 31850496 101 1
copy 2622 3 55834574878 31850496 102 1
copy 2623 3 55834574879 31850496 101 1
copy 2624 3 55834574879 31850496 102 1
copy 2625 3 55834574880 31850496 101 1
copy 2626 3 55834574880 31850496 102 1
copy 2627 3 55834574881 31850496 101 1
copy 2628 3 55834574881 31850496 102 1
copy 2629 3 55834574882 31850496 101 1
copy 2630 3 55834574882 31850496 102 1
copy 2631 3 55834574883 31850496 101 1
copy 2632 3 55834574883 31850496 102 1
copy 2633 3 55834574884 31850496 101 1
copy 2634 3 55834574884 31850496 102 1
copy 2635 3 55834574885 31850496 101 1
copy 2636 3 55834574885 31850496 102 1
copy 2637 3 55834574886 31850496 101 1
copy 2638 3 55834574886 31850496 102 1
copy 2639 3 55834574887 31850496 101 1
copy 2640 3 55834574887 31850496 102 1
copy 2641 3 55834574888 31850496 101 1
copy 2642 3 55834574888 31850496 102 1
copy 2643 3 55834574889 31850496 101 1
copy 2644 3 55834574889 31850496 102 1
copy 2645 3 55834574890 31850496 101 1
copy 2646 3 55834574890 31850496 102 1
copy 2647 3 55834574891 31850496 101 1
copy 2648 3 55834574891 31850496 102 1
copy 2649 3 55834574892 31850496 101 1
copy 2650 3 55834574892 31850496 102 1
copy 2651 3 55834574893 31850496 101 1
copy 2652 3 55834574893 31850496 102 1
copy 2653 3 55834574894 31850496 101 1
copy 2654 3 55834574894 31850496 102 1
copy 2655 3 55834574895 31850496 101 1
copy 2656 3 55834574895 31850496 102 1
copy 2657 3 55834574896 31850496 101 1
copy 2658 3 55834574896 31850496 102 1
copy 2659 3 55834574897 31850496 101 1
copy 2660 3 55834574897 31850496 102 1
copy 2661 3 55834574898 31850496 101 1
copy 2662 3 55834574898 31850496 102 1
copy 2663 3 55834574899 31850496 101 1
copy 2664 3 55834574899 31850496 102 1
copy 2665 3 55834574900 31850496 101 1
copy 2666 3 55834574900 31850496 102 1
copy 2667 3 55834574901 31850496 101 1
copy 2668 3 55834574901 31850496 102 1
copy 2669 3 55834574902 31850496 101 1
copy 2670 3 55834574902 31850496 102 1
copy 2671 3 55834574903 31850496 101 1
copy 2672 3 55834574903 31850496 102 1
copy 2673 3 55834574904 31850496 101 1
copy 2674 3 55834574904 31850496 102 1
copy 2675 3 55834574905 31850496 101 1
copy 2676 3 55834574905 31850496 102 1
copy 2677 3 55834574906 31850496 101 1
copy 2678 3 55834574906 31850496 102 1
copy 2679 3 55834574907 31850496 101 1
copy 2680 3 55834574907 31850496 102 1
copy 2681 3 55834574908 31850496 101 1
copy 2682 3 55834574908 31850496 102 1
copy 2683 3 55834574909 31850496 101 1
copy 2684 3 55834574909 31850496 102 1
copy 2685 3 55834574910 31850496 101 1
copy 2686 3 55834574910 31850496 102 1
copy 2687 3 55834574911 31850496 101 1
copy 2688 3 55834574911 31850496 102 1
copy 2689 3 55834574912 31850496 101 1
copy 2690 3 55834574912 31850496 102 1
copy 2691 3 55834574913 31850496 101 1
copy 2692 3 55834574913 31850496 102 1
copy 2693 3 55834574914 31850496 101 1
copy 2694 3 55834574914 31850496 102 1
copy 2695 3 55834574915 31850496 101 1
copy 2696 3 55834574915 31850496 102 1
copy 2697 3 55834574916 31850496 101 1
copy 2698 3 55834574916 31850496 102 1
copy 2699 3 55834574917 31850496 101 1
copy 2700 3 55834574917 31850496 102 1
copy 2701 3 55834574918 31850496 101 1
copy 2702 3 55834574918 31850496 102 1
copy 2703 3 55834574919 31850496 101 1
copy 2704 3 55834574919 31850496 102 1
copy 2705 3 55834574920 31850496 101 1
copy 2706 3 55834574920 31850496 102 1
copy 2707 3 55834574921 31850496 101 1
copy 2708 3 55834574921 31850496 102 1
copy 2709 3 55834574922 31850496 101 1
copy 2710 3 55834574922 31850496 102 1
copy 2711 3 55834574923 31850496 101 1
copy 2712 3 55834574923 31850496 102 1
copy 2713 3 55834574924 31850496 101 1
copy 2714 3 55834574924 31850496 102 1
copy 2715 3 55834574925 31850496 101 1
copy 2716 3 55834574925 31850496 102 1
copy 2717 3 55834574926 31850496 101 1
copy 2718 3 55834574926 31850496 102 1
copy 2719 3 55834574927 31850496 101 1
copy 2720 3 55834574927 31850496 102 1
copy 2721 3 55834574928 31850496 101 1
copy 2722 3 55834574928 31850496 102 1
copy 2723 3 55834574929 31850496 101 1
copy 2724 3 55834574929 31850496 102 1
copy 2725 3 55834574930 31850496 101 1
copy 2726 3 55834574930 31850496 102 1
copy 2727 3 55834574931 31850496 101 1
copy 2728 3 55834574931 31850496 102 1
copy 2729 3 55834574932 31850496 101 1
copy 2730 3 55834574932 31850496 102 1
copy 2731 3 55834574933 31850496 101 1
copy 2732 3 55834574933 31850496 102 1
copy 2733 3 55834574934 31850496 101 1
copy 2734 3 55834574934 31850496 102 1
copy 2735 3 55834574935 31850496 101 1
copy 2736 3 55834574935 31850496 102 1
copy 2737 3 55834574936 31850496 101 1
copy 2738 3 55834574936 31850496 102 1
copy 2739 3 55834574937 31850496 101 1
copy 2740 3 55834574937 31850496 102 1
copy 2741 3 55834574938 31850496 101 1
copy 2742 3 55834574938 31850496 102 1
copy 2743 3 55834574939 31850496 101 1
copy 2744 3 55834574939 31850496 102 1
copy 2745 3 55834574940 31850496 101 1
copy 2746 3 55834574940 31850496 102 1
copy 2747 3 55834574941 31850496 101 1
copy 2748 3 55834574941 31850496 102 1
copy 2749 3 55834574942 31850496 101 1
copy 2750 3 55834574942 31850496 102 1
copy 2751 3 55834574943 31850496 101 1
copy 2752 3 55834574943 31850496 102 1
copy 2753 3 55834574944 31850496 101 1
copy 2754 3 55834574944 31850496 102 1
copy 2755 3 55834574945 31850496 101 1
copy 2756 3 55834574945 31850496 102 1
copy 2757 3 55834574946 31850496 101 1
copy 2758 3 55834574946 31850496 102 1
copy 2759 3 55834574947 31850496 101 1
copy 2760 3 55834574947 31850496 102 1
copy 2761 3 55834574948 31850496 101 1
copy 2762 3 55834574948 31850496 102 1
copy 2763 3 55834574949 31850496 101 1
copy 2764 3 55834574949 31850496 102 1
copy 2765 3 55834574950 31850496 101 1
copy 2766 3 55834574950 31850496 102 1
copy 2767 3 55834574951 31850496 101 1
copy 2768 3 55834574951 31850496 102 1
copy 2769 3 55834574952 31850496 101 1
copy 2770 3 55834574952 31850496 102 1
copy 2771 3 55834574953 31850496 101 1
copy 2772 3 55834574953 31850496 102 1
copy 2773 3 55834574954 31850496 101 1
copy 2774 3 55834574954 31850496 102 1
copy 2775 3 55834574955 31850496 101 1
copy 2776 3 55834574955 31850496 102 1
copy 2777 3 55834574956 31850496 101 1
copy 2778 3 55834574956 31850496 102 1
copy 2779 3 55834574957 31850496 101 1
copy 2780 3 55834574957 31850496 102 1
copy 2781 3 55834574958 31850496 101 1
copy 2782 3 55834574958 31850496 102 1
copy 2783 3 55834574959 31850496 101 1
copy 2784 3 55834574959 31850496 102 1
copy 2785 3 55834574960 31850496 101 1
copy 2786 3 55834574960 31850496 102 1
copy 2787 3 55834574961 31850496 101 1
copy 2788 3 55834574961 31850496 102 1
copy 2789 3 55834574962 31850496 101 1
copy 2790 3 55834574962 31850496 102 1
copy 2791 3 55834574963 31850496 101 1
copy 2792 3 55834574963 31850496 102 1
copy 2793 3 55834574964 31850496 101 1
copy 2794 3 55834574964 31850496 102 1
copy 2795 3 55834574965 31850496 101 1
copy 2796 3 55834574965 31850496 102 1
copy 2797 3 55834574966 31850496 101 1
copy 2798 3 55834574966 31850496 102 1
copy 2799 3 55834574967 31850496 101 1
copy 2800 3 55834574967 31850496 102 1
copy 2801 3 55834574968 31850496 101 1
copy 2802 3 55834574968 31850496 102 1
copy 2803 3 55834574969 31850496 101 1
copy 2804 3 55834574969 31850496 102 1
copy 2805 3 55834574970 31850496 101 1
copy 2806 3 55834574970 31850496 102 1
copy 2807 3 55834574971 31850496 101 1
copy 2808 3 55834574971 31850496 102 1
copy 2809 3 55834574972 31850496 101 1
copy 2810 3 55834574972 31850496 102 1
copy 2811 3 55834574973 31850496 101 1
copy 2812 3 55834574973 31850496 102 1
copy 2813 3 55834574974 31850496 101 1
copy 2814 3 55834574974 31850496 102 1
copy 2815 3 55834574975 31850496 101 1
copy 2816 3 55834574975 31850496 102 1
copy 2817 3 60129542144 31850496 101 1
copy 2818 3 60129542144 31850496 102 1
copy 2819 3 60129542145 31850496 101 1
copy 2820 3 60129542145 31850496 102 1
copy 2821 3 60129542146 31850496 101 1
copy 2822 3 60129542146 31850496 102 1
copy 2823 3 60129542147 31850496 101 1
copy 2824 3 60129542147 31850496 102 1
copy 2825 3 60129542148 31850496 101 1
copy 2826 3 60129542148 31850496 102 1
copy 2827 3 60129542149 31850496 101 1
copy 2828 3 60129542149 31850496 102 1
copy 2829 3 60129542150 31850496 101 1
copy 2830 3 60129542150 31850496 102 1
copy 2831 3 60129542151 31850496 101 1
copy 2832 3 60129542151 31850496 102 1
copy 2833 3 60129542152 31850496 101 1
copy 2834 3 60129542152 31850496 102 1
copy 2835 3 60129542153 31850496 101 1
copy 2836 3 60129542153 31850496 102 1
copy 2837 3 60129542154 31850496 101 1
copy 2838 3 60129542154 31850496 102 1
copy 2839 3 60129542155 31850496 101 1
copy 2840 3 60129542155 31850496 102 1
copy 2841 3 60129542156 31850496 101 1
copy 2842 3 60129542156 31850496 102 1
copy 2843 3 60129542157 31850496 101 1
copy 2844 3 60129542157 31850496 102 1
copy 2845 3 60129542158 31850496 101 1
copy 2846 3 60129542158 31850496 102 1
copy 2847 3 60129542159 31850496 101 1
copy 2848 3 60129542159 31850496 102 1
copy 2849 3 60129542160 31850496 101 1
copy 2850 3 60129542160 31850496 102 1
copy 2851 3 60129542161 31850496 101 1
copy 2852 3 60129542161 31850496 102 1
copy 2853 3 60129542162 31850496 101 1
copy 2854 3 60129542162 31850496 102 1
copy 2855 3 60129542163 31850496 101 1
copy 2856 3 60129542163 31850496 102 1
copy 2857 3 60129542164 31850496 101 1
copy 2858 3 60129542164 31850496 102 1
copy 2859 3 60129542165 31850496 101 1
copy 2860 3 60129542165 31850496 102 1
copy 2861 3 60129542166 31850496 101 1
copy 2862 3 60129542166 31850496 102 1
copy 2863 3 60129542167 31850496 101 1
copy 2864 3 60129542167 31850496 102 1
copy 2865 3 60129542168 31850496 101 1
copy 2866 3 60129542168 31850496 102 1
copy 2867 3 60129542169 31850496 101 1
copy 2868 3 60129542169 31850496 102 1
copy 2869 3 60129542170 31850496 101 1
copy 2870 3 60129542170 31850496 102 1
copy 2871 3 60129542171 31850496 101 1
copy 2872 3 60129542171 31850496 102 1
copy 2873 3 60129542172 31850496 101 1
copy 2874 3 60129542172 31850496 102 1
copy 2875 3 60129542173 31850496 101 1
copy 2876 3 60129542173 31850496 102 1
copy 2877 3 60129542174 31850496 101 1
copy 2878 3 60129542174 31850496 102 1
copy 2879 3 60129542175 31850496 101 1
copy 2880 3 60129542175 31850496 102 1
copy 2881 3 60129542176 31850496 101 1
copy 2882 3 60129542176 31850496 102 1
copy 2883 3 60129542177 31850496 101 1
copy 2884 3 60129542177 31850496 102 1
copy 2885 3 60129542178 31850496 101 1
copy 2886 3 60129542178 31850496 102 1
copy 2887 3 60129542179 31850496 101 1
copy 2888 3 60129542179 31850496 102 1
copy 2889 3 60129542180 31850496 101 1
copy 2890 3 60129542180 31850496 102 1
copy 2891 3 60129542181 31850496 101 1
copy 2892 3 60129542181 31850496 102 1
copy 2893 3 60129542182 31850496 101 1
copy 2894 3 60129542182 31850496 102 1
copy 2895 3 60129542183 31850496 101 1
copy 2896 3 60129542183 31850496 102 1
copy 2897 3 60129542184 31850496 101 1
copy 2898 3 60129542184 31850496 102 1
copy 2899 3 60129542185 31850496 101 1
copy 2900 3 60129542185 31850496 102 1
copy 2901 3 60129542186 31850496 101 1
copy 2902 3 60129542186 31850496 102 1
copy 2903 3 60129542187 31850496 101 1
copy 2904 3 60129542187 31850496 102 1
copy 2905 3 60129542188 31850496 101 1
copy 2906 3 60129542188 31850496 102 1
copy 2907 3 60129542189 31850496 101 1
copy 2908 3 60129542189 31850496 102 1
copy 2909 3 60129542190 31850496 101 1
copy 2910 3 60129542190 31850496 102 1
copy 2911 3 60129542191 31850496 101 1
copy 2912 3 60129542191 31850496 102 1
copy 2913 3 60129542192 31850496 101 1
copy 2914 3 60129542192 31850496 102 1
copy 2915 3 60129542193 31850496 101 1
copy 2916 3 60129542193 31850496 102 1
copy 2917 3 60129542194 31850496 101 1
copy 2918 3 60129542194 31850496 102 1
copy 2919 3 60129542195 31850496 101 1
copy 2920 3 60129542195 31850496 102 1
copy 2921 3 60129542196 31850496 101 1
copy 2922 3 60129542196 31850496 102 1
copy 2923 3 60129542197 31850496 101 1
copy 2924 3 60129542197 31850496 102 1
copy 2925 3 60129542198 31850496 101 1
copy 2926 3 60129542198 31850496 102 1
copy 2927 3 60129542199 31850496 101 1
copy 2928 3 60129542199 31850496 102 1
copy 2929 3 60129542200 31850496 101 1
copy 2930 3 60129542200 31850496 102 1
copy 2931 3 60129542201 31850496 101 1
copy 2932 3 60129542201 31850496 102 1
copy 2933 3 60129542202 31850496 101 1
copy 2934 3 60129542202 31850496 102 1
copy 2935 3 60129542203 31850496 101 1
copy 2936 3 60129542203 31850496 102 1
copy 2937 3 60129542204 31850496 101 1
copy 2938 3 60129542204 31850496 102 1
copy 2939 3 60129542205 31850496 101 1
copy 2940 3 60129542205 31850496 102 1
copy 2941 3 60129542206 31850496 101 1
copy 2942 3 60129542206 31850496 102 1
copy 2943 3 60129542207 31850496 101 1
copy 2944 3 60129542207 31850496 102 1
copy 2945 3 60129542208 31850496 101 1
copy 2946 3 60129542208 31850496 102 1
copy 2947 3 60129542209 31850496 101 1
copy 2948 3 60129542209 31850496 102 1
copy 2949 3 60129542210 31850496 101 1
copy 2950 3 60129542210 31850496 102 1
copy 2951 3 60129542211 31850496 101 1
copy 2952 3 60129542211 31850496 102 1
copy 2953 3 60129542212 31850496 101 1
copy 2954 3 60129542212 31850496 102 1
copy 2955 3 60129542213 31850496 101 1
copy 2956 3 60129542213 31850496 102 1
copy 2957 3 60129542214 31850496 101 1
copy 2958 3 60129542214 31850496 102 1
copy 2959 3 60129542215 31850496 101 1
copy 2960 3 60129542215 31850496 102 1
copy 2961 3 60129542216 31850496 101 1
copy 2962 3 60129542216 31850496 102 1
copy 2963 3 60129542217 31850496 101 1
copy 2964 3 60129542217 31850496 102 1
copy 2965 3 60129542218 31850496 101 1
copy 2966 3 60129542218 31850496 102 1
copy 2967 3 60129542219 31850496 101 1
copy 2968 3 60129542219 31850496 102 1
copy 2969 3 60129542220 31850496 101 1
copy 2970 3 60129542220 31850496 102 1
copy 2971 3 60129542221 31850496 101 1
copy 2972 3 60129542221 31850496 102 1
copy 2973 3 60129542222 31850496 101 1
copy 2974 3 60129542222 31850496 102 1
copy 2975 3 60129542223 31850496 101 1
copy 2976 3 60129542223 31850496 102 1
copy 2977 3 60129542224 31850496 101 1
copy 2978 3 60129542224 31850496 102 1
copy 2979 3 60129542225 31850496 101 1
copy 2980 3 60129542225 31850496 102 1
copy 2981 3 60129542226 31850496 101 1
copy 2982 3 60129542226 31850496 102 1
copy 2983 3 60129542227 31850496 101 1
copy 2984 3 60129542227 31850496 102 1
copy 2985 3 60129542228 31850496 101 1
copy 2986 3 60129542228 31850496 102 1
copy 2987 3 60129542229 31850496 101 1
copy 2988 3 60129542229 31850496 102 1
copy 2989 3 60129542230 31850496 101 1
copy 2990 3 60129542230 31850496 102 1
copy 2991 3 60129542231 31850496 101 1
copy 2992 3 60129542231 31850496 102 1
copy 2993 3 60129542232 31850496 101 1
copy 2994 3 60129542232 31850496 102 1
copy 2995 3 60129542233 31850496 101 1
copy 2996 3 60129542233 31850496 102 1
copy 2997 3 60129542234 31850496 101 1
copy 2998 3 60129542234 31850496 102 1
copy 2999 3 60129542235 31850496 101 1
copy 3000 3 60129542235 31850496 102 1
copy 3001 3 60129542236 31850496 101 1
copy 3002 3 60129542236 31850496 102 1
copy 3003 3 60129542237 31850496 101 1
copy 3004 3 60129542237 31850496 102 1
copy 3005 3 60129542238 31850496 101 1
copy 3006 3 60129542238 31850496 102 1
copy 3007 3 60129542239 31850496 101 1
copy 3008 3 60129542239 31850496 102 1
copy 3009 3 60129542240 31850496 101 1
copy 3010 3 60129542240 31850496 102 1
copy 3011 3 60129542241 31850496 101 1
copy 3012 3 60129542241 31850496 102 1
copy 3013 3 60129542242 31850496 101 1
copy 3014 3 60129542242 31850496 102 1
copy 3015 3 60129542243 31850496 101 1
copy 3016 3 60129542243 31850496 102 1
copy 3017 3 60129542244 31850496 101 1
copy 3018 3 60129542244 31850496 102 1
copy 3019 3 60129542245 31850496 101 1
copy 3020 3 60129542245 31850496 102 1
copy 3021 3 60129542246 31850496 101 1
copy 3022 3 60129542246 31850496 102 1
copy 3023 3 60129542247 31850496 101 1
copy 3024 3 60129542247 31850496 102 1
copy 3025 3 60129542248 31850496 101 1
copy 3026 3 60129542248 31850496 102 1
copy 3027 3 60129542249 31850496 101 1
copy 3028 3 60129542249 31850496 102 1
copy 3029 3 60129542250 31850496 101 1
copy 3030 3 60129542250 31850496 102 1
copy 3031 3 60129542251 31850496 101 1
copy 3032 3 60129542251 31850496 102 1
copy 3033 3 60129542252 31850496 101 1
copy 3034 3 60129542252 31850496 102 1
copy 3035 3 60129542253 31850496 101 1
copy 3036 3 60129542253 31850496 102 1
copy 3037 3 60129542254 31850496 101 1
copy 3038 3 60129542254 31850496 102 1
copy 3039 3 60129542255 31850496 101 1
copy 3040 3 60129542255 31850496 102 1
copy 3041 3 60129542256 31850496 101 1
copy 3042 3 60129542256 31850496 102 1
copy 3043 3 60129542257 31850496 101 1
copy 3044 3 60129542257 31850496 102 1
copy 3045 3 60129542258 31850496 101 1
copy 3046 3 60129542258 31850496 102 1
copy 3047 3 60129542259 31850496 101 1
copy 3048 3 60129542259 31850496 102 1
copy 3049 3 60129542260 31850496 101 1
copy 3050 3 60129542260 31850496 102 1
copy 3051 3 60129542261 31850496 101 1
copy 3052 3 60129542261 31850496 102 1
copy 3053 3 60129542262 31850496 101 1
copy 3054 3 60129542262 31850496 102 1
copy 3055 3 60129542263 31850496 101 1
copy 3056 3 60129542263 31850496 102 1
copy 3057 3 60129542264 31850496 101 1
copy 3058 3 60129542264 31850496 102 1
copy 3059 3 60129542265 31850496 101 1
copy 3060 3 60129542265 31850496 102 1
copy 3061 3 60129542266 31850496 101 1
copy 3062 3 60129542266 31850496 102 1
copy 3063 3 60129542267 31850496 101 1
copy 3064 3 60129542267 31850496 102 1
copy 3065 3 60129542268 31850496 101 1
copy 3066 3 60129542268 31850496 102 1
copy 3067 3 60129542269 31850496 101 1
copy 3068 3 60129542269 31850496 102 1
copy 3069 3 60129542270 31850496 101 1
copy 3070 3 60129542270 31850496 102 1
copy 3071 3 60129542271 31850496 101 1
copy 3072 3 60129542271 31850496 102 1
copy 3073 3 64424509440 31850496 101 1
copy 3074 3 64424509440 31850496 102 1
copy 3075 3 64424509441 31850496 101 1
copy 3076 3 64424509441 31850496 102 1
copy 3077 3 64424509442 31850496 101 1
copy 3078 3 64424509442 31850496 102 1
copy 3079 3 64424509443 31850496 101 1
copy 3080 3 64424509443 31850496 102 1
copy 3081 3 64424509444 31850496 101 1
copy 3082 3 64424509444 31850496 102 1
copy 3083 3 64424509445 31850496 101 1
copy 3084 3 64424509445 31850496 102 1
copy 3085 3 64424509446 31850496 101 1
copy 3086 3 64424509446 31850496 102 1
copy 3087 3 64424509447 31850496 101 1
copy 3088 3 64424509447 31850496 102 1
copy 3089 3 64424509448 31850496 101 1
copy 3090 3 64424509448 31850496 102 1
copy 3091 3 64424509449 31850496 101 1
copy 3092 3 64424509449 31850496 102 1
copy 3093 3 64424509450 31850496 101 1
copy 3094 3 64424509450 31850496 102 1
copy 3095 3 64424509451 31850496 101 1
copy 3096 3 64424509451 31850496 102 1
copy 3097 3 64424509452 31850496 101 1
copy 3098 3 64424509452 31850496 102 1
copy 3099 3 64424509453 31850496 101 1
copy 3100 3 64424509453 31850496 102 1
copy 3101 3 64424509454 31850496 101 1
copy 3102 3 64424509454 31850496 102 1
copy 3103 3 64424509455 31850496 101 1
copy 3104 3 64424509455 31850496 102 1
copy 3105 3 64424509456 31850496 101 1
copy 3106 3 64424509456 31850496 102 1
copy 3107 3 64424509457 31850496 101 1
copy 3108 3 64424509457 31850496 102 1
copy 3109 3 64424509458 31850496 101 1
copy 3110 3 64424509458 31850496 102 1
copy 3111 3 64424509459 31850496 101 1
copy 3112 3 64424509459 31850496 102 1
copy 3113 3 64424509460 31850496 101 1
copy 3114 3 64424509460 31850496 102 1
copy 3115 3 64424509461 31850496 101 1
copy 3116 3 64424509461 31850496 102 1
copy 3117 3 64424509462 31850496 101 1
copy 3118 3 64424509462 31850496 102 1
copy 3119 3 64424509463 31850496 101 1
copy 3120 3 64424509463 31850496 102 1
copy 3121 3 64424509464 31850496 101 1
copy 3122 3 64424509464 31850496 102 1
copy 3123 3 64424509465 31850496 101 1
copy 3124 3 64424509465 31850496 102 1
copy 3125 3 64424509466 31850496 101 1
copy 3126 3 64424509466 31850496 102 1
copy 3127 3 64424509467 31850496 101 1
copy 3128 3 64424509467 31850496 102 1
copy 3129 3 64424509468 31850496 101 1
copy 3130 3 64424509468 31850496 102 1
copy 3131 3 64424509469 31850496 101 1
copy 3132 3 64424509469 31850496 102 1
copy 3133 3 64424509470 31850496 101 1
copy 3134 3 64424509470 31850496 102 1
copy 3135 3 64424509471 31850496 101 1
copy 3136 3 64424509471 31850496 102 1
copy 3137 3 64424509472 31850496 101 1
copy 3138 3 64424509472 31850496 102 1
copy 3139 3 64424509473 31850496 101 1
copy 3140 3 64424509473 31850496 102 1
copy 3141 3 64424509474 31850496 101 1
copy 3142 3 64424509474 31850496 102 1
copy 3143 3 64424509475 31850496 101 1
copy 3144 3 64424509475 31850496 102 1
copy 3145 3 64424509476 31850496 101 1
copy 3146 3 64424509476 31850496 102 1
copy 3147 3 64424509477 31850496 101 1
copy 3148 3 64424509477 31850496 102 1
copy 3149 3 64424509478 31850496 101 1
copy 3150 3 64424509478 31850496 102 1
copy 3151 3 64424509479 31850496 101 1
copy 3152 3 64424509479 31850496 102 1
copy 3153 3 64424509480 31850496 101 1
copy 3154 3 64424509480 31850496 102 1
copy 3155 3 64424509481 31850496 101 1
copy 3156 3 64424509481 31850496 102 1
copy 3157 3 64424509482 31850496 101 1
copy 3158 3 64424509482 31850496 102 1
copy 3159 3 64424509483 31850496 101 1
copy 3160 3 64424509483 31850496 102 1
copy 3161 3 64424509484 31850496 101 1
copy 3162 3 64424509484 31850496 102 1
copy 3163 3 64424509485 31850496 101 1
copy 3164 3 64424509485 31850496 102 1
copy 3165 3 64424509486 31850496 101 1
copy 3166 3 64424509486 31850496 102 1
copy 3167 3 64424509487 31850496 101 1
copy 3168 3 64424509487 31850496 102 1
copy 3169 3 64424509488 31850496 101 1
copy 3170 3 64424509488 31850496 102 1
copy 3171 3 64424509489 31850496 101 1
copy 3172 3 64424509489 31850496 102 1
copy 3173 3 64424509490 31850496 101 1
copy 3174 3 64424509490 31850496 102 1
copy 3175 3 64424509491 31850496 101 1
copy 3176 3 64424509491 31850496 102 1
copy 3177 3 64424509492 31850496 101 1
copy 3178 3 64424509492 31850496 102 1
copy 3179 3 64424509493 31850496 101 1
copy 3180 3 64424509493 31850496 102 1
copy 3181 3 64424509494 31850496 101 1
copy 3182 3 64424509494 31850496 102 1
copy 3183 3 64424509495 31850496 101 1
copy 3184 3 64424509495 31850496 102 1
copy 3185 3 64424509496 31850496 101 1
copy 3186 3 64424509496 31850496 102 1
copy 3187 3 64424509497 31850496 101 1
copy 3188 3 64424509497 31850496 102 1
copy 3189 3 64424509498 31850496 101 1
copy 3190 3 64424509498 31850496 102 1
copy 3191 3 64424509499 31850496 101 1
copy 3192 3 64424509499 31850496 102 1
copy 3193 3 64424509500 31850496 101 1
copy 3194 3 64424509500 31850496 102 1
copy 3195 3 64424509501 31850496 101 1
copy 3196 3 64424509501 31850496 102 1
copy 3197 3 64424509502 31850496 101 1
copy 3198 3 64424509502 31850496 102 1
copy 3199 3 64424509503 31850496 101 1
copy 3200 3 64424509503 31850496 102 1
copy 3201 3 64424509504 31850496 101 1
copy 3202 3 64424509504 31850496 102 1
copy 3203 3 64424509505 31850496 101 1
copy 3204 3 64424509505 31850496 102 1
copy 3205 3 64424509506 31850496 101 1
copy 3206 3 64424509506 31850496 102 1
copy 3207 3 64424509507 31850496 101 1
copy 3208 3 64424509507 31850496 102 1
copy 3209 3 64424509508 31850496 101 1
copy 3210 3 64424509508 31850496 102 1
copy 3211 3 64424509509 31850496 101 1
copy 3212 3 64424509509 31850496 102 1
copy 3213 3 64424509510 31850496 101 1
copy 3214 3 64424509510 31850496 102 1
copy 3215 3 64424509511 31850496 101 1
copy 3216 3 64424509511 31850496 102 1
copy 3217 3 64424509512 31850496 101 1
copy 3218 3 64424509512 31850496 102 1
copy 3219 3 64424509513 31850496 101 1
copy 3220 3 64424509513 31850496 102 1
copy 3221 3 64424509514 31850496 101 1
copy 3222 3 64424509514 31850496 102 1
copy 3223 3 64424509515 31850496 101 1
copy 3224 3 64424509515 31850496 102 1
copy 3225 3 64424509516 31850496 101 1
copy 3226 3 64424509516 31850496 102 1
copy 3227 3 64424509517 31850496 101 1
copy 3228 3 64424509517 31850496 102 1
copy 3229 3 64424509518 31850496 101 1
copy 3230 3 64424509518 31850496 102 1
copy 3231 3 64424509519 31850496 101 1
copy 3232 3 64424509519 31850496 102 1
copy 3233 3 64424509520 31850496 101 1
copy 3234 3 64424509520 31850496 102 1
copy 3235 3 64424509521 31850496 101 1
copy 3236 3 64424509521 31850496 102 1
copy 3237 3 64424509522 31850496 101 1
copy 3238 3 64424509522 31850496 102 1
copy 3239 3 64424509523 31850496 101 1
copy 3240 3 64424509523 31850496 102 1
copy 3241 3 64424509524 31850496 101 1
copy 3242 3 64424509524 31850496 102 1
copy 3243 3 64424509525 31850496 101 1
copy 3244 3 64424509525 31850496 102 1
copy 3245 3 64424509526 31850496 101 1
copy 3246 3 64424509526 31850496 102 1
copy 3247 3 64424509527 31850496 101 1
copy 3248 3 64424509527 31850496 102 1
copy 3249 3 64424509528 31850496 101 1
copy 3250 3 64424509528 31850496 102 1
copy 3251 3 64424509529 31850496 101 1
copy 3252 3 64424509529 31850496 102 1
copy 3253 3 64424509530 31850496 101 1
copy 3254 3 64424509530 31850496 102 1
copy 3255 3 64424509531 31850496 101 1
copy 3256 3 64424509531 31850496 102 1
copy 3257 3 64424509532 31850496 101 1
copy 3258 3 64424509532 31850496 102 1
copy 3259 3 64424509533 31850496 101 1
copy 3260 3 64424509533 31850496 102 1
copy 3261 3 64424509534 31850496 101 1
copy 3262 3 64424509534 31850496 102 1
copy 3263 3 64424509535 31850496 101 1
copy 3264 3 64424509535 31850496 102 1
copy 3265 3 64424509536 31850496 101 1
copy 3266 3 64424509536 31850496 102 1
copy 3267 3 64424509537 31850496 101 1
copy 3268 3 64424509537 31850496 102 1
copy 3269 3 64424509538 31850496 101 1
copy 3270 3 64424509538 31850496 102 1
copy 3271 3 64424509539 31850496 101 1
copy 3272 3 64424509539 31850496 102 1
copy 3273 3 64424509540 31850496 101 1
copy 3274 3 64424509540 31850496 102 1
copy 3275 3 64424509541 31850496 101 1
copy 3276 3 64424509541 31850496 102 1
copy 3277 3 64424509542 31850496 101 1
copy 3278 3 64424509542 31850496 102 1
copy 3279 3 64424509543 31850496 101 1
copy 3280 3 64424509543 31850496 102 1
copy 3281 3 64424509544 31850496 101 1
copy 3282 3 64424509544 31850496 102 1
copy 3283 3 64424509545 31850496 101 1
copy 3284 3 64424509545 31850496 102 1
copy 3285 3 64424509546 31850496 101 1
copy 3286 3 64424509546 31850496 102 1
copy 3287 3 64424509547 31850496 101 1
copy 3288 3 64424509547 31850496 102 1
copy 3289 3 64424509548 31850496 101 1
copy 3290 3 64424509548 31850496 102 1
copy 3291 3 64424509549 31850496 101 1
copy 3292 3 64424509549 31850496 102 1
copy 3293 3 64424509550 31850496 101 1
copy 3294 3 64424509550 31850496 102 1
copy 3295 3 64424509551 31850496 101 1
copy 3296 3 64424509551 31850496 102 1
copy 3297 3 64424509552 31850496 101 1
copy 3298 3 64424509552 31850496 102 1
copy 3299 3 64424509553 31850496 101 1
copy 3300 3 64424509553 31850496 102 1
copy 3301 3 64424509554 31850496 101 1
copy 3302 3 64424509554 31850496 102 1
copy 3303 3 64424509555 31850496 101 1
copy 3304 3 64424509555 31850496 102 1
copy 3305 3 64424509556 31850496 101 1
copy 3306 3 64424509556 31850496 102 1
copy 3307 3 64424509557 31850496 101 1
copy 3308 3 64424509557 31850496 102 1
copy 3309 3 64424509558 31850496 101 1
copy 3310 3 64424509558 31850496 102 1
copy 3311 3 64424509559 31850496 101 1
copy 3312 3 64424509559 31850496 102 1
copy 3313 3 64424509560 31850496 101 1
copy 3314 3 64424509560 31850496 102 1
copy 3315 3 64424509561 31850496 101 1
copy 3316 3 64424509561 31850496 102 1
copy 3317 3 64424509562 31850496 101 1
copy 3318 3 64424509562 31850496 102 1
copy 3319 3 64424509563 31850496 101 1
copy 3320 3 64424509563 31850496 102 1
copy 3321 3 64424509564 31850496 101 1
copy 3322 3 64424509564 31850496 102 1
copy 3323 3 64424509565 31850496 101 1
copy 3324 3 64424509565 31850496 102 1
copy 3325 3 64424509566 31850496 101 1
copy 3326 3 64424509566 31850496 102 1
copy 3327 3 64424509567 31850496 101 1
copy 3328 3 64424509567 31850496 102 1
copy 3329 3 68719476736 31850496 101 1
copy 3330 3 68719476736 31850496 102 1
copy 3331 3 68719476737 31850496 101 1
copy 3332 3 68719476737 31850496 102 1
copy 3333 3 68719476738 31850496 101 1
copy 3334 3 68719476738 31850496 102 1
copy 3335 3 68719476739 31850496 101 1
copy 3336 3 68719476739 31850496 102 1
copy 3337 3 68719476740 31850496 101 1
copy 3338 3 68719476740 31850496 102 1
copy 3339 3 68719476741 31850496 101 1
copy 3340 3 68719476741 31850496 102 1
copy 3341 3 68719476742 31850496 101 1
copy 3342 3 68719476742 31850496 102 1
copy 3343 3 68719476743 31850496 101 1
copy 3344 3 68719476743 31850496 102 1
copy 3345 3 68719476744 31850496 101 1
copy 3346 3 68719476744 31850496 102 1
copy 3347 3 68719476745 31850496 101 1
copy 3348 3 68719476745 31850496 102 1
copy 3349 3 68719476746 31850496 101 1
copy 3350 3 68719476746 31850496 102 1
copy 3351 3 68719476747 31850496 101 1
copy 3352 3 68719476747 31850496 102 1
copy 3353 3 68719476748 31850496 101 1
copy 3354 3 68719476748 31850496 102 1
copy 3355 3 68719476749 31850496 101 1
copy 3356 3 68719476749 31850496 102 1
copy 3357 3 68719476750 31850496 101 1
copy 3358 3 68719476750 31850496 102 1
copy 3359 3 68719476751 31850496 101 1
copy 3360 3 68719476751 31850496 102 1
copy 3361 3 68719476752 31850496 101 1
copy 3362 3 68719476752 31850496 102 1
copy 3363 3 68719476753 31850496 101 1
copy 3364 3 68719476753 31850496 102 1
copy 3365 3 68719476754 31850496 101 1
copy 3366 3 68719476754 31850496 102 1
copy 3367 3 68719476755 31850496 101 1
copy 3368 3 68719476755 31850496 102 1
copy 3369 3 68719476756 31850496 101 1
copy 3370 3 68719476756 31850496 102 1
copy 3371 3 68719476757 31850496 101 1
copy 3372 3 68719476757 31850496 102 1
copy 3373 3 68719476758 31850496 101 1
copy 3374 3 68719476758 31850496 102 1
copy 3375 3 68719476759 31850496 101 1
copy 3376 3 68719476759 31850496 102 1
copy 3377 3 68719476760 31850496 101 1
copy 3378 3 68719476760 31850496 102 1
copy 3379 3 68719476761 31850496 101 1
copy 3380 3 68719476761 31850496 102 1
copy 3381 3 68719476762 31850496 101 1
copy 3382 3 68719476762 31850496 102 1
copy 3383 3 68719476763 31850496 101 1
copy 3384 3 68719476763 31850496 102 1
copy 3385 3 68719476764 31850496 101 1
copy 3386 3 68719476764 31850496 102 1
copy 3387 3 68719476765 31850496 101 1
copy 3388 3 68719476765 31850496 102 1
copy 3389 3 68719476766 31850496 101 1
copy 3390 3 68719476766 31850496 102 1
copy 3391 3 68719476767 31850496 101 1
copy 3392 3 68719476767 31850496 102 1
copy 3393 3 68719476768 31850496 101 1
copy 3394 3 68719476768 31850496 102 1
copy 3395 3 68719476769 31850496 101 1
copy 3396 3 68719476769 31850496 102 1
copy 3397 3 68719476770 31850496 101 1
copy 3398 3 68719476770 31850496 102 1
copy 3399 3 68719476771 31850496 101 1
copy 3400 3 68719476771 31850496 102 1
copy 3401 3 68719476772 31850496 101 1
copy 3402 3 68719476772 31850496 102 1
copy 3403 3 68719476773 31850496 101 1
copy 3404 3 68719476773 31850496 102 1
copy 3405 3 68719476774 31850496 101 1
copy 3406 3 68719476774 31850496 102 1
copy 3407 3 68719476775 31850496 101 1
copy 3408 3 68719476775 31850496 102 1
copy 3409 3 68719476776 31850496 101 1
copy 3410 3 68719476776 31850496 102 1
copy 3411 3 68719476777 31850496 101 1
copy 3412 3 68719476777 31850496 102 1
copy 3413 3 68719476778 31850496 101 1
copy 3414 3 68719476778 31850496 102 1
copy 3415 3 68719476779 31850496 101 1
copy 3416 3 68719476779 31850496 102 1
copy 3417 3 68719476780 31850496 101 1
copy 3418 3 68719476780 31850496 102 1
copy 3419 3 68719476781 31850496 101 1
copy 3420 3 68719476781 31850496 102 1
copy 3421 3 68719476782 31850496 101 1
copy 3422 3 68719476782 31850496 102 1
copy 3423 3 68719476783 31850496 101 1
copy 3424 3 68719476783 31850496 102 1
copy 3425 3 68719476784 31850496 101 1
copy 3426 3 68719476784 31850496 102 1
copy 3427 3 68719476785 31850496 101 1
copy 3428 3 68719476785 31850496 102 1
copy 3429 3 68719476786 31850496 101 1
copy 3430 3 68719476786 31850496 102 1
copy 3431 3 68719476787 31850496 101 1
copy 3432 3 68719476787 31850496 102 1
copy 3433 3 68719476788 31850496 101 1
copy 3434 3 68719476788 31850496 102 1
copy 3435 3 68719476789 31850496 101 1
copy 3436 3 68719476789 31850496 102 1
copy 3437 3 68719476790 31850496 101 1
copy 3438 3 68719476790 31850496 102 1
copy 3439 3 68719476791 31850496 101 1
copy 3440 3 68719476791 31850496 102 1
copy 3441 3 68719476792 31850496 101 1
copy 3442 3 68719476792 31850496 102 1
copy 3443 3 68719476793 31850496 101 1
copy 3444 3 68719476793 31850496 102 1
copy 3445 3 68719476794 31850496 101 1
copy 3446 3 68719476794 31850496 102 1
copy 3447 3 68719476795 31850496 101 1
copy 3448 3 68719476795 31850496 102 1
copy 3449 3 68719476796 31850496 101 1
copy 3450 3 68719476796 31850496 102 1
copy 3451 3 68719476797 31850496 101 1
copy 3452 3 68719476797 31850496 102 1
copy 3453 3 68719476798 31850496 101 1
copy 3454 3 68719476798 31850496 102 1
copy 3455 3 68719476799 31850496 101 1
copy 3456 3 68719476799 31850496 102 1
copy 3457 3 68719476800 31850496 101 1
copy 3458 3 68719476800 31850496 102 1
copy 3459 3 68719476801 31850496 101 1
copy 3460 3 68719476801 31850496 102 1
copy 3461 3 68719476802 31850496 101 1
copy 3462 3 68719476802 31850496 102 1
copy 3463 3 68719476803 31850496 101 1
copy 3464 3 68719476803 31850496 102 1
copy 3465 3 68719476804 31850496 101 1
copy 3466 3 68719476804 31850496 102 1
copy 3467 3 68719476805 31850496 101 1
copy 3468 3 68719476805 31850496 102 1
copy 3469 3 68719476806 31850496 101 1
copy 3470 3 68719476806 31850496 102 1
copy 3471 3 68719476807 31850496 101 1
copy 3472 3 68719476807 31850496 102 1
copy 3473 3 68719476808 31850496 101 1
copy 3474 3 68719476808 31850496 102 1
copy 3475 3 68719476809 31850496 101 1
copy 3476 3 68719476809 31850496 102 1
copy 3477 3 68719476810 31850496 101 1
copy 3478 3 68719476810 31850496 102 1
copy 3479 3 68719476811 31850496 101 1
copy 3480 3 68719476811 31850496 102 1
copy 3481 3 68719476812 31850496 101 1
copy 3482 3 68719476812 31850496 102 1
copy 3483 3 68719476813 31850496 101 1
copy 3484 3 68719476813 31850496 102 1
copy 3485 3 68719476814 31850496 101 1
copy 3486 3 68719476814 31850496 102 1
copy 3487 3 68719476815 31850496 101 1
copy 3488 3 68719476815 31850496 102 1
copy 3489 3 68719476816 31850496 101 1
copy 3490 3 68719476816 31850496 102 1
copy 3491 3 68719476817 31850496 101 1
copy 3492 3 68719476817 31850496 102 1
copy 3493 3 68719476818 31850496 101 1
copy 3494 3 68719476818 31850496 102 1
copy 3495 3 68719476819 31850496 101 1
copy 3496 3 68719476819 31850496 102 1
copy 3497 3 68719476820 31850496 101 1
copy 3498 3 68719476820 31850496 102 1
copy 3499 3 68719476821 31850496 101 1
copy 3500 3 68719476821 31850496 102 1
copy 3501 3 68719476822 31850496 101 1
copy 3502 3 68719476822 31850496 102 1
copy 3503 3 68719476823 31850496 101 1
copy 3504 3 68719476823 31850496 102 1
copy 3505 3 68719476824 31850496 101 1
copy 3506 3 68719476824 31850496 102 1
copy 3507 3 68719476825 31850496 101 1
copy 3508 3 68719476825 31850496 102 1
copy 3509 3 68719476826 31850496 101 1
copy 3510 3 68719476826 31850496 102 1
copy 3511 3 68719476827 31850496 101 1
copy 3512 3 68719476827 31850496 102 1
copy 3513 3 68719476828 31850496 101 1
copy 3514 3 68719476828 31850496 102 1
copy 3515 3 68719476829 31850496 101 1
copy 3516 3 68719476829 31850496 102 1
copy 3517 3 68719476830 31850496 101 1
copy 3518 3 68719476830 31850496 102 1
copy 3519 3 68719476831 31850496 101 1
copy 3520 3 68719476831 31850496 102 1
copy 3521 3 68719476832 31850496 101 1
copy 3522 3 68719476832 31850496 102 1
copy 3523 3 68719476833 31850496 101 1
copy 3524 3 68719476833 31850496 102 1
copy 3525 3 68719476834 31850496 101 1
copy 3526 3 68719476834 31850496 102 1
copy 3527 3 68719476835 31850496 101 1
copy 3528 3 68719476835 31850496 102 1
copy 3529 3 68719476836 31850496 101 1
copy 3530 3 68719476836 31850496 102 1
copy 3531 3 68719476837 31850496 101 1
copy 3532 3 68719476837 31850496 102 1
copy 3533 3 68719476838 31850496 101 1
copy 3534 3 68719476838 31850496 102 1
copy 3535 3 68719476839 31850496 101 1
copy 3536 3 68719476839 31850496 102 1
copy 3537 3 68719476840 31850496 101 1
copy 3538 3 68719476840 31850496 102 1
copy 3539 3 68719476841 31850496 101 1
copy 3540 3 68719476841 31850496 102 1
copy 3541 3 68719476842 31850496 101 1
copy 3542 3 68719476842 31850496 102 1
copy 3543 3 68719476843 31850496 101 1
copy 3544 3 68719476843 31850496 102 1
copy 3545 3 68719476844 31850496 101 1
copy 3546 3 68719476844 31850496 102 1
copy 3547 3 68719476845 31850496 101 1
copy 3548 3 68719476845 31850496 102 1
copy 3549 3 68719476846 31850496 101 1
copy 3550 3 68719476846 31850496 102 1
copy 3551 3 68719476847 31850496 101 1
copy 3552 3 68719476847 31850496 102 1
copy 3553 3 68719476848 31850496 101 1
copy 3554 3 68719476848 31850496 102 1
copy 3555 3 68719476849 31850496 101 1
copy 3556 3 68719476849 31850496 102 1
copy 3557 3 68719476850 31850496 101 1
copy 3558 3 68719476850 31850496 102 1
copy 3559 3 68719476851 31850496 101 1
copy 3560 3 68719476851 31850496 102 1
copy 3561 3 68719476852 31850496 101 1
copy 3562 3 68719476852 31850496 102 1
copy 3563 3 68719476853 31850496 101 1
copy 3564 3 68719476853 31850496 102 1
copy 3565 3 68719476854 31850496 101 1
copy 3566 3 68719476854 31850496 102 1
copy 3567 3 68719476855 31850496 101 1
copy 3568 3 68719476855 31850496 102 1
copy 3569 3 68719476856 31850496 101 1
copy 3570 3 68719476856 31850496 102 1
copy 3571 3 68719476857 31850496 101 1
copy 3572 3 68719476857 31850496 102 1
copy 3573 3 68719476858 31850496 101 1
copy 3574 3 68719476858 31850496 102 1
copy 3575 3 68719476859 31850496 101 1
copy 3576 3 68719476859 31850496 102 1
copy 3577 3 68719476860 31850496 101 1
copy 3578 3 68719476860 31850496 102 1
copy 3579 3 68719476861 31850496 101 1
copy 3580 3 68719476861 31850496 102 1
copy 3581 3 68719476862 31850496 101 1
copy 3582 3 68719476862 31850496 102 1
copy 3583 3 68719476863 31850496 101 1
copy 3584 3 68719476863 31850496 102 1
copy 3585 3 73014444032 31850496 101 1
copy 3586 3 73014444032 31850496 102 1
copy 3587 3 73014444033 31850496 101 1
copy 3588 3 73014444033 31850496 102 1
copy 3589 3 73014444034 31850496 101 1
copy 3590 3 73014444034 31850496 102 1
copy 3591 3 73014444035 31850496 101 1
copy 3592 3 73014444035 31850496 102 1
copy 3593 3 73014444036 31850496 101 1
copy 3594 3 73014444036 31850496 102 1
copy 3595 3 73014444037 31850496 101 1
copy 3596 3 73014444037 31850496 102 1
copy 3597 3 73014444038 31850496 101 1
copy 3598 3 73014444038 31850496 102 1
copy 3599 3 73014444039 31850496 101 1
copy 3600 3 73014444039 31850496 102 1
copy 3601 3 73014444040 31850496 101 1
copy 3602 3 73014444040 31850496 102 1
copy 3603 3 73014444041 31850496 101 1
copy 3604 3 73014444041 31850496 102 1
copy 3605 3 73014444042 31850496 101 1
copy 3606 3 73014444042 31850496 102 1
copy 3607 3 73014444043 31850496 101 1
copy 3608 3 73014444043 31850496 102 1
copy 3609 3 73014444044 31850496 101 1
copy 3610 3 73014444044 31850496 102 1
copy 3611 3 73014444045 31850496 101 1
copy 3612 3 73014444045 31850496 102 1
copy 3613 3 73014444046 31850496 101 1
copy 3614 3 73014444046 31850496 102 1
copy 3615 3 73014444047 31850496 101 1
copy 3616 3 73014444047 31850496 102 1
copy 3617 3 73014444048 31850496 101 1
copy 3618 3 73014444048 31850496 102 1
copy 3619 3 73014444049 31850496 101 1
copy 3620 3 73014444049 31850496 102 1
copy 3621 3 73014444050 31850496 101 1
copy 3622 3 73014444050 31850496 102 1
copy 3623 3 73014444051 31850496 101 1
copy 3624 3 73014444051 31850496 102 1
copy 3625 3 73014444052 31850496 101 1
copy 3626 3 73014444052 31850496 102 1
copy 3627 3 73014444053 31850496 101 1
copy 3628 3 73014444053 31850496 102 1
copy 3629 3 73014444054 31850496 101 1
copy 3630 3 73014444054 31850496 102 1
copy 3631 3 73014444055 31850496 101 1
copy 3632 3 73014444055 31850496 102 1
copy 3633 3 73014444056 31850496 101 1
copy 3634 3 73014444056 31850496 102 1
copy 3635 3 73014444057 31850496 101 1
copy 3636 3 73014444057 31850496 102 1
copy 3637 3 73014444058 31850496 101 1
copy 3638 3 73014444058 31850496 102 1
copy 3639 3 73014444059 31850496 101 1
copy 3640 3 73014444059 31850496 102 1
copy 3641 3 73014444060 31850496 101 1
copy 3642 3 73014444060 31850496 102 1
copy 3643 3 73014444061 31850496 101 1
copy 3644 3 73014444061 31850496 102 1
copy 3645 3 73014444062 31850496 101 1
copy 3646 3 73014444062 31850496 102 1
copy 3647 3 73014444063 31850496 101 1
copy 3648 3 73014444063 31850496 102 1
copy 3649 3 73014444064 31850496 101 1
copy 3650 3 73014444064 31850496 102 1
copy 3651 3 73014444065 31850496 101 1
copy 3652 3 73014444065 31850496 102 1
copy 3653 3 73014444066 31850496 101 1
copy 3654 3 73014444066 31850496 102 1
copy 3655 3 73014444067 31850496 101 1
copy 3656 3 73014444067 31850496 102 1
copy 3657 3 73014444068 31850496 101 1
copy 3658 3 73014444068 31850496 102 1
copy 3659 3 73014444069 31850496 101 1
copy 3660 3 73014444069 31850496 102 1
copy 3661 3 73014444070 31850496 101 1
copy 3662 3 73014444070 31850496 102 1
copy 3663 3 73014444071 31850496 101 1
copy 3664 3 73014444071 31850496 102 1
copy 3665 3 73014444072 31850496 101 1
copy 3666 3 73014444072 31850496 102 1
copy 3667 3 73014444073 31850496 101 1
copy 3668 3 73014444073 31850496 102 1
copy 3669 3 73014444074 31850496 101 1
copy 3670 3 73014444074 31850496 102 1
copy 3671 3 73014444075 31850496 101 1
copy 3672 3 73014444075 31850496 102 1
copy 3673 3 73014444076 31850496 101 1
copy 3674 3 73014444076 31850496 102 1
copy 3675 3 73014444077 31850496 101 1
copy 3676 3 73014444077 31850496 102 1
copy 3677 3 73014444078 31850496 101 1
copy 3678 3 73014444078 31850496 102 1
copy 3679 3 73014444079 31850496 101 1
copy 3680 3 73014444079 31850496 102 1
copy 3681 3 73014444080 31850496 101 1
copy 3682 3 73014444080 31850496 102 1
copy 3683 3 73014444081 31850496 101 1
copy 3684 3 73014444081 31850496 102 1
copy 3685 3 73014444082 31850496 101 1
copy 3686 3 73014444082 31850496 102 1
copy 3687 3 73014444083 31850496 101 1
copy 3688 3 73014444083 31850496 102 1
copy 3689 3 73014444084 31850496 101 1
copy 3690 3 73014444084 31850496 102 1
copy 3691 3 73014444085 31850496 101 1
copy 3692 3 73014444085 31850496 102 1
copy 3693 3 73014444086 31850496 101 1
copy 3694 3 73014444086 31850496 102 1
copy 3695 3 73014444087 31850496 101 1
copy 3696 3 73014444087 31850496 102 1
copy 3697 3 73014444088 31850496 101 1
copy 3698 3 73014444088 31850496 102 1
copy 3699 3 73014444089 31850496 101 1
copy 3700 3 73014444089 31850496 102 1
copy 3701 3 73014444090 31850496 101 1
copy 3702 3 73014444090 31850496 102 1
copy 3703 3 73014444091 31850496 101 1
copy 3704 3 73014444091 31850496 102 1
copy 3705 3 73014444092 31850496 101 1
copy 3706 3 73014444092 31850496 102 1
copy 3707 3 73014444093 31850496 101 1
copy 3708 3 73014444093 31850496 102 1
copy 3709 3 73014444094 31850496 101 1
copy 3710 3 73014444094 31850496 102 1
copy 3711 3 73014444095 31850496 101 1
copy 3712 3 73014444095 31850496 102 1
copy 3713 3 73014444096 31850496 101 1
copy 3714 3 73014444096 31850496 102 1
copy 3715 3 73014444097 31850496 101 1
copy 3716 3 73014444097 31850496 102 1
copy 3717 3 73014444098 31850496 101 1
copy 3718 3 73014444098 31850496 102 1
copy 3719 3 73014444099 31850496 101 1
copy 3720 3 73014444099 31850496 102 1
copy 3721 3 73014444100 31850496 101 1
copy 3722 3 73014444100 31850496 102 1
copy 3723 3 73014444101 31850496 101 1
copy 3724 3 73014444101 31850496 102 1
copy 3725 3 73014444102 31850496 101 1
copy 3726 3 73014444102 31850496 102 1
copy 3727 3 73014444103 31850496 101 1
copy 3728 3 73014444103 31850496 102 1
copy 3729 3 73014444104 31850496 101 1
copy 3730 3 73014444104 31850496 102 1
copy 3731 3 73014444105 31850496 101 1
copy 3732 3 73014444105 31850496 102 1
copy 3733 3 73014444106 31850496 101 1
copy 3734 3 73014444106 31850496 102 1
copy 3735 3 73014444107 31850496 101 1
copy 3736 3 73014444107 31850496 102 1
copy 3737 3 73014444108 31850496 101 1
copy 3738 3 73014444108 31850496 102 1
copy 3739 3 73014444109 31850496 101 1
copy 3740 3 73014444109 31850496 102 1
copy 3741 3 73014444110 31850496 101 1
copy 3742 3 73014444110 31850496 102 1
copy 3743 3 73014444111 31850496 101 1
copy 3744 3 73014444111 31850496 102 1
copy 3745 3 73014444112 31850496 101 1
copy 3746 3 73014444112 31850496 102 1
copy 3747 3 73014444113 31850496 101 1
copy 3748 3 73014444113 31850496 102 1
copy 3749 3 73014444114 31850496 101 1
copy 3750 3 73014444114 31850496 102 1
copy 3751 3 73014444115 31850496 101 1
copy 3752 3 73014444115 31850496 102 1
copy 3753 3 73014444116 31850496 101 1
copy 3754 3 73014444116 31850496 102 1
copy 3755 3 73014444117 31850496 101 1
copy 3756 3 73014444117 31850496 102 1
copy 3757 3 73014444118 31850496 101 1
copy 3758 3 73014444118 31850496 102 1
copy 3759 3 73014444119 31850496 101 1
copy 3760 3 73014444119 31850496 102 1
copy 3761 3 73014444120 31850496 101 1
copy 3762 3 73014444120 31850496 102 1
copy 3763 3 73014444121 31850496 101 1
copy 3764 3 73014444121 31850496 102 1
copy 3765 3 73014444122 31850496 101 1
copy 3766 3 73014444122 31850496 102 1
copy 3767 3 73014444123 31850496 101 1
copy 3768 3 73014444123 31850496 102 1
copy 3769 3 73014444124 31850496 101 1
copy 3770 3 73014444124 31850496 102 1
copy 3771 3 73014444125 31850496 101 1
copy 3772 3 73014444125 31850496 102 1
copy 3773 3 73014444126 31850496 101 1
copy 3774 3 73014444126 31850496 102 1
copy 3775 3 73014444127 31850496 101 1
copy 3776 3 73014444127 31850496 102 1
copy 3777 3 73014444128 31850496 101 1
copy 3778 3 73014444128 31850496 102 1
copy 3779 3 73014444129 31850496 101 1
copy 3780 3 73014444129 31850496 102 1
copy 3781 3 73014444130 31850496 101 1
copy 3782 3 73014444130 31850496 102 1
copy 3783 3 73014444131 31850496 101 1
copy 3784 3 73014444131 31850496 102 1
copy 3785 3 73014444132 31850496 101 1
copy 3786 3 73014444132 31850496 102 1
copy 3787 3 73014444133 31850496 101 1
copy 3788 3 73014444133 31850496 102 1
copy 3789 3 73014444134 31850496 101 1
copy 3790 3 73014444134 31850496 102 1
copy 3791 3 73014444135 31850496 101 1
copy 3792 3 73014444135 31850496 102 1
copy 3793 3 73014444136 31850496 101 1
copy 3794 3 73014444136 31850496 102 1
copy 3795 3 73014444137 31850496 101 1
copy 3796 3 73014444137 31850496 102 1
copy 3797 3 73014444138 31850496 101 1
copy 3798 3 73014444138 31850496 102 1
copy 3799 3 73014444139 31850496 101 1
copy 3800 3 73014444139 31850496 102 1
copy 3801 3 73014444140 31850496 101 1
copy 3802 3 73014444140 31850496 102 1
copy 3803 3 73014444141 31850496 101 1
copy 3804 3 73014444141 31850496 102 1
copy 3805 3 73014444142 31850496 101 1
copy 3806 3 73014444142 31850496 102 1
copy 3807 3 73014444143 31850496 101 1
copy 3808 3 73014444143 31850496 102 1
copy 3809 3 73014444144 31850496 101 1
copy 3810 3 73014444144 31850496 102 1
copy 3811 3 73014444145 31850496 101 1
copy 3812 3 73014444145 31850496 102 1
copy 3813 3 73014444146 31850496 101 1
copy 3814 3 73014444146 31850496 102 1
copy 3815 3 73014444147 31850496 101 1
copy 3816 3 73014444147 31850496 102 1
copy 3817 3 73014444148 31850496 101 1
copy 3818 3 73014444148 31850496 102 1
copy 3819 3 73014444149 31850496 101 1
copy 3820 3 73014444149 31850496 102 1
copy 3821 3 73014444150 31850496 101 1
copy 3822 3 73014444150 31850496 102 1
copy 3823 3 73014444151 31850496 101 1
copy 3824 3 73014444151 31850496 102 1
copy 3825 3 73014444152 31850496 101 1
copy 3826 3 73014444152 31850496 102 1
copy 3827 3 73014444153 31850496 101 1
copy 3828 3 73014444153 31850496 102 1
copy 3829 3 73014444154 31850496 101 1
copy 3830 3 73014444154 31850496 102 1
copy 3831 3 73014444155 31850496 101 1
copy 3832 3 73014444155 31850496 102 1
copy 3833 3 73014444156 31850496 101 1
copy 3834 3 73014444156 31850496 102 1
copy 3835 3 73014444157 31850496 101 1
copy 3836 3 73014444157 31850496 102 1
copy 3837 3 73014444158 31850496 101 1
copy 3838 3 73014444158 31850496 102 1
copy 3839 3 73014444159 31850496 101 1
copy 3840 3 73014444159 31850496 102 1
copy 3841 3 77309411328 31850496 101 1
copy 3842 3 77309411328 31850496 102 1
copy 3843 3 77309411329 31850496 101 1
copy 3844 3 77309411329 31850496 102 1
copy 3845 3 77309411330 31850496 101 1
copy 3846 3 77309411330 31850496 102 1
copy 3847 3 77309411331 31850496 101 1
copy 3848 3 77309411331 31850496 102 1
copy 3849 3 77309411332 31850496 101 1
copy 3850 3 77309411332 31850496 102 1
copy 3851 3 77309411333 31850496 101 1
copy 3852 3 77309411333 31850496 102 1
copy 3853 3 77309411334 31850496 101 1
copy 3854 3 77309411334 31850496 102 1
copy 3855 3 77309411335 31850496 101 1
copy 3856 3 77309411335 31850496 102 1
copy 3857 3 77309411336 31850496 101 1
copy 3858 3 77309411336 31850496 102 1
copy 3859 3 77309411337 31850496 101 1
copy 3860 3 77309411337 31850496 102 1
copy 3861 3 77309411338 31850496 101 1
copy 3862 3 77309411338 31850496 102 1
copy 3863 3 77309411339 31850496 101 1
copy 3864 3 77309411339 31850496 102 1
copy 3865 3 77309411340 31850496 101 1
copy 3866 3 77309411340 31850496 102 1
copy 3867 3 77309411341 31850496 101 1
copy 3868 3 77309411341 31850496 102 1
copy 3869 3 77309411342 31850496 101 1
copy 3870 3 77309411342 31850496 102 1
copy 3871 3 77309411343 31850496 101 1
copy 3872 3 77309411343 31850496 102 1
copy 3873 3 77309411344 31850496 101 1
copy 3874 3 77309411344 31850496 102 1
copy 3875 3 77309411345 31850496 101 1
copy 3876 3 77309411345 31850496 102 1
copy 3877 3 77309411346 31850496 101 1
copy 3878 3 77309411346 31850496 102 1
copy 3879 3 77309411347 31850496 101 1
copy 3880 3 77309411347 31850496 102 1
copy 3881 3 77309411348 31850496 101 1
copy 3882 3 77309411348 31850496 102 1
copy 3883 3 77309411349 31850496 101 1
copy 3884 3 77309411349 31850496 102 1
copy 3885 3 77309411350 31850496 101 1
copy 3886 3 77309411350 31850496 102 1
copy 3887 3 77309411351 31850496 101 1
copy 3888 3 77309411351 31850496 102 1
copy 3889 3 77309411352 31850496 101 1
copy 3890 3 77309411352 31850496 102 1
copy 3891 3 77309411353 31850496 101 1
copy 3892 3 77309411353 31850496 102 1
copy 3893 3 77309411354 31850496 101 1
copy 3894 3 77309411354 31850496 102 1
copy 3895 3 77309411355 31850496 101 1
copy 3896 3 77309411355 31850496 102 1
copy 3897 3 77309411356 31850496 101 1
copy 3898 3 77309411356 31850496 102 1
copy 3899 3 77309411357 31850496 101 1
copy 3900 3 77309411357 31850496 102 1
copy 3901 3 77309411358 31850496 101 1
copy 3902 3 77309411358 31850496 102 1
copy 3903 3 77309411359 31850496 101 1
copy 3904 3 77309411359 31850496 102 1
copy 3905 3 77309411360 31850496 101 1
copy 3906 3 77309411360 31850496 102 1
copy 3907 3 77309411361 31850496 101 1
copy 3908 3 77309411361 31850496 102 1
copy 3909 3 77309411362 31850496 101 1
copy 3910 3 77309411362 31850496 102 1
copy 3911 3 77309411363 31850496 101 1
copy 3912 3 77309411363 31850496 102 1
copy 3913 3 77309411364 31850496 101 1
copy 3914 3 77309411364 31850496 102 1
copy 3915 3 77309411365 31850496 101 1
copy 3916 3 77309411365 31850496 102 1
copy 3917 3 77309411366 31850496 101 1
copy 3918 3 77309411366 31850496 102 1
copy 3919 3 77309411367 31850496 101 1
copy 3920 3 77309411367 31850496 102 1
copy 3921 3 77309411368 31850496 101 1
copy 3922 3 77309411368 31850496 102 1
copy 3923 3 77309411369 31850496 101 1
copy 3924 3 77309411369 31850496 102 1
copy 3925 3 77309411370 31850496 101 1
copy 3926 3 77309411370 31850496 102 1
copy 3927 3 77309411371 31850496 101 1
copy 3928 3 77309411371 31850496 102 1
copy 3929 3 77309411372 31850496 101 1
copy 3930 3 77309411372 31850496 102 1
copy 3931 3 77309411373 31850496 101 1
copy 3932 3 77309411373 31850496 102 1
copy 3933 3 77309411374 31850496 101 1
copy 3934 3 77309411374 31850496 102 1
copy 3935 3 77309411375 31850496 101 1
copy 3936 3 77309411375 31850496 102 1
copy 3937 3 77309411376 31850496 101 1
copy 3938 3 77309411376 31850496 102 1
copy 3939 3 77309411377 31850496 101 1
copy 3940 3 77309411377 31850496 102 1
copy 3941 3 77309411378 31850496 101 1
copy 3942 3 77309411378 31850496 102 1
copy 3943 3 77309411379 31850496 101 1
copy 3944 3 77309411379 31850496 102 1
copy 3945 3 77309411380 31850496 101 1
copy 3946 3 77309411380 31850496 102 1
copy 3947 3 77309411381 31850496 101 1
copy 3948 3 77309411381 31850496 102 1
copy 3949 3 77309411382 31850496 101 1
copy 3950 3 77309411382 31850496 102 1
copy 3951 3 77309411383 31850496 101 1
copy 3952 3 77309411383 31850496 102 1
copy 3953 3 77309411384 31850496 101 1
copy 3954 3 77309411384 31850496 102 1
copy 3955 3 77309411385 31850496 101 1
copy 3956 3 77309411385 31850496 102 1
copy 3957 3 77309411386 31850496 101 1
copy 3958 3 77309411386 31850496 102 1
copy 3959 3 77309411387 31850496 101 1
copy 3960 3 77309411387 31850496 102 1
copy 3961 3 77309411388 31850496 101 1
copy 3962 3 77309411388 31850496 102 1
copy 3963 3 77309411389 31850496 101 1
copy 3964 3 77309411389 31850496 102 1
copy 3965 3 77309411390 31850496 101 1
copy 3966 3 77309411390 31850496 102 1
copy 3967 3 77309411391 31850496 101 1
copy 3968 3 77309411391 31850496 102 1
copy 3969 3 77309411392 31850496 101 1
copy 3970 3 77309411392 31850496 102 1
copy 3971 3 77309411393 31850496 101 1
copy 3972 3 77309411393 31850496 102 1
copy 3973 3 77309411394 31850496 101 1
copy 3974 3 77309411394 31850496 102 1
copy 3975 3 77309411395 31850496 101 1
copy 3976 3 77309411395 31850496 102 1
copy 3977 3 77309411396 31850496 101 1
copy 3978 3 77309411396 31850496 102 1
copy 3979 3 77309411397 31850496 101 1
copy 3980 3 77309411397 31850496 102 1
copy 3981 3 77309411398 31850496 101 1
copy 3982 3 77309411398 31850496 102 1
copy 3983 3 77309411399 31850496 101 1
copy 3984 3 77309411399 31850496 102 1
copy 3985 3 77309411400 31850496 101 1
copy 3986 3 77309411400 31850496 102 1
copy 3987 3 77309411401 31850496 101 1
copy 3988 3 77309411401 31850496 102 1
copy 3989 3 77309411402 31850496 101 1
copy 3990 3 77309411402 31850496 102 1
copy 3991 3 77309411403 31850496 101 1
copy 3992 3 77309411403 31850496 102 1
copy 3993 3 77309411404 31850496 101 1
copy 3994 3 77309411404 31850496 102 1
copy 3995 3 77309411405 31850496 101 1
copy 3996 3 77309411405 31850496 102 1
copy 3997 3 77309411406 31850496 101 1
copy 3998 3 77309411406 31850496 102 1
copy 3999 3 77309411407 31850496 101 1
copy 4000 3 77309411407 31850496 102 1
copy 4001 3 77309411408 31850496 101 1
copy 4002 3 77309411408 31850496 102 1
copy 4003 3 77309411409 31850496 101 1
copy 4004 3 77309411409 31850496 102 1
copy 4005 3 77309411410 31850496 101 1
copy 4006 3 77309411410 31850496 102 1
copy 4007 3 77309411411 31850496 101 1
copy 4008 3 77309411411 31850496 102 1
copy 4009 3 77309411412 31850496 101 1
copy 4010 3 77309411412 31850496 102 1
copy 4011 3 77309411413 31850496 101 1
copy 4012 3 77309411413 31850496 102 1
copy 4013 3 77309411414 31850496 101 1
copy 4014 3 77309411414 31850496 102 1
copy 4015 3 77309411415 31850496 101 1
copy 4016 3 77309411415 31850496 102 1
copy 4017 3 77309411416 31850496 101 1
copy 4018 3 77309411416 31850496 102 1
copy 4019 3 77309411417 31850496 101 1
copy 4020 3 77309411417 31850496 102 1
copy 4021 3 77309411418 31850496 101 1
copy 4022 3 77309411418 31850496 102 1
copy 4023 3 77309411419 31850496 101 1
copy 4024 3 77309411419 31850496 102 1
copy 4025 3 77309411420 31850496 101 1
copy 4026 3 77309411420 31850496 102 1
copy 4027 3 77309411421 31850496 101 1
copy 4028 3 77309411421 31850496 102 1
copy 4029 3 77309411422 31850496 101 1
copy 4030 3 77309411422 31850496 102 1
copy 4031 3 77309411423 31850496 101 1
copy 4032 3 77309411423 31850496 102 1
copy 4033 3 77309411424 31850496 101 1
copy 4034 3 77309411424 31850496 102 1
copy 4035 3 77309411425 31850496 101 1
copy 4036 3 77309411425 31850496 102 1
copy 4037 3 77309411426 31850496 101 1
copy 4038 3 77309411426 31850496 102 1
copy 4039 3 77309411427 31850496 101 1
copy 4040 3 77309411427 31850496 102 1
copy 4041 3 77309411428 31850496 101 1
copy 4042 3 77309411428 31850496 102 1
copy 4043 3 77309411429 31850496 101 1
copy 4044 3 77309411429 31850496 102 1
copy 4045 3 77309411430 31850496 101 1
copy 4046 3 77309411430 31850496 102 1
copy 4047 3 77309411431 31850496 101 1
copy 4048 3 77309411431 31850496 102 1
copy 4049 3 77309411432 31850496 101 1
copy 4050 3 77309411432 31850496 102 1
copy 4051 3 77309411433 31850496 101 1
copy 4052 3 77309411433 31850496 102 1
copy 4053 3 77309411434 31850496 101 1
copy 4054 3 77309411434 31850496 102 1
copy 4055 3 77309411435 31850496 101 1
copy 4056 3 77309411435 31850496 102 1
copy 4057 3 77309411436 31850496 101 1
copy 4058 3 77309411436 31850496 102 1
copy 4059 3 77309411437 31850496 101 1
copy 4060 3 77309411437 31850496 102 1
copy 4061 3 77309411438 31850496 101 1
copy 4062 3 77309411438 31850496 102 1
copy 4063 3 77309411439 31850496 101 1
copy 4064 3 77309411439 31850496 102 1
copy 4065 3 77309411440 31850496 101 1
copy 4066 3 77309411440 31850496 102 1
copy 4067 3 77309411441 31850496 101 1
copy 4068 3 77309411441 31850496 102 1
copy 4069 3 77309411442 31850496 101 1
copy 4070 3 77309411442 31850496 102 1
copy 4071 3 77309411443 31850496 101 1
copy 4072 3 77309411443 31850496 102 1
copy 4073 3 77309411444 31850496 101 1
copy 4074 3 77309411444 31850496 102 1
copy 4075 3 77309411445 31850496 101 1
copy 4076 3 77309411445 31850496 102 1
copy 4077 3 77309411446 31850496 101 1
copy 4078 3 77309411446 31850496 102 1
copy 4079 3 77309411447 31850496 101 1
copy 4080 3 77309411447 31850496 102 1
copy 4081 3 77309411448 31850496 101 1
copy 4082 3 77309411448 31850496 102 1
copy 4083 3 77309411449 31850496 101 1
copy 4084 3 77309411449 31850496 102 1
copy 4085 3 77309411450 31850496 101 1
copy 4086 3 77309411450 31850496 102 1
copy 4087 3 77309411451 31850496 101 1
copy 4088 3 77309411451 31850496 102 1
copy 4089 3 77309411452 31850496 101 1
copy 4090 3 77309411452 31850496 102 1
copy 4091 3 77309411453 31850496 101 1
copy 4092 3 77309411453 31850496 102 1
copy 4093 3 77309411454 31850496 101 1
copy 4094 3 77309411454 31850496 102 1
copy 4095 3 77309411455 31850496 101 1
copy 4096 3 77309411455 31850496 102 1
copy 4097 3 81604378624 31850496 101 1
copy 4098 3 81604378624 31850496 102 1
copy 4099 3 81604378625 31850496 101 1
copy 4100 3 81604378625 31850496 102 1
copy 4101 3 81604378626 31850496 101 1
copy 4102 3 81604378626 31850496 102 1
copy 4103 3 81604378627 31850496 101 1
copy 4104 3 81604378627 31850496 102 1
copy 4105 3 81604378628 31850496 101 1
copy 4106 3 81604378628 31850496 102 1
copy 4107 3 81604378629 31850496 101 1
copy 4108 3 81604378629 31850496 102 1
copy 4109 3 81604378630 31850496 101 1
copy 4110 3 81604378630 31850496 102 1
copy 4111 3 81604378631 31850496 101 1
copy 4112 3 81604378631 31850496 102 1
copy 4113 3 81604378632 31850496 101 1
copy 4114 3 81604378632 31850496 102 1
copy 4115 3 81604378633 31850496 101 1
copy 4116 3 81604378633 31850496 102 1
copy 4117 3 81604378634 31850496 101 1
copy 4118 3 81604378634 31850496 102 1
copy 4119 3 81604378635 31850496 101 1
copy 4120 3 81604378635 31850496 102 1
copy 4121 3 81604378636 31850496 101 1
copy 4122 3 81604378636 31850496 102 1
copy 4123 3 81604378637 31850496 101 1
copy 4124 3 81604378637 31850496 102 1
copy 4125 3 81604378638 31850496 101 1
copy 4126 3 81604378638 31850496 102 1
copy 4127 3 81604378639 31850496 101 1
copy 4128 3 81604378639 31850496 102 1
copy 4129 3 81604378640 31850496 101 1
copy 4130 3 81604378640 31850496 102 1
copy 4131 3 81604378641 31850496 101 1
copy 4132 3 81604378641 31850496 102 1
copy 4133 3 81604378642 31850496 101 1
copy 4134 3 81604378642 31850496 102 1
copy 4135 3 81604378643 31850496 101 1
copy 4136 3 81604378643 31850496 102 1
copy 4137 3 81604378644 31850496 101 1
copy 4138 3 81604378644 31850496 102 1
copy 4139 3 81604378645 31850496 101 1
copy 4140 3 81604378645 31850496 102 1
copy 4141 3 81604378646 31850496 101 1
copy 4142 3 81604378646 31850496 102 1
copy 4143 3 81604378647 31850496 101 1
copy 4144 3 81604378647 31850496 102 1
copy 4145 3 81604378648 31850496 101 1
copy 4146 3 81604378648 31850496 102 1
copy 4147 3 81604378649 31850496 101 1
copy 4148 3 81604378649 31850496 102 1
copy 4149 3 81604378650 31850496 101 1
copy 4150 3 81604378650 31850496 102 1
copy 4151 3 81604378651 31850496 101 1
copy 4152 3 81604378651 31850496 102 1
copy 4153 3 81604378652 31850496 101 1
copy 4154 3 81604378652 31850496 102 1
copy 4155 3 81604378653 31850496 101 1
copy 4156 3 81604378653 31850496 102 1
copy 4157 3 81604378654 31850496 101 1
copy 4158 3 81604378654 31850496 102 1
copy 4159 3 81604378655 31850496 101 1
copy 4160 3 81604378655 31850496 102 1
copy 4161 3 81604378656 31850496 101 1
copy 4162 3 81604378656 31850496 102 1
copy 4163 3 81604378657 31850496 101 1
copy 4164 3 81604378657 31850496 102 1
copy 4165 3 81604378658 31850496 101 1
copy 4166 3 81604378658 31850496 102 1
copy 4167 3 81604378659 31850496 101 1
copy 4168 3 81604378659 31850496 102 1
copy 4169 3 81604378660 31850496 101 1
copy 4170 3 81604378660 31850496 102 1
copy 4171 3 81604378661 31850496 101 1
copy 4172 3 81604378661 31850496 102 1
copy 4173 3 81604378662 31850496 101 1
copy 4174 3 81604378662 31850496 102 1
copy 4175 3 81604378663 31850496 101 1
copy 4176 3 81604378663 31850496 102 1
copy 4177 3 81604378664 31850496 101 1
copy 4178 3 81604378664 31850496 102 1
copy 4179 3 81604378665 31850496 101 1
copy 4180 3 81604378665 31850496 102 1
copy 4181 3 81604378666 31850496 101 1
copy 4182 3 81604378666 31850496 102 1
copy 4183 3 81604378667 31850496 101 1
copy 4184 3 81604378667 31850496 102 1
copy 4185 3 81604378668 31850496 101 1
copy 4186 3 81604378668 31850496 102 1
copy 4187 3 81604378669 31850496 101 1
copy 4188 3 81604378669 31850496 102 1
copy 4189 3 81604378670 31850496 101 1
copy 4190 3 81604378670 31850496 102 1
copy 4191 3 81604378671 31850496 101 1
copy 4192 3 81604378671 31850496 102 1
copy 4193 3 81604378672 31850496 101 1
copy 4194 3 81604378672 31850496 102 1
copy 4195 3 81604378673 31850496 101 1
copy 4196 3 81604378673 31850496 102 1
copy 4197 3 81604378674 31850496 101 1
copy 4198 3 81604378674 31850496 102 1
copy 4199 3 81604378675 31850496 101 1
copy 4200 3 81604378675 31850496 102 1
copy 4201 3 81604378676 31850496 101 1
copy 4202 3 81604378676 31850496 102 1
copy 4203 3 81604378677 31850496 101 1
copy 4204 3 81604378677 31850496 102 1
copy 4205 3 81604378678 31850496 101 1
copy 4206 3 81604378678 31850496 102 1
copy 4207 3 81604378679 31850496 101 1
copy 4208 3 81604378679 31850496 102 1
copy 4209 3 81604378680 31850496 101 1
copy 4210 3 81604378680 31850496 102 1
copy 4211 3 81604378681 31850496 101 1
copy 4212 3 81604378681 31850496 102 1
copy 4213 3 81604378682 31850496 101 1
copy 4214 3 81604378682 31850496 102 1
copy 4215 3 81604378683 31850496 101 1
copy 4216 3 81604378683 31850496 102 1
copy 4217 3 81604378684 31850496 101 1
copy 4218 3 81604378684 31850496 102 1
copy 4219 3 81604378685 31850496 101 1
copy 4220 3 81604378685 31850496 102 1
copy 4221 3 81604378686 31850496 101 1
copy 4222 3 81604378686 31850496 102 1
copy 4223 3 81604378687 31850496 101 1
copy 4224 3 81604378687 31850496 102 1
copy 4225 3 81604378688 31850496 101 1
copy 4226 3 81604378688 31850496 102 1
copy 4227 3 81604378689 31850496 101 1
copy 4228 3 81604378689 31850496 102 1
copy 4229 3 81604378690 31850496 101 1
copy 4230 3 81604378690 31850496 102 1
copy 4231 3 81604378691 31850496 101 1
copy 4232 3 81604378691 31850496 102 1
copy 4233 3 81604378692 31850496 101 1
copy 4234 3 81604378692 31850496 102 1
copy 4235 3 81604378693 31850496 101 1
copy 4236 3 81604378693 31850496 102 1
copy 4237 3 81604378694 31850496 101 1
copy 4238 3 81604378694 31850496 102 1
copy 4239 3 81604378695 31850496 101 1
copy 4240 3 81604378695 31850496 102 1
copy 4241 3 81604378696 31850496 101 1
copy 4242 3 81604378696 31850496 102 1
copy 4243 3 81604378697 31850496 101 1
copy 4244 3 81604378697 31850496 102 1
copy 4245 3 81604378698 31850496 101 1
copy 4246 3 81604378698 31850496 102 1
copy 4247 3 81604378699 31850496 101 1
copy 4248 3 81604378699 31850496 102 1
copy 4249 3 81604378700 31850496 101 1
copy 4250 3 81604378700 31850496 102 1
copy 4251 3 81604378701 31850496 101 1
copy 4252 3 81604378701 31850496 102 1
copy 4253 3 81604378702 31850496 101 1
copy 4254 3 81604378702 31850496 102 1
copy 4255 3 81604378703 31850496 101 1
copy 4256 3 81604378703 31850496 102 1
copy 4257 3 81604378704 31850496 101 1
copy 4258 3 81604378704 31850496 102 1
copy 4259 3 81604378705 31850496 101 1
copy 4260 3 81604378705 31850496 102 1
copy 4261 3 81604378706 31850496 101 1
copy 4262 3 81604378706 31850496 102 1
copy 4263 3 81604378707 31850496 101 1
copy 4264 3 81604378707 31850496 102 1
copy 4265 3 81604378708 31850496 101 1
copy 4266 3 81604378708 31850496 102 1
copy 4267 3 81604378709 31850496 101 1
copy 4268 3 81604378709 31850496 102 1
copy 4269 3 81604378710 31850496 101 1
copy 4270 3 81604378710 31850496 102 1
copy 4271 3 81604378711 31850496 101 1
copy 4272 3 81604378711 31850496 102 1
copy 4273 3 81604378712 31850496 101 1
copy 4274 3 81604378712 31850496 102 1
copy 4275 3 81604378713 31850496 101 1
copy 4276 3 81604378713 31850496 102 1
copy 4277 3 81604378714 31850496 101 1
copy 4278 3 81604378714 31850496 102 1
copy 4279 3 81604378715 31850496 101 1
copy 4280 3 81604378715 31850496 102 1
copy 4281 3 81604378716 31850496 101 1
copy 4282 3 81604378716 31850496 102 1
copy 4283 3 81604378717 31850496 101 1
copy 4284 3 81604378717 31850496 102 1
copy 4285 3 81604378718 31850496 101 1
copy 4286 3 81604378718 31850496 102 1
copy 4287 3 81604378719 31850496 101 1
copy 4288 3 81604378719 31850496 102 1
copy 4289 3 81604378720 31850496 101 1
copy 4290 3 81604378720 31850496 102 1
copy 4291 3 81604378721 31850496 101 1
copy 4292 3 81604378721 31850496 102 1
copy 4293 3 81604378722 31850496 101 1
copy 4294 3 81604378722 31850496 102 1
copy 4295 3 81604378723 31850496 101 1
copy 4296 3 81604378723 31850496 102 1
copy 4297 3 81604378724 31850496 101 1
copy 4298 3 81604378724 31850496 102 1
copy 4299 3 81604378725 31850496 101 1
copy 4300 3 81604378725 31850496 102 1
copy 4301 3 81604378726 31850496 101 1
copy 4302 3 81604378726 31850496 102 1
copy 4303 3 81604378727 31850496 101 1
copy 4304 3 81604378727 31850496 102 1
copy 4305 3 81604378728 31850496 101 1
copy 4306 3 81604378728 31850496 102 1
copy 4307 3 81604378729 31850496 101 1
copy 4308 3 81604378729 31850496 102 1
copy 4309 3 81604378730 31850496 101 1
copy 4310 3 81604378730 31850496 102 1
copy 4311 3 81604378731 31850496 101 1
copy 4312 3 81604378731 31850496 102 1
copy 4313 3 81604378732 31850496 101 1
copy 4314 3 81604378732 31850496 102 1
copy 4315 3 81604378733 31850496 101 1
copy 4316 3 81604378733 31850496 102 1
copy 4317 3 81604378734 31850496 101 1
copy 4318 3 81604378734 31850496 102 1
copy 4319 3 81604378735 31850496 101 1
copy 4320 3 81604378735 31850496 102 1
copy 4321 3 81604378736 31850496 101 1
copy 4322 3 81604378736 31850496 102 1
copy 4323 3 81604378737 31850496 101 1
copy 4324 3 81604378737 31850496 102 1
copy 4325 3 81604378738 31850496 101 1
copy 4326 3 81604378738 31850496 102 1
copy 4327 3 81604378739 31850496 101 1
copy 4328 3 81604378739 31850496 102 1
copy 4329 3 81604378740 31850496 101 1
copy 4330 3 81604378740 31850496 102 1
copy 4331 3 81604378741 31850496 101 1
copy 4332 3 81604378741 31850496 102 1
copy 4333 3 81604378742 31850496 101 1
copy 4334 3 81604378742 31850496 102 1
copy 4335 3 81604378743 31850496 101 1
copy 4336 3 81604378743 31850496 102 1
copy 4337 3 81604378744 31850496 101 1
copy 4338 3 81604378744 31850496 102 1
copy 4339 3 81604378745 31850496 101 1
copy 4340 3 81604378745 31850496 102 1
copy 4341 3 81604378746 31850496 101 1
copy 4342 3 81604378746 31850496 102 1
copy 4343 3 81604378747 31850496 101 1
copy 4344 3 81604378747 31850496 102 1
copy 4345 3 81604378748 31850496 101 1
copy 4346 3 81604378748 31850496 102 1
copy 4347 3 81604378749 31850496 101 1
copy 4348 3 81604378749 31850496 102 1
copy 4349 3 81604378750 31850496 101 1
copy 4350 3 81604378750 31850496 102 1
copy 4351 3 81604378751 31850496 101 1
copy 4352 3 81604378751 31850496 102 1
copy 4353 3 85899345920 31850496 101 1
copy 4354 3 85899345920 31850496 102 1
copy 4355 3 85899345921 31850496 101 1
copy 4356 3 85899345921 31850496 102 1
copy 4357 3 85899345922 31850496 101 1
copy 4358 3 85899345922 31850496 102 1
copy 4359 3 85899345923 31850496 101 1
copy 4360 3 85899345923 31850496 102 1
copy 4361 3 85899345924 31850496 101 1
copy 4362 3 85899345924 31850496 102 1
copy 4363 3 85899345925 31850496 101 1
copy 4364 3 85899345925 31850496 102 1
copy 4365 3 85899345926 31850496 101 1
copy 4366 3 85899345926 31850496 102 1
copy 4367 3 85899345927 31850496 101 1
copy 4368 3 85899345927 31850496 102 1
copy 4369 3 85899345928 31850496 101 1
copy 4370 3 85899345928 31850496 102 1
copy 4371 3 85899345929 31850496 101 1
copy 4372 3 85899345929 31850496 102 1
copy 4373 3 85899345930 31850496 101 1
copy 4374 3 85899345930 31850496 102 1
copy 4375 3 85899345931 31850496 101 1
copy 4376 3 85899345931 31850496 102 1
copy 4377 3 85899345932 31850496 101 1
copy 4378 3 85899345932 31850496 102 1
copy 4379 3 85899345933 31850496 101 1
copy 4380 3 85899345933 31850496 102 1
copy 4381 3 85899345934 31850496 101 1
copy 4382 3 85899345934 31850496 102 1
copy 4383 3 85899345935 31850496 101 1
copy 4384 3 85899345935 31850496 102 1
copy 4385 3 85899345936 31850496 101 1
copy 4386 3 85899345936 31850496 102 1
copy 4387 3 85899345937 31850496 101 1
copy 4388 3 85899345937 31850496 102 1
copy 4389 3 85899345938 31850496 101 1
copy 4390 3 85899345938 31850496 102 1
copy 4391 3 85899345939 31850496 101 1
copy 4392 3 85899345939 31850496 102 1
copy 4393 3 85899345940 31850496 101 1
copy 4394 3 85899345940 31850496 102 1
copy 4395 3 85899345941 31850496 101 1
copy 4396 3 85899345941 31850496 102 1
copy 4397 3 85899345942 31850496 101 1
copy 4398 3 85899345942 31850496 102 1
copy 4399 3 85899345943 31850496 101 1
copy 4400 3 85899345943 31850496 102 1
copy 4401 3 85899345944 31850496 101 1
copy 4402 3 85899345944 31850496 102 1
copy 4403 3 85899345945 31850496 101 1
copy 4404 3 85899345945 31850496 102 1
copy 4405 3 85899345946 31850496 101 1
copy 4406 3 85899345946 31850496 102 1
copy 4407 3 85899345947 31850496 101 1
copy 4408 3 85899345947 31850496 102 1
copy 4409 3 85899345948 31850496 101 1
copy 4410 3 85899345948 31850496 102 1
copy 4411 3 85899345949 31850496 101 1
copy 4412 3 85899345949 31850496 102 1
copy 4413 3 85899345950 31850496 101 1
copy 4414 3 85899345950 31850496 102 1
copy 4415 3 85899345951 31850496 101 1
copy 4416 3 85899345951 31850496 102 1
copy 4417 3 85899345952 31850496 101 1
copy 4418 3 85899345952 31850496 102 1
copy 4419 3 85899345953 31850496 101 1
copy 4420 3 85899345953 31850496 102 1
copy 4421 3 85899345954 31850496 101 1
copy 4422 3 85899345954 31850496 102 1
copy 4423 3 85899345955 31850496 101 1
copy 4424 3 85899345955 31850496 102 1
copy 4425 3 85899345956 31850496 101 1
copy 4426 3 85899345956 31850496 102 1
copy 4427 3 85899345957 31850496 101 1
copy 4428 3 85899345957 31850496 102 1
copy 4429 3 85899345958 31850496 101 1
copy 4430 3 85899345958 31850496 102 1
copy 4431 3 85899345959 31850496 101 1
copy 4432 3 85899345959 31850496 102 1
copy 4433 3 85899345960 31850496 101 1
copy 4434 3 85899345960 31850496 102 1
copy 4435 3 85899345961 31850496 101 1
copy 4436 3 85899345961 31850496 102 1
copy 4437 3 85899345962 31850496 101 1
copy 4438 3 85899345962 31850496 102 1
copy 4439 3 85899345963 31850496 101 1
copy 4440 3 85899345963 31850496 102 1
copy 4441 3 85899345964 31850496 101 1
copy 4442 3 85899345964 31850496 102 1
copy 4443 3 85899345965 31850496 101 1
copy 4444 3 85899345965 31850496 102 1
copy 4445 3 85899345966 31850496 101 1
copy 4446 3 85899345966 31850496 102 1
copy 4447 3 85899345967 31850496 101 1
copy 4448 3 85899345967 31850496 102 1
copy 4449 3 85899345968 31850496 101 1
copy 4450 3 85899345968 31850496 102 1
copy 4451 3 85899345969 31850496 101 1
copy 4452 3 85899345969 31850496 102 1
copy 4453 3 85899345970 31850496 101 1
copy 4454 3 85899345970 31850496 102 1
copy 4455 3 85899345971 31850496 101 1
copy 4456 3 85899345971 31850496 102 1
copy 4457 3 85899345972 31850496 101 1
copy 4458 3 85899345972 31850496 102 1
copy 4459 3 85899345973 31850496 101 1
copy 4460 3 85899345973 31850496 102 1
copy 4461 3 85899345974 31850496 101 1
copy 4462 3 85899345974 31850496 102 1
copy 4463 3 85899345975 31850496 101 1
copy 4464 3 85899345975 31850496 102 1
copy 4465 3 85899345976 31850496 101 1
copy 4466 3 85899345976 31850496 102 1
copy 4467 3 85899345977 31850496 101 1
copy 4468 3 85899345977 31850496 102 1
copy 4469 3 85899345978 31850496 101 1
copy 4470 3 85899345978 31850496 102 1
copy 4471 3 85899345979 31850496 101 1
copy 4472 3 85899345979 31850496 102 1
copy 4473 3 85899345980 31850496 101 1
copy 4474 3 85899345980 31850496 102 1
copy 4475 3 85899345981 31850496 101 1
copy 4476 3 85899345981 31850496 102 1
copy 4477 3 85899345982 31850496 101 1
copy 4478 3 85899345982 31850496 102 1
copy 4479 3 85899345983 31850496 101 1
copy 4480 3 85899345983 31850496 102 1
copy 4481 3 85899345984 31850496 101 1
copy 4482 3 85899345984 31850496 102 1
copy 4483 3 85899345985 31850496 101 1
copy 4484 3 85899345985 31850496 102 1
copy 4485 3 85899345986 31850496 101 1
copy 4486 3 85899345986 31850496 102 1
copy 4487 3 85899345987 31850496 101 1
copy 4488 3 85899345987 31850496 102 1
copy 4489 3 85899345988 31850496 101 1
copy 4490 3 85899345988 31850496 102 1
copy 4491 3 85899345989 31850496 101 1
copy 4492 3 85899345989 31850496 102 1
copy 4493 3 85899345990 31850496 101 1
copy 4494 3 85899345990 31850496 102 1
copy 4495 3 85899345991 31850496 101 1
copy 4496 3 85899345991 31850496 102 1
copy 4497 3 85899345992 31850496 101 1
copy 4498 3 85899345992 31850496 102 1
copy 4499 3 85899345993 31850496 101 1
copy 4500 3 85899345993 31850496 102 1
copy 4501 3 85899345994 31850496 101 1
copy 4502 3 85899345994 31850496 102 1
copy 4503 3 85899345995 31850496 101 1
copy 4504 3 85899345995 31850496 102 1
copy 4505 3 85899345996 31850496 101 1
copy 4506 3 85899345996 31850496 102 1
copy 4507 3 85899345997 31850496 101 1
copy 4508 3 85899345997 31850496 102 1
copy 4509 3 85899345998 31850496 101 1
copy 4510 3 85899345998 31850496 102 1
copy 4511 3 85899345999 31850496 101 1
copy 4512 3 85899345999 31850496 102 1
copy 4513 3 85899346000 31850496 101 1
copy 4514 3 85899346000 31850496 102 1
copy 4515 3 85899346001 31850496 101 1
copy 4516 3 85899346001 31850496 102 1
copy 4517 3 85899346002 31850496 101 1
copy 4518 3 85899346002 31850496 102 1
copy 4519 3 85899346003 31850496 101 1
copy 4520 3 85899346003 31850496 102 1
copy 4521 3 85899346004 31850496 101 1
copy 4522 3 85899346004 31850496 102 1
copy 4523 3 85899346005 31850496 101 1
copy 4524 3 85899346005 31850496 102 1
copy 4525 3 85899346006 31850496 101 1
copy 4526 3 85899346006 31850496 102 1
copy 4527 3 85899346007 31850496 101 1
copy 4528 3 85899346007 31850496 102 1
copy 4529 3 85899346008 31850496 101 1
copy 4530 3 85899346008 31850496 102 1
copy 4531 3 85899346009 31850496 101 1
copy 4532 3 85899346009 31850496 102 1
copy 4533 3 85899346010 31850496 101 1
copy 4534 3 85899346010 31850496 102 1
copy 4535 3 85899346011 31850496 101 1
copy 4536 3 85899346011 31850496 102 1
copy 4537 3 85899346012 31850496 101 1
copy 4538 3 85899346012 31850496 102 1
copy 4539 3 85899346013 31850496 101 1
copy 4540 3 85899346013 31850496 102 1
copy 4541 3 85899346014 31850496 101 1
copy 4542 3 85899346014 31850496 102 1
copy 4543 3 85899346015 31850496 101 1
copy 4544 3 85899346015 31850496 102 1
copy 4545 3 85899346016 31850496 101 1
copy 4546 3 85899346016 31850496 102 1
copy 4547 3 85899346017 31850496 101 1
copy 4548 3 85899346017 31850496 102 1
copy 4549 3 85899346018 31850496 101 1
copy 4550 3 85899346018 31850496 102 1
copy 4551 3 85899346019 31850496 101 1
copy 4552 3 85899346019 31850496 102 1
copy 4553 3 85899346020 31850496 101 1
copy 4554 3 85899346020 31850496 102 1
copy 4555 3 85899346021 31850496 101 1
copy 4556 3 85899346021 31850496 102 1
copy 4557 3 85899346022 31850496 101 1
copy 4558 3 85899346022 31850496 102 1
copy 4559 3 85899346023 31850496 101 1
copy 4560 3 85899346023 31850496 102 1
copy 4561 3 85899346024 31850496 101 1
copy 4562 3 85899346024 31850496 102 1
copy 4563 3 85899346025 31850496 101 1
copy 4564 3 85899346025 31850496 102 1
copy 4565 3 85899346026 31850496 101 1
copy 4566 3 85899346026 31850496 102 1
copy 4567 3 85899346027 31850496 101 1
copy 4568 3 85899346027 31850496 102 1
copy 4569 3 85899346028 31850496 101 1
copy 4570 3 85899346028 31850496 102 1
copy 4571 3 85899346029 31850496 101 1
copy 4572 3 85899346029 31850496 102 1
copy 4573 3 85899346030 31850496 101 1
copy 4574 3 85899346030 31850496 102 1
copy 4575 3 85899346031 31850496 101 1
copy 4576 3 85899346031 31850496 102 1
copy 4577 3 85899346032 31850496 101 1
copy 4578 3 85899346032 31850496 102 1
copy 4579 3 85899346033 31850496 101 1
copy 4580 3 85899346033 31850496 102 1
copy 4581 3 85899346034 31850496 101 1
copy 4582 3 85899346034 31850496 102 1
copy 4583 3 85899346035 31850496 101 1
copy 4584 3 85899346035 31850496 102 1
copy 4585 3 85899346036 31850496 101 1
copy 4586 3 85899346036 31850496 102 1
copy 4587 3 85899346037 31850496 101 1
copy 4588 3 85899346037 31850496 102 1
copy 4589 3 85899346038 31850496 101 1
copy 4590 3 85899346038 31850496 102 1
copy 4591 3 85899346039 31850496 101 1
copy 4592 3 85899346039 31850496 102 1
copy 4593 3 85899346040 31850496 101 1
copy 4594 3 85899346040 31850496 102 1
copy 4595 3 85899346041 31850496 101 1
copy 4596 3 85899346041 31850496 102 1
copy 4597 3 85899346042 31850496 101 1
copy 4598 3 85899346042 31850496 102 1
copy 4599 3 85899346043 31850496 101 1
copy 4600 3 85899346043 31850496 102 1
copy 4601 3 85899346044 31850496 101 1
copy 4602 3 85899346044 31850496 102 1
copy 4603 3 85899346045 31850496 101 1
copy 4604 3 85899346045 31850496 102 1
copy 4605 3 85899346046 31850496 101 1
copy 4606 3 85899346046 31850496 102 1
copy 4607 3 85899346047 31850496 101 1
copy 4608 3 85899346047 31850496 102 1
copy 4609 3 90194313216 31850496 101 1
copy 4610 3 90194313216 31850496 102 1
copy 4611 3 90194313217 31850496 101 1
copy 4612 3 90194313217 31850496 102 1
copy 4613 3 90194313218 31850496 101 1
copy 4614 3 90194313218 31850496 102 1
copy 4615 3 90194313219 31850496 101 1
copy 4616 3 90194313219 31850496 102 1
copy 4617 3 90194313220 31850496 101 1
copy 4618 3 90194313220 31850496 102 1
copy 4619 3 90194313221 31850496 101 1
copy 4620 3 90194313221 31850496 102 1
copy 4621 3 90194313222 31850496 101 1
copy 4622 3 90194313222 31850496 102 1
copy 4623 3 90194313223 31850496 101 1
copy 4624 3 90194313223 31850496 102 1
copy 4625 3 90194313224 31850496 101 1
copy 4626 3 90194313224 31850496 102 1
copy 4627 3 90194313225 31850496 101 1
copy 4628 3 90194313225 31850496 102 1
copy 4629 3 90194313226 31850496 101 1
copy 4630 3 90194313226 31850496 102 1
copy 4631 3 90194313227 31850496 101 1
copy 4632 3 90194313227 31850496 102 1
copy 4633 3 90194313228 31850496 101 1
copy 4634 3 90194313228 31850496 102 1
copy 4635 3 90194313229 31850496 101 1
copy 4636 3 90194313229 31850496 102 1
copy 4637 3 90194313230 31850496 101 1
copy 4638 3 90194313230 31850496 102 1
copy 4639 3 90194313231 31850496 101 1
copy 4640 3 90194313231 31850496 102 1
copy 4641 3 90194313232 31850496 101 1
copy 4642 3 90194313232 31850496 102 1
copy 4643 3 90194313233 31850496 101 1
copy 4644 3 90194313233 31850496 102 1
copy 4645 3 90194313234 31850496 101 1
copy 4646 3 90194313234 31850496 102 1
copy 4647 3 90194313235 31850496 101 1
copy 4648 3 90194313235 31850496 102 1
copy 4649 3 90194313236 31850496 101 1
copy 4650 3 90194313236 31850496 102 1
copy 4651 3 90194313237 31850496 101 1
copy 4652 3 90194313237 31850496 102 1
copy 4653 3 90194313238 31850496 101 1
copy 4654 3 90194313238 31850496 102 1
copy 4655 3 90194313239 31850496 101 1
copy 4656 3 90194313239 31850496 102 1
copy 4657 3 90194313240 31850496 101 1
copy 4658 3 90194313240 31850496 102 1
copy 4659 3 90194313241 31850496 101 1
copy 4660 3 90194313241 31850496 102 1
copy 4661 3 90194313242 31850496 101 1
copy 4662 3 90194313242 31850496 102 1
copy 4663 3 90194313243 31850496 101 1
copy 4664 3 90194313243 31850496 102 1
copy 4665 3 90194313244 31850496 101 1
copy 4666 3 90194313244 31850496 102 1
copy 4667 3 90194313245 31850496 101 1
copy 4668 3 90194313245 31850496 102 1
copy 4669 3 90194313246 31850496 101 1
copy 4670 3 90194313246 31850496 102 1
copy 4671 3 90194313247 31850496 101 1
copy 4672 3 90194313247 31850496 102 1
copy 4673 3 90194313248 31850496 101 1
copy 4674 3 90194313248 31850496 102 1
copy 4675 3 90194313249 31850496 101 1
copy 4676 3 90194313249 31850496 102 1
copy 4677 3 90194313250 31850496 101 1
copy 4678 3 90194313250 31850496 102 1
copy 4679 3 90194313251 31850496 101 1
copy 4680 3 90194313251 31850496 102 1
copy 4681 3 90194313252 31850496 101 1
copy 4682 3 90194313252 31850496 102 1
copy 4683 3 90194313253 31850496 101 1
copy 4684 3 90194313253 31850496 102 1
copy 4685 3 90194313254 31850496 101 1
copy 4686 3 90194313254 31850496 102 1
copy 4687 3 90194313255 31850496 101 1
copy 4688 3 90194313255 31850496 102 1
copy 4689 3 90194313256 31850496 101 1
copy 4690 3 90194313256 31850496 102 1
copy 4691 3 90194313257 31850496 101 1
copy 4692 3 90194313257 31850496 102 1
copy 4693 3 90194313258 31850496 101 1
copy 4694 3 90194313258 31850496 102 1
copy 4695 3 90194313259 31850496 101 1
copy 4696 3 90194313259 31850496 102 1
copy 4697 3 90194313260 31850496 101 1
copy 4698 3 90194313260 31850496 102 1
copy 4699 3 90194313261 31850496 101 1
copy 4700 3 90194313261 31850496 102 1
copy 4701 3 90194313262 31850496 101 1
copy 4702 3 90194313262 31850496 102 1
copy 4703 3 90194313263 31850496 101 1
copy 4704 3 90194313263 31850496 102 1
copy 4705 3 90194313264 31850496 101 1
copy 4706 3 90194313264 31850496 102 1
copy 4707 3 90194313265 31850496 101 1
copy 4708 3 90194313265 31850496 102 1
copy 4709 3 90194313266 31850496 101 1
copy 4710 3 90194313266 31850496 102 1
copy 4711 3 90194313267 31850496 101 1
copy 4712 3 90194313267 31850496 102 1
copy 4713 3 90194313268 31850496 101 1
copy 4714 3 90194313268 31850496 102 1
copy 4715 3 90194313269 31850496 101 1
copy 4716 3 90194313269 31850496 102 1
copy 4717 3 90194313270 31850496 101 1
copy 4718 3 90194313270 31850496 102 1
copy 4719 3 90194313271 31850496 101 1
copy 4720 3 90194313271 31850496 102 1
copy 4721 3 90194313272 31850496 101 1
copy 4722 3 90194313272 31850496 102 1
copy 4723 3 90194313273 31850496 101 1
copy 4724 3 90194313273 31850496 102 1
copy 4725 3 90194313274 31850496 101 1
copy 4726 3 90194313274 31850496 102 1
copy 4727 3 90194313275 31850496 101 1
copy 4728 3 90194313275 31850496 102 1
copy 4729 3 90194313276 31850496 101 1
copy 4730 3 90194313276 31850496 102 1
copy 4731 3 90194313277 31850496 101 1
copy 4732 3 90194313277 31850496 102 1
copy 4733 3 90194313278 31850496 101 1
copy 4734 3 90194313278 31850496 102 1
copy 4735 3 90194313279 31850496 101 1
copy 4736 3 90194313279 31850496 102 1
copy 4737 3 90194313280 31850496 101 1
copy 4738 3 90194313280 31850496 102 1
copy 4739 3 90194313281 31850496 101 1
copy 4740 3 90194313281 31850496 102 1
copy 4741 3 90194313282 31850496 101 1
copy 4742 3 90194313282 31850496 102 1
copy 4743 3 90194313283 31850496 101 1
copy 4744 3 90194313283 31850496 102 1
copy 4745 3 90194313284 31850496 101 1
copy 4746 3 90194313284 31850496 102 1
copy 4747 3 90194313285 31850496 101 1
copy 4748 3 90194313285 31850496 102 1
copy 4749 3 90194313286 31850496 101 1
copy 4750 3 90194313286 31850496 102 1
copy 4751 3 90194313287 31850496 101 1
copy 4752 3 90194313287 31850496 102 1
copy 4753 3 90194313288 31850496 101 1
copy 4754 3 90194313288 31850496 102 1
copy 4755 3 90194313289 31850496 101 1
copy 4756 3 90194313289 31850496 102 1
copy 4757 3 90194313290 31850496 101 1
copy 4758 3 90194313290 31850496 102 1
copy 4759 3 90194313291 31850496 101 1
copy 4760 3 90194313291 31850496 102 1
copy 4761 3 90194313292 31850496 101 1
copy 4762 3 90194313292 31850496 102 1
copy 4763 3 90194313293 31850496 101 1
copy 4764 3 90194313293 31850496 102 1
copy 4765 3 90194313294 31850496 101 1
copy 4766 3 90194313294 31850496 102 1
copy 4767 3 90194313295 31850496 101 1
copy 4768 3 90194313295 31850496 102 1
copy 4769 3 90194313296 31850496 101 1
copy 4770 3 90194313296 31850496 102 1
copy 4771 3 90194313297 31850496 101 1
copy 4772 3 90194313297 31850496 102 1
copy 4773 3 90194313298 31850496 101 1
copy 4774 3 90194313298 31850496 102 1
copy 4775 3 90194313299 31850496 101 1
copy 4776 3 90194313299 31850496 102 1
copy 4777 3 90194313300 31850496 101 1
copy 4778 3 90194313300 31850496 102 1
copy 4779 3 90194313301 31850496 101 1
copy 4780 3 90194313301 31850496 102 1
copy 4781 3 90194313302 31850496 101 1
copy 4782 3 90194313302 31850496 102 1
copy 4783 3 90194313303 31850496 101 1
copy 4784 3 90194313303 31850496 102 1
copy 4785 3 90194313304 31850496 101 1
copy 4786 3 90194313304 31850496 102 1
copy 4787 3 90194313305 31850496 101 1
copy 4788 3 90194313305 31850496 102 1
copy 4789 3 90194313306 31850496 101 1
copy 4790 3 90194313306 31850496 102 1
copy 4791 3 90194313307 31850496 101 1
copy 4792 3 90194313307 31850496 102 1
copy 4793 3 90194313308 31850496 101 1
copy 4794 3 90194313308 31850496 102 1
copy 4795 3 90194313309 31850496 101 1
copy 4796 3 90194313309 31850496 102 1
copy 4797 3 90194313310 31850496 101 1
copy 4798 3 90194313310 31850496 102 1
copy 4799 3 90194313311 31850496 101 1
copy 4800 3 90194313311 31850496 102 1
copy 4801 3 90194313312 31850496 101 1
copy 4802 3 90194313312 31850496 102 1
copy 4803 3 90194313313 31850496 101 1
copy 4804 3 90194313313 31850496 102 1
copy 4805 3 90194313314 31850496 101 1
copy 4806 3 90194313314 31850496 102 1
copy 4807 3 90194313315 31850496 101 1
copy 4808 3 90194313315 31850496 102 1
copy 4809 3 90194313316 31850496 101 1
copy 4810 3 90194313316 31850496 102 1
copy 4811 3 90194313317 31850496 101 1
copy 4812 3 90194313317 31850496 102 1
copy 4813 3 90194313318 31850496 101 1
copy 4814 3 90194313318 31850496 102 1
copy 4815 3 90194313319 31850496 101 1
copy 4816 3 90194313319 31850496 102 1
copy 4817 3 90194313320 31850496 101 1
copy 4818 3 90194313320 31850496 102 1
copy 4819 3 90194313321 31850496 101 1
copy 4820 3 90194313321 31850496 102 1
copy 4821 3 90194313322 31850496 101 1
copy 4822 3 90194313322 31850496 102 1
copy 4823 3 90194313323 31850496 101 1
copy 4824 3 90194313323 31850496 102 1
copy 4825 3 90194313324 31850496 101 1
copy 4826 3 90194313324 31850496 102 1
copy 4827 3 90194313325 31850496 101 1
copy 4828 3 90194313325 31850496 102 1
copy 4829 3 90194313326 31850496 101 1
copy 4830 3 90194313326 31850496 102 1
copy 4831 3 90194313327 31850496 101 1
copy 4832 3 90194313327 31850496 102 1
copy 4833 3 90194313328 31850496 101 1
copy 4834 3 90194313328 31850496 102 1
copy 4835 3 90194313329 31850496 101 1
copy 4836 3 90194313329 31850496 102 1
copy 4837 3 90194313330 31850496 101 1
copy 4838 3 90194313330 31850496 102 1
copy 4839 3 90194313331 31850496 101 1
copy 4840 3 90194313331 31850496 102 1
copy 4841 3 90194313332 31850496 101 1
copy 4842 3 90194313332 31850496 102 1
copy 4843 3 90194313333 31850496 101 1
copy 4844 3 90194313333 31850496 102 1
copy 4845 3 90194313334 31850496 101 1
copy 4846 3 90194313334 31850496 102 1
copy 4847 3 90194313335 31850496 101 1
copy 4848 3 90194313335 31850496 102 1
copy 4849 3 90194313336 31850496 101 1
copy 4850 3 90194313336 31850496 102 1
copy 4851 3 90194313337 31850496 101 1
copy 4852 3 90194313337 31850496 102 1
copy 4853 3 90194313338 31850496 101 1
copy 4854 3 90194313338 31850496 102 1
copy 4855 3 90194313339 31850496 101 1
copy 4856 3 90194313339 31850496 102 1
copy 4857 3 90194313340 31850496 101 1
copy 4858 3 90194313340 31850496 102 1
copy 4859 3 90194313341 31850496 101 1
copy 4860 3 90194313341 31850496 102 1
copy 4861 3 90194313342 31850496 101 1
copy 4862 3 90194313342 31850496 102 1
copy 4863 3 90194313343 31850496 101 1
copy 4864 3 90194313343 31850496 102 1
copy 4865 3 94489280512 31850496 101 1
copy 4866 3 94489280512 31850496 102 1
copy 4867 3 94489280513 31850496 101 1
copy 4868 3 94489280513 31850496 102 1
copy 4869 3 94489280514 31850496 101 1
copy 4870 3 94489280514 31850496 102 1
copy 4871 3 94489280515 31850496 101 1
copy 4872 3 94489280515 31850496 102 1
copy 4873 3 94489280516 31850496 101 1
copy 4874 3 94489280516 31850496 102 1
copy 4875 3 94489280517 31850496 101 1
copy 4876 3 94489280517 31850496 102 1
copy 4877 3 94489280518 31850496 101 1
copy 4878 3 94489280518 31850496 102 1
copy 4879 3 94489280519 31850496 101 1
copy 4880 3 94489280519 31850496 102 1
copy 4881 3 94489280520 31850496 101 1
copy 4882 3 94489280520 31850496 102 1
copy 4883 3 94489280521 31850496 101 1
copy 4884 3 94489280521 31850496 102 1
copy 4885 3 94489280522 31850496 101 1
copy 4886 3 94489280522 31850496 102 1
copy 4887 3 94489280523 31850496 101 1
copy 4888 3 94489280523 31850496 102 1
copy 4889 3 94489280524 31850496 101 1
copy 4890 3 94489280524 31850496 102 1
copy 4891 3 94489280525 31850496 101 1
copy 4892 3 94489280525 31850496 102 1
copy 4893 3 94489280526 31850496 101 1
copy 4894 3 94489280526 31850496 102 1
copy 4895 3 94489280527 31850496 101 1
copy 4896 3 94489280527 31850496 102 1
copy 4897 3 94489280528 31850496 101 1
copy 4898 3 94489280528 31850496 102 1
copy 4899 3 94489280529 31850496 101 1
copy 4900 3 94489280529 31850496 102 1
copy 4901 3 94489280530 31850496 101 1
copy 4902 3 94489280530 31850496 102 1
copy 4903 3 94489280531 31850496 101 1
copy 4904 3 94489280531 31850496 102 1
copy 4905 3 94489280532 31850496 101 1
copy 4906 3 94489280532 31850496 102 1
copy 4907 3 94489280533 31850496 101 1
copy 4908 3 94489280533 31850496 102 1
copy 4909 3 94489280534 31850496 101 1
copy 4910 3 94489280534 31850496 102 1
copy 4911 3 94489280535 31850496 101 1
copy 4912 3 94489280535 31850496 102 1
copy 4913 3 94489280536 31850496 101 1
copy 4914 3 94489280536 31850496 102 1
copy 4915 3 94489280537 31850496 101 1
copy 4916 3 94489280537 31850496 102 1
copy 4917 3 94489280538 31850496 101 1
copy 4918 3 94489280538 31850496 102 1
copy 4919 3 94489280539 31850496 101 1
copy 4920 3 94489280539 31850496 102 1
copy 4921 3 94489280540 31850496 101 1
copy 4922 3 94489280540 31850496 102 1
copy 4923 3 94489280541 31850496 101 1
copy 4924 3 94489280541 31850496 102 1
copy 4925 3 94489280542 31850496 101 1
copy 4926 3 94489280542 31850496 102 1
copy 4927 3 94489280543 31850496 101 1
copy 4928 3 94489280543 31850496 102 1
copy 4929 3 94489280544 31850496 101 1
copy 4930 3 94489280544 31850496 102 1
copy 4931 3 94489280545 31850496 101 1
copy 4932 3 94489280545 31850496 102 1
copy 4933 3 94489280546 31850496 101 1
copy 4934 3 94489280546 31850496 102 1
copy 4935 3 94489280547 31850496 101 1
copy 4936 3 94489280547 31850496 102 1
copy 4937 3 94489280548 31850496 101 1
copy 4938 3 94489280548 31850496 102 1
copy 4939 3 94489280549 31850496 101 1
copy 4940 3 94489280549 31850496 102 1
copy 4941 3 94489280550 31850496 101 1
copy 4942 3 94489280550 31850496 102 1
copy 4943 3 94489280551 31850496 101 1
copy 4944 3 94489280551 31850496 102 1
copy 4945 3 94489280552 31850496 101 1
copy 4946 3 94489280552 31850496 102 1
copy 4947 3 94489280553 31850496 101 1
copy 4948 3 94489280553 31850496 102 1
copy 4949 3 94489280554 31850496 101 1
copy 4950 3 94489280554 31850496 102 1
copy 4951 3 94489280555 31850496 101 1
copy 4952 3 94489280555 31850496 102 1
copy 4953 3 94489280556 31850496 101 1
copy 4954 3 94489280556 31850496 102 1
copy 4955 3 94489280557 31850496 101 1
copy 4956 3 94489280557 31850496 102 1
copy 4957 3 94489280558 31850496 101 1
copy 4958 3 94489280558 31850496 102 1
copy 4959 3 94489280559 31850496 101 1
copy 4960 3 94489280559 31850496 102 1
copy 4961 3 94489280560 31850496 101 1
copy 4962 3 94489280560 31850496 102 1
copy 4963 3 94489280561 31850496 101 1
copy 4964 3 94489280561 31850496 102 1
copy 4965 3 94489280562 31850496 101 1
copy 4966 3 94489280562 31850496 102 1
copy 4967 3 94489280563 31850496 101 1
copy 4968 3 94489280563 31850496 102 1
copy 4969 3 94489280564 31850496 101 1
copy 4970 3 94489280564 31850496 102 1
copy 4971 3 94489280565 31850496 101 1
copy 4972 3 94489280565 31850496 102 1
copy 4973 3 94489280566 31850496 101 1
copy 4974 3 94489280566 31850496 102 1
copy 4975 3 94489280567 31850496 101 1
copy 4976 3 94489280567 31850496 102 1
copy 4977 3 94489280568 31850496 101 1
copy 4978 3 94489280568 31850496 102 1
copy 4979 3 94489280569 31850496 101 1
copy 4980 3 94489280569 31850496 102 1
copy 4981 3 94489280570 31850496 101 1
copy 4982 3 94489280570 31850496 102 1
copy 4983 3 94489280571 31850496 101 1
copy 4984 3 94489280571 31850496 102 1
copy 4985 3 94489280572 31850496 101 1
copy 4986 3 94489280572 31850496 102 1
copy 4987 3 94489280573 31850496 101 1
copy 4988 3 94489280573 31850496 102 1
copy 4989 3 94489280574 31850496 101 1
copy 4990 3 94489280574 31850496 102 1
copy 4991 3 94489280575 31850496 101 1
copy 4992 3 94489280575 31850496 102 1
copy 4993 3 94489280576 31850496 101 1
copy 4994 3 94489280576 31850496 102 1
copy 4995 3 94489280577 31850496 101 1
copy 4996 3 94489280577 31850496 102 1
copy 4997 3 94489280578 31850496 101 1
copy 4998 3 94489280578 31850496 102 1
copy 4999 3 94489280579 31850496 101 1
copy 5000 3 94489280579 31850496 102 1
copy 5001 3 94489280580 31850496 101 1
copy 5002 3 94489280580 31850496 102 1
copy 5003 3 94489280581 31850496 101 1
copy 5004 3 94489280581 31850496 102 1
copy 5005 3 94489280582 31850496 101 1
copy 5006 3 94489280582 31850496 102 1
copy 5007 3 94489280583 31850496 101 1
copy 5008 3 94489280583 31850496 102 1
copy 5009 3 94489280584 31850496 101 1
copy 5010 3 94489280584 31850496 102 1
copy 5011 3 94489280585 31850496 101 1
copy 5012 3 94489280585 31850496 102 1
copy 5013 3 94489280586 31850496 101 1
copy 5014 3 94489280586 31850496 102 1
copy 5015 3 94489280587 31850496 101 1
copy 5016 3 94489280587 31850496 102 1
copy 5017 3 94489280588 31850496 101 1
copy 5018 3 94489280588 31850496 102 1
copy 5019 3 94489280589 31850496 101 1
copy 5020 3 94489280589 31850496 102 1
copy 5021 3 94489280590 31850496 101 1
copy 5022 3 94489280590 31850496 102 1
copy 5023 3 94489280591 31850496 101 1
copy 5024 3 94489280591 31850496 102 1
copy 5025 3 94489280592 31850496 101 1
copy 5026 3 94489280592 31850496 102 1
copy 5027 3 94489280593 31850496 101 1
copy 5028 3 94489280593 31850496 102 1
copy 5029 3 94489280594 31850496 101 1
copy 5030 3 94489280594 31850496 102 1
copy 5031 3 94489280595 31850496 101 1
copy 5032 3 94489280595 31850496 102 1
copy 5033 3 94489280596 31850496 101 1
copy 5034 3 94489280596 31850496 102 1
copy 5035 3 94489280597 31850496 101 1
copy 5036 3 94489280597 31850496 102 1
copy 5037 3 94489280598 31850496 101 1
copy 5038 3 94489280598 31850496 102 1
copy 5039 3 94489280599 31850496 101 1
copy 5040 3 94489280599 31850496 102 1
copy 5041 3 94489280600 31850496 101 1
copy 5042 3 94489280600 31850496 102 1
copy 5043 3 94489280601 31850496 101 1
copy 5044 3 94489280601 31850496 102 1
copy 5045 3 94489280602 31850496 101 1
copy 5046 3 94489280602 31850496 102 1
copy 5047 3 94489280603 31850496 101 1
copy 5048 3 94489280603 31850496 102 1
copy 5049 3 94489280604 31850496 101 1
copy 5050 3 94489280604 31850496 102 1
copy 5051 3 94489280605 31850496 101 1
copy 5052 3 94489280605 31850496 102 1
copy 5053 3 94489280606 31850496 101 1
copy 5054 3 94489280606 31850496 102 1
copy 5055 3 94489280607 31850496 101 1
copy 5056 3 94489280607 31850496 102 1
copy 5057 3 94489280608 31850496 101 1
copy 5058 3 94489280608 31850496 102 1
copy 5059 3 94489280609 31850496 101 1
copy 5060 3 94489280609 31850496 102 1
copy 5061 3 94489280610 31850496 101 1
copy 5062 3 94489280610 31850496 102 1
copy 5063 3 94489280611 31850496 101 1
copy 5064 3 94489280611 31850496 102 1
copy 5065 3 94489280612 31850496 101 1
copy 5066 3 94489280612 31850496 102 1
copy 5067 3 94489280613 31850496 101 1
copy 5068 3 94489280613 31850496 102 1
copy 5069 3 94489280614 31850496 101 1
copy 5070 3 94489280614 31850496 102 1
copy 5071 3 94489280615 31850496 101 1
copy 5072 3 94489280615 31850496 102 1
copy 5073 3 94489280616 31850496 101 1
copy 5074 3 94489280616 31850496 102 1
copy 5075 3 94489280617 31850496 101 1
copy 5076 3 94489280617 31850496 102 1
copy 5077 3 94489280618 31850496 101 1
copy 5078 3 94489280618 31850496 102 1
copy 5079 3 94489280619 31850496 101 1
copy 5080 3 94489280619 31850496 102 1
copy 5081 3 94489280620 31850496 101 1
copy 5082 3 94489280620 31850496 102 1
copy 5083 3 94489280621 31850496 101 1
copy 5084 3 94489280621 31850496 102 1
copy 5085 3 94489280622 31850496 101 1
copy 5086 3 94489280622 31850496 102 1
copy 5087 3 94489280623 31850496 101 1
copy 5088 3 94489280623 31850496 102 1
copy 5089 3 94489280624 31850496 101 1
copy 5090 3 94489280624 31850496 102 1
copy 5091 3 94489280625 31850496 101 1
copy 5092 3 94489280625 31850496 102 1
copy 5093 3 94489280626 31850496 101 1
copy 5094 3 94489280626 31850496 102 1
copy 5095 3 94489280627 31850496 101 1
copy 5096 3 94489280627 31850496 102 1
copy 5097 3 94489280628 31850496 101 1
copy 5098 3 94489280628 31850496 102 1
copy 5099 3 94489280629 31850496 101 1
copy 5100 3 94489280629 31850496 102 1
copy 5101 3 94489280630 31850496 101 1
copy 5102 3 94489280630 31850496 102 1
copy 5103 3 94489280631 31850496 101 1
copy 5104 3 94489280631 31850496 102 1
copy 5105 3 94489280632 31850496 101 1
copy 5106 3 94489280632 31850496 102 1
copy 5107 3 94489280633 31850496 101 1
copy 5108 3 94489280633 31850496 102 1
copy 5109 3 94489280634 31850496 101 1
copy 5110 3 94489280634 31850496 102 1
copy 5111 3 94489280635 31850496 101 1
copy 5112 3 94489280635 31850496 102 1
copy 5113 3 94489280636 31850496 101 1
copy 5114 3 94489280636 31850496 102 1
copy 5115 3 94489280637 31850496 101 1
copy 5116 3 94489280637 31850496 102 1
copy 5117 3 94489280638 31850496 101 1
copy 5118 3 94489280638 31850496 102 1
copy 5119 3 94489280639 31850496 101 1
copy 5120 3 94489280639 31850496 102 1
copy 5121 3 98784247808 31850496 101 1
copy 5122 3 98784247808 31850496 102 1
copy 5123 3 98784247809 31850496 101 1
copy 5124 3 98784247809 31850496 102 1
copy 5125 3 98784247810 31850496 101 1
copy 5126 3 98784247810 31850496 102 1
copy 5127 3 98784247811 31850496 101 1
copy 5128 3 98784247811 31850496 102 1
copy 5129 3 98784247812 31850496 101 1
copy 5130 3 98784247812 31850496 102 1
copy 5131 3 98784247813 31850496 101 1
copy 5132 3 98784247813 31850496 102 1
copy 5133 3 98784247814 31850496 101 1
copy 5134 3 98784247814 31850496 102 1
copy 5135 3 98784247815 31850496 101 1
copy 5136 3 98784247815 31850496 102 1
copy 5137 3 98784247816 31850496 101 1
copy 5138 3 98784247816 31850496 102 1
copy 5139 3 98784247817 31850496 101 1
copy 5140 3 98784247817 31850496 102 1
copy 5141 3 98784247818 31850496 101 1
copy 5142 3 98784247818 31850496 102 1
copy 5143 3 98784247819 31850496 101 1
copy 5144 3 98784247819 31850496 102 1
copy 5145 3 98784247820 31850496 101 1
copy 5146 3 98784247820 31850496 102 1
copy 5147 3 98784247821 31850496 101 1
copy 5148 3 98784247821 31850496 102 1
copy 5149 3 98784247822 31850496 101 1
copy 5150 3 98784247822 31850496 102 1
copy 5151 3 98784247823 31850496 101 1
copy 5152 3 98784247823 31850496 102 1
copy 5153 3 98784247824 31850496 101 1
copy 5154 3 98784247824 31850496 102 1
copy 5155 3 98784247825 31850496 101 1
copy 5156 3 98784247825 31850496 102 1
copy 5157 3 98784247826 31850496 101 1
copy 5158 3 98784247826 31850496 102 1
copy 5159 3 98784247827 31850496 101 1
copy 5160 3 98784247827 31850496 102 1
copy 5161 3 98784247828 31850496 101 1
copy 5162 3 98784247828 31850496 102 1
copy 5163 3 98784247829 31850496 101 1
copy 5164 3 98784247829 31850496 102 1
copy 5165 3 98784247830 31850496 101 1
copy 5166 3 98784247830 31850496 102 1
copy 5167 3 98784247831 31850496 101 1
copy 5168 3 98784247831 31850496 102 1
copy 5169 3 98784247832 31850496 101 1
copy 5170 3 98784247832 31850496 102 1
copy 5171 3 98784247833 31850496 101 1
copy 5172 3 98784247833 31850496 102 1
copy 5173 3 98784247834 31850496 101 1
copy 5174 3 98784247834 31850496 102 1
copy 5175 3 98784247835 31850496 101 1
copy 5176 3 98784247835 31850496 102 1
copy 5177 3 98784247836 31850496 101 1
copy 5178 3 98784247836 31850496 102 1
copy 5179 3 98784247837 31850496 101 1
copy 5180 3 98784247837 31850496 102 1
copy 5181 3 98784247838 31850496 101 1
copy 5182 3 98784247838 31850496 102 1
copy 5183 3 98784247839 31850496 101 1
copy 5184 3 98784247839 31850496 102 1
copy 5185 3 98784247840 31850496 101 1
copy 5186 3 98784247840 31850496 102 1
copy 5187 3 98784247841 31850496 101 1
copy 5188 3 98784247841 31850496 102 1
copy 5189 3 98784247842 31850496 101 1
copy 5190 3 98784247842 31850496 102 1
copy 5191 3 98784247843 31850496 101 1
copy 5192 3 98784247843 31850496 102 1
copy 5193 3 98784247844 31850496 101 1
copy 5194 3 98784247844 31850496 102 1
copy 5195 3 98784247845 31850496 101 1
copy 5196 3 98784247845 31850496 102 1
copy 5197 3 98784247846 31850496 101 1
copy 5198 3 98784247846 31850496 102 1
copy 5199 3 98784247847 31850496 101 1
copy 5200 3 98784247847 31850496 102 1
copy 5201 3 98784247848 31850496 101 1
copy 5202 3 98784247848 31850496 102 1
copy 5203 3 98784247849 31850496 101 1
copy 5204 3 98784247849 31850496 102 1
copy 5205 3 98784247850 31850496 101 1
copy 5206 3 98784247850 31850496 102 1
copy 5207 3 98784247851 31850496 101 1
copy 5208 3 98784247851 31850496 102 1
copy 5209 3 98784247852 31850496 101 1
copy 5210 3 98784247852 31850496 102 1
copy 5211 3 98784247853 31850496 101 1
copy 5212 3 98784247853 31850496 102 1
copy 5213 3 98784247854 31850496 101 1
copy 5214 3 98784247854 31850496 102 1
copy 5215 3 98784247855 31850496 101 1
copy 5216 3 98784247855 31850496 102 1
copy 5217 3 98784247856 31850496 101 1
copy 5218 3 98784247856 31850496 102 1
copy 5219 3 98784247857 31850496 101 1
copy 5220 3 98784247857 31850496 102 1
copy 5221 3 98784247858 31850496 101 1
copy 5222 3 98784247858 31850496 102 1
copy 5223 3 98784247859 31850496 101 1
copy 5224 3 98784247859 31850496 102 1
copy 5225 3 98784247860 31850496 101 1
copy 5226 3 98784247860 31850496 102 1
copy 5227 3 98784247861 31850496 101 1
copy 5228 3 98784247861 31850496 102 1
copy 5229 3 98784247862 31850496 101 1
copy 5230 3 98784247862 31850496 102 1
copy 5231 3 98784247863 31850496 101 1
copy 5232 3 98784247863 31850496 102 1
copy 5233 3 98784247864 31850496 101 1
copy 5234 3 98784247864 31850496 102 1
copy 5235 3 98784247865 31850496 101 1
copy 5236 3 98784247865 31850496 102 1
copy 5237 3 98784247866 31850496 101 1
copy 5238 3 98784247866 31850496 102 1
copy 5239 3 98784247867 31850496 101 1
copy 5240 3 98784247867 31850496 102 1
copy 5241 3 98784247868 31850496 101 1
copy 5242 3 98784247868 31850496 102 1
copy 5243 3 98784247869 31850496 101 1
copy 5244 3 98784247869 31850496 102 1
copy 5245 3 98784247870 31850496 101 1
copy 5246 3 98784247870 31850496 102 1
copy 5247 3 98784247871 31850496 101 1
copy 5248 3 98784247871 31850496 102 1
copy 5249 3 98784247872 31850496 101 1
copy 5250 3 98784247872 31850496 102 1
copy 5251 3 98784247873 31850496 101 1
copy 5252 3 98784247873 31850496 102 1
copy 5253 3 98784247874 31850496 101 1
copy 5254 3 98784247874 31850496 102 1
copy 5255 3 98784247875 31850496 101 1
copy 5256 3 98784247875 31850496 102 1
copy 5257 3 98784247876 31850496 101 1
copy 5258 3 98784247876 31850496 102 1
copy 5259 3 98784247877 31850496 101 1
copy 5260 3 98784247877 31850496 102 1
copy 5261 3 98784247878 31850496 101 1
copy 5262 3 98784247878 31850496 102 1
copy 5263 3 98784247879 31850496 101 1
copy 5264 3 98784247879 31850496 102 1
copy 5265 3 98784247880 31850496 101 1
copy 5266 3 98784247880 31850496 102 1
copy 5267 3 98784247881 31850496 101 1
copy 5268 3 98784247881 31850496 102 1
copy 5269 3 98784247882 31850496 101 1
copy 5270 3 98784247882 31850496 102 1
copy 5271 3 98784247883 31850496 101 1
copy 5272 3 98784247883 31850496 102 1
copy 5273 3 98784247884 31850496 101 1
copy 5274 3 98784247884 31850496 102 1
copy 5275 3 98784247885 31850496 101 1
copy 5276 3 98784247885 31850496 102 1
copy 5277 3 98784247886 31850496 101 1
copy 5278 3 98784247886 31850496 102 1
copy 5279 3 98784247887 31850496 101 1
copy 5280 3 98784247887 31850496 102 1
copy 5281 3 98784247888 31850496 101 1
copy 5282 3 98784247888 31850496 102 1
copy 5283 3 98784247889 31850496 101 1
copy 5284 3 98784247889 31850496 102 1
copy 5285 3 98784247890 31850496 101 1
copy 5286 3 98784247890 31850496 102 1
copy 5287 3 98784247891 31850496 101 1
copy 5288 3 98784247891 31850496 102 1
copy 5289 3 98784247892 31850496 101 1
copy 5290 3 98784247892 31850496 102 1
copy 5291 3 98784247893 31850496 101 1
copy 5292 3 98784247893 31850496 102 1
copy 5293 3 98784247894 31850496 101 1
copy 5294 3 98784247894 31850496 102 1
copy 5295 3 98784247895 31850496 101 1
copy 5296 3 98784247895 31850496 102 1
copy 5297 3 98784247896 31850496 101 1
copy 5298 3 98784247896 31850496 102 1
copy 5299 3 98784247897 31850496 101 1
copy 5300 3 98784247897 31850496 102 1
copy 5301 3 98784247898 31850496 101 1
copy 5302 3 98784247898 31850496 102 1
copy 5303 3 98784247899 31850496 101 1
copy 5304 3 98784247899 31850496 102 1
copy 5305 3 98784247900 31850496 101 1
copy 5306 3 98784247900 31850496 102 1
copy 5307 3 98784247901 31850496 101 1
copy 5308 3 98784247901 31850496 102 1
copy 5309 3 98784247902 31850496 101 1
copy 5310 3 98784247902 31850496 102 1
copy 5311 3 98784247903 31850496 101 1
copy 5312 3 98784247903 31850496 102 1
copy 5313 3 98784247904 31850496 101 1
copy 5314 3 98784247904 31850496 102 1
copy 5315 3 98784247905 31850496 101 1
copy 5316 3 98784247905 31850496 102 1
copy 5317 3 98784247906 31850496 101 1
copy 5318 3 98784247906 31850496 102 1
copy 5319 3 98784247907 31850496 101 1
copy 5320 3 98784247907 31850496 102 1
copy 5321 3 98784247908 31850496 101 1
copy 5322 3 98784247908 31850496 102 1
copy 5323 3 98784247909 31850496 101 1
copy 5324 3 98784247909 31850496 102 1
copy 5325 3 98784247910 31850496 101 1
copy 5326 3 98784247910 31850496 102 1
copy 5327 3 98784247911 31850496 101 1
copy 5328 3 98784247911 31850496 102 1
copy 5329 3 98784247912 31850496 101 1
copy 5330 3 98784247912 31850496 102 1
copy 5331 3 98784247913 31850496 101 1
copy 5332 3 98784247913 31850496 102 1
copy 5333 3 98784247914 31850496 101 1
copy 5334 3 98784247914 31850496 102 1
copy 5335 3 98784247915 31850496 101 1
copy 5336 3 98784247915 31850496 102 1
copy 5337 3 98784247916 31850496 101 1
copy 5338 3 98784247916 31850496 102 1
copy 5339 3 98784247917 31850496 101 1
copy 5340 3 98784247917 31850496 102 1
copy 5341 3 98784247918 31850496 101 1
copy 5342 3 98784247918 31850496 102 1
copy 5343 3 98784247919 31850496 101 1
copy 5344 3 98784247919 31850496 102 1
copy 5345 3 98784247920 31850496 101 1
copy 5346 3 98784247920 31850496 102 1
copy 5347 3 98784247921 31850496 101 1
copy 5348 3 98784247921 31850496 102 1
copy 5349 3 98784247922 31850496 101 1
copy 5350 3 98784247922 31850496 102 1
copy 5351 3 98784247923 31850496 101 1
copy 5352 3 98784247923 31850496 102 1
copy 5353 3 98784247924 31850496 101 1
copy 5354 3 98784247924 31850496 102 1
copy 5355 3 98784247925 31850496 101 1
copy 5356 3 98784247925 31850496 102 1
copy 5357 3 98784247926 31850496 101 1
copy 5358 3 98784247926 31850496 102 1
copy 5359 3 98784247927 31850496 101 1
copy 5360 3 98784247927 31850496 102 1
copy 5361 3 98784247928 31850496 101 1
copy 5362 3 98784247928 31850496 102 1
copy 5363 3 98784247929 31850496 101 1
copy 5364 3 98784247929 31850496 102 1
copy 5365 3 98784247930 31850496 101 1
copy 5366 3 98784247930 31850496 102 1
copy 5367 3 98784247931 31850496 101 1
copy 5368 3 98784247931 31850496 102 1
copy 5369 3 98784247932 31850496 101 1
copy 5370 3 98784247932 31850496 102 1
copy 5371 3 98784247933 31850496 101 1
copy 5372 3 98784247933 31850496 102 1
copy 5373 3 98784247934 31850496 101 1
copy 5374 3 98784247934 31850496 102 1
copy 5375 3 98784247935 31850496 101 1
copy 5376 3 98784247935 31850496 102 1
copy 5377 3 103079215104 31850496 101 1
copy 5378 3 103079215104 31850496 102 1
copy 5379 3 103079215105 31850496 101 1
copy 5380 3 103079215105 31850496 102 1
copy 5381 3 103079215106 31850496 101 1
copy 5382 3 103079215106 31850496 102 1
copy 5383 3 103079215107 31850496 101 1
copy 5384 3 103079215107 31850496 102 1
copy 5385 3 103079215108 31850496 101 1
copy 5386 3 103079215108 31850496 102 1
copy 5387 3 103079215109 31850496 101 1
copy 5388 3 103079215109 31850496 102 1
copy 5389 3 103079215110 31850496 101 1
copy 5390 3 103079215110 31850496 102 1
copy 5391 3 103079215111 31850496 101 1
copy 5392 3 103079215111 31850496 102 1
copy 5393 3 103079215112 31850496 101 1
copy 5394 3 103079215112 31850496 102 1
copy 5395 3 103079215113 31850496 101 1
copy 5396 3 103079215113 31850496 102 1
copy 5397 3 103079215114 31850496 101 1
copy 5398 3 103079215114 31850496 102 1
copy 5399 3 103079215115 31850496 101 1
copy 5400 3 103079215115 31850496 102 1
copy 5401 3 103079215116 31850496 101 1
copy 5402 3 103079215116 31850496 102 1
copy 5403 3 103079215117 31850496 101 1
copy 5404 3 103079215117 31850496 102 1
copy 5405 3 103079215118 31850496 101 1
copy 5406 3 103079215118 31850496 102 1
copy 5407 3 103079215119 31850496 101 1
copy 5408 3 103079215119 31850496 102 1
copy 5409 3 103079215120 31850496 101 1
copy 5410 3 103079215120 31850496 102 1
copy 5411 3 103079215121 31850496 101 1
copy 5412 3 103079215121 31850496 102 1
copy 5413 3 103079215122 31850496 101 1
copy 5414 3 103079215122 31850496 102 1
copy 5415 3 103079215123 31850496 101 1
copy 5416 3 103079215123 31850496 102 1
copy 5417 3 103079215124 31850496 101 1
copy 5418 3 103079215124 31850496 102 1
copy 5419 3 103079215125 31850496 101 1
copy 5420 3 103079215125 31850496 102 1
copy 5421 3 103079215126 31850496 101 1
copy 5422 3 103079215126 31850496 102 1
copy 5423 3 103079215127 31850496 101 1
copy 5424 3 103079215127 31850496 102 1
copy 5425 3 103079215128 31850496 101 1
copy 5426 3 103079215128 31850496 102 1
copy 5427 3 103079215129 31850496 101 1
copy 5428 3 103079215129 31850496 102 1
copy 5429 3 103079215130 31850496 101 1
copy 5430 3 103079215130 31850496 102 1
copy 5431 3 103079215131 31850496 101 1
copy 5432 3 103079215131 31850496 102 1
copy 5433 3 103079215132 31850496 101 1
copy 5434 3 103079215132 31850496 102 1
copy 5435 3 103079215133 31850496 101 1
copy 5436 3 103079215133 31850496 102 1
copy 5437 3 103079215134 31850496 101 1
copy 5438 3 103079215134 31850496 102 1
copy 5439 3 103079215135 31850496 101 1
copy 5440 3 103079215135 31850496 102 1
copy 5441 3 103079215136 31850496 101 1
copy 5442 3 103079215136 31850496 102 1
copy 5443 3 103079215137 31850496 101 1
copy 5444 3 103079215137 31850496 102 1
copy 5445 3 103079215138 31850496 101 1
copy 5446 3 103079215138 31850496 102 1
copy 5447 3 103079215139 31850496 101 1
copy 5448 3 103079215139 31850496 102 1
copy 5449 3 103079215140 31850496 101 1
copy 5450 3 103079215140 31850496 102 1
copy 5451 3 103079215141 31850496 101 1
copy 5452 3 103079215141 31850496 102 1
copy 5453 3 103079215142 31850496 101 1
copy 5454 3 103079215142 31850496 102 1
copy 5455 3 103079215143 31850496 101 1
copy 5456 3 103079215143 31850496 102 1
copy 5457 3 103079215144 31850496 101 1
copy 5458 3 103079215144 31850496 102 1
copy 5459 3 103079215145 31850496 101 1
copy 5460 3 103079215145 31850496 102 1
copy 5461 3 103079215146 31850496 101 1
copy 5462 3 103079215146 31850496 102 1
copy 5463 3 103079215147 31850496 101 1
copy 5464 3 103079215147 31850496 102 1
copy 5465 3 103079215148 31850496 101 1
copy 5466 3 103079215148 31850496 102 1
copy 5467 3 103079215149 31850496 101 1
copy 5468 3 103079215149 31850496 102 1
copy 5469 3 103079215150 31850496 101 1
copy 5470 3 103079215150 31850496 102 1
copy 5471 3 103079215151 31850496 101 1
copy 5472 3 103079215151 31850496 102 1
copy 5473 3 103079215152 31850496 101 1
copy 5474 3 103079215152 31850496 102 1
copy 5475 3 103079215153 31850496 101 1
copy 5476 3 103079215153 31850496 102 1
copy 5477 3 103079215154 31850496 101 1
copy 5478 3 103079215154 31850496 102 1
copy 5479 3 103079215155 31850496 101 1
copy 5480 3 103079215155 31850496 102 1
copy 5481 3 103079215156 31850496 101 1
copy 5482 3 103079215156 31850496 102 1
copy 5483 3 103079215157 31850496 101 1
copy 5484 3 103079215157 31850496 102 1
copy 5485 3 103079215158 31850496 101 1
copy 5486 3 103079215158 31850496 102 1
copy 5487 3 103079215159 31850496 101 1
copy 5488 3 103079215159 31850496 102 1
copy 5489 3 103079215160 31850496 101 1
copy 5490 3 103079215160 31850496 102 1
copy 5491 3 103079215161 31850496 101 1
copy 5492 3 103079215161 31850496 102 1
copy 5493 3 103079215162 31850496 101 1
copy 5494 3 103079215162 31850496 102 1
copy 5495 3 103079215163 31850496 101 1
copy 5496 3 103079215163 31850496 102 1
copy 5497 3 103079215164 31850496 101 1
copy 5498 3 103079215164 31850496 102 1
copy 5499 3 103079215165 31850496 101 1
copy 5500 3 103079215165 31850496 102 1
copy 5501 3 103079215166 31850496 101 1
copy 5502 3 103079215166 31850496 102 1
copy 5503 3 103079215167 31850496 101 1
copy 5504 3 103079215167 31850496 102 1
copy 5505 3 103079215168 31850496 101 1
copy 5506 3 103079215168 31850496 102 1
copy 5507 3 103079215169 31850496 101 1
copy 5508 3 103079215169 31850496 102 1
copy 5509 3 103079215170 31850496 101 1
copy 5510 3 103079215170 31850496 102 1
copy 5511 3 103079215171 31850496 101 1
copy 5512 3 103079215171 31850496 102 1
copy 5513 3 103079215172 31850496 101 1
copy 5514 3 103079215172 31850496 102 1
copy 5515 3 103079215173 31850496 101 1
copy 5516 3 103079215173 31850496 102 1
copy 5517 3 103079215174 31850496 101 1
copy 5518 3 103079215174 31850496 102 1
copy 5519 3 103079215175 31850496 101 1
copy 5520 3 103079215175 31850496 102 1
copy 5521 3 103079215176 31850496 101 1
copy 5522 3 103079215176 31850496 102 1
copy 5523 3 103079215177 31850496 101 1
copy 5524 3 103079215177 31850496 102 1
copy 5525 3 103079215178 31850496 101 1
copy 5526 3 103079215178 31850496 102 1
copy 5527 3 103079215179 31850496 101 1
copy 5528 3 103079215179 31850496 102 1
copy 5529 3 103079215180 31850496 101 1
copy 5530 3 103079215180 31850496 102 1
copy 5531 3 103079215181 31850496 101 1
copy 5532 3 103079215181 31850496 102 1
copy 5533 3 103079215182 31850496 101 1
copy 5534 3 103079215182 31850496 102 1
copy 5535 3 103079215183 31850496 101 1
copy 5536 3 103079215183 31850496 102 1
copy 5537 3 103079215184 31850496 101 1
copy 5538 3 103079215184 31850496 102 1
copy 5539 3 103079215185 31850496 101 1
copy 5540 3 103079215185 31850496 102 1
copy 5541 3 103079215186 31850496 101 1
copy 5542 3 103079215186 31850496 102 1
copy 5543 3 103079215187 31850496 101 1
copy 5544 3 103079215187 31850496 102 1
copy 5545 3 103079215188 31850496 101 1
copy 5546 3 103079215188 31850496 102 1
copy 5547 3 103079215189 31850496 101 1
copy 5548 3 103079215189 31850496 102 1
copy 5549 3 103079215190 31850496 101 1
copy 5550 3 103079215190 31850496 102 1
copy 5551 3 103079215191 31850496 101 1
copy 5552 3 103079215191 31850496 102 1
copy 5553 3 103079215192 31850496 101 1
copy 5554 3 103079215192 31850496 102 1
copy 5555 3 103079215193 31850496 101 1
copy 5556 3 103079215193 31850496 102 1
copy 5557 3 103079215194 31850496 101 1
copy 5558 3 103079215194 31850496 102 1
copy 5559 3 103079215195 31850496 101 1
copy 5560 3 103079215195 31850496 102 1
copy 5561 3 103079215196 31850496 101 1
copy 5562 3 103079215196 31850496 102 1
copy 5563 3 103079215197 31850496 101 1
copy 5564 3 103079215197 31850496 102 1
copy 5565 3 103079215198 31850496 101 1
copy 5566 3 103079215198 31850496 102 1
copy 5567 3 103079215199 31850496 101 1
copy 5568 3 103079215199 31850496 102 1
copy 5569 3 103079215200 31850496 101 1
copy 5570 3 103079215200 31850496 102 1
copy 5571 3 103079215201 31850496 101 1
copy 5572 3 103079215201 31850496 102 1
copy 5573 3 103079215202 31850496 101 1
copy 5574 3 103079215202 31850496 102 1
copy 5575 3 103079215203 31850496 101 1
copy 5576 3 103079215203 31850496 102 1
copy 5577 3 103079215204 31850496 101 1
copy 5578 3 103079215204 31850496 102 1
copy 5579 3 103079215205 31850496 101 1
copy 5580 3 103079215205 31850496 102 1
copy 5581 3 103079215206 31850496 101 1
copy 5582 3 103079215206 31850496 102 1
copy 5583 3 103079215207 31850496 101 1
copy 5584 3 103079215207 31850496 102 1
copy 5585 3 103079215208 31850496 101 1
copy 5586 3 103079215208 31850496 102 1
copy 5587 3 103079215209 31850496 101 1
copy 5588 3 103079215209 31850496 102 1
copy 5589 3 103079215210 31850496 101 1
copy 5590 3 103079215210 31850496 102 1
copy 5591 3 103079215211 31850496 101 1
copy 5592 3 103079215211 31850496 102 1
copy 5593 3 103079215212 31850496 101 1
copy 5594 3 103079215212 31850496 102 1
copy 5595 3 103079215213 31850496 101 1
copy 5596 3 103079215213 31850496 102 1
copy 5597 3 103079215214 31850496 101 1
copy 5598 3 103079215214 31850496 102 1
copy 5599 3 103079215215 31850496 101 1
copy 5600 3 103079215215 31850496 102 1
copy 5601 3 103079215216 31850496 101 1
copy 5602 3 103079215216 31850496 102 1
copy 5603 3 103079215217 31850496 101 1
copy 5604 3 103079215217 31850496 102 1
copy 5605 3 103079215218 31850496 101 1
copy 5606 3 103079215218 31850496 102 1
copy 5607 3 103079215219 31850496 101 1
copy 5608 3 103079215219 31850496 102 1
copy 5609 3 103079215220 31850496 101 1
copy 5610 3 103079215220 31850496 102 1
copy 5611 3 103079215221 31850496 101 1
copy 5612 3 103079215221 31850496 102 1
copy 5613 3 103079215222 31850496 101 1
copy 5614 3 103079215222 31850496 102 1
copy 5615 3 103079215223 31850496 101 1
copy 5616 3 103079215223 31850496 102 1
copy 5617 3 103079215224 31850496 101 1
copy 5618 3 103079215224 31850496 102 1
copy 5619 3 103079215225 31850496 101 1
copy 5620 3 103079215225 31850496 102 1
copy 5621 3 103079215226 31850496 101 1
copy 5622 3 103079215226 31850496 102 1
copy 5623 3 103079215227 31850496 101 1
copy 5624 3 103079215227 31850496 102 1
copy 5625 3 103079215228 31850496 101 1
copy 5626 3 103079215228 31850496 102 1
copy 5627 3 103079215229 31850496 101 1
copy 5628 3 103079215229 31850496 102 1
copy 5629 3 103079215230 31850496 101 1
copy 5630 3 103079215230 31850496 102 1
copy 5631 3 103079215231 31850496 101 1
copy 5632 3 103079215231 31850496 102 1
copy 5633 3 107374182400 31850496 101 1
copy 5634 3 107374182400 31850496 102 1
copy 5635 3 107374182401 31850496 101 1
copy 5636 3 107374182401 31850496 102 1
copy 5637 3 107374182402 31850496 101 1
copy 5638 3 107374182402 31850496 102 1
copy 5639 3 107374182403 31850496 101 1
copy 5640 3 107374182403 31850496 102 1
copy 5641 3 107374182404 31850496 101 1
copy 5642 3 107374182404 31850496 102 1
copy 5643 3 107374182405 31850496 101 1
copy 5644 3 107374182405 31850496 102 1
copy 5645 3 107374182406 31850496 101 1
copy 5646 3 107374182406 31850496 102 1
copy 5647 3 107374182407 31850496 101 1
copy 5648 3 107374182407 31850496 102 1
copy 5649 3 107374182408 31850496 101 1
copy 5650 3 107374182408 31850496 102 1
copy 5651 3 107374182409 31850496 101 1
copy 5652 3 107374182409 31850496 102 1
copy 5653 3 107374182410 31850496 101 1
copy 5654 3 107374182410 31850496 102 1
copy 5655 3 107374182411 31850496 101 1
copy 5656 3 107374182411 31850496 102 1
copy 5657 3 107374182412 31850496 101 1
copy 5658 3 107374182412 31850496 102 1
copy 5659 3 107374182413 31850496 101 1
copy 5660 3 107374182413 31850496 102 1
copy 5661 3 107374182414 31850496 101 1
copy 5662 3 107374182414 31850496 102 1
copy 5663 3 107374182415 31850496 101 1
copy 5664 3 107374182415 31850496 102 1
copy 5665 3 107374182416 31850496 101 1
copy 5666 3 107374182416 31850496 102 1
copy 5667 3 107374182417 31850496 101 1
copy 5668 3 107374182417 31850496 102 1
copy 5669 3 107374182418 31850496 101 1
copy 5670 3 107374182418 31850496 102 1
copy 5671 3 107374182419 31850496 101 1
copy 5672 3 107374182419 31850496 102 1
copy 5673 3 107374182420 31850496 101 1
copy 5674 3 107374182420 31850496 102 1
copy 5675 3 107374182421 31850496 101 1
copy 5676 3 107374182421 31850496 102 1
copy 5677 3 107374182422 31850496 101 1
copy 5678 3 107374182422 31850496 102 1
copy 5679 3 107374182423 31850496 101 1
copy 5680 3 107374182423 31850496 102 1
copy 5681 3 107374182424 31850496 101 1
copy 5682 3 107374182424 31850496 102 1
copy 5683 3 107374182425 31850496 101 1
copy 5684 3 107374182425 31850496 102 1
copy 5685 3 107374182426 31850496 101 1
copy 5686 3 107374182426 31850496 102 1
copy 5687 3 107374182427 31850496 101 1
copy 5688 3 107374182427 31850496 102 1
copy 5689 3 107374182428 31850496 101 1
copy 5690 3 107374182428 31850496 102 1
copy 5691 3 107374182429 31850496 101 1
copy 5692 3 107374182429 31850496 102 1
copy 5693 3 107374182430 31850496 101 1
copy 5694 3 107374182430 31850496 102 1
copy 5695 3 107374182431 31850496 101 1
copy 5696 3 107374182431 31850496 102 1
copy 5697 3 107374182432 31850496 101 1
copy 5698 3 107374182432 31850496 102 1
copy 5699 3 107374182433 31850496 101 1
copy 5700 3 107374182433 31850496 102 1
copy 5701 3 107374182434 31850496 101 1
copy 5702 3 107374182434 31850496 102 1
copy 5703 3 107374182435 31850496 101 1
copy 5704 3 107374182435 31850496 102 1
copy 5705 3 107374182436 31850496 101 1
copy 5706 3 107374182436 31850496 102 1
copy 5707 3 107374182437 31850496 101 1
copy 5708 3 107374182437 31850496 102 1
copy 5709 3 107374182438 31850496 101 1
copy 5710 3 107374182438 31850496 102 1
copy 5711 3 107374182439 31850496 101 1
copy 5712 3 107374182439 31850496 102 1
copy 5713 3 107374182440 31850496 101 1
copy 5714 3 107374182440 31850496 102 1
copy 5715 3 107374182441 31850496 101 1
copy 5716 3 107374182441 31850496 102 1
copy 5717 3 107374182442 31850496 101 1
copy 5718 3 107374182442 31850496 102 1
copy 5719 3 107374182443 31850496 101 1
copy 5720 3 107374182443 31850496 102 1
copy 5721 3 107374182444 31850496 101 1
copy 5722 3 107374182444 31850496 102 1
copy 5723 3 107374182445 31850496 101 1
copy 5724 3 107374182445 31850496 102 1
copy 5725 3 107374182446 31850496 101 1
copy 5726 3 107374182446 31850496 102 1
copy 5727 3 107374182447 31850496 101 1
copy 5728 3 107374182447 31850496 102 1
copy 5729 3 107374182448 31850496 101 1
copy 5730 3 107374182448 31850496 102 1
copy 5731 3 107374182449 31850496 101 1
copy 5732 3 107374182449 31850496 102 1
copy 5733 3 107374182450 31850496 101 1
copy 5734 3 107374182450 31850496 102 1
copy 5735 3 107374182451 31850496 101 1
copy 5736 3 107374182451 31850496 102 1
copy 5737 3 107374182452 31850496 101 1
copy 5738 3 107374182452 31850496 102 1
copy 5739 3 107374182453 31850496 101 1
copy 5740 3 107374182453 31850496 102 1
copy 5741 3 107374182454 31850496 101 1
copy 5742 3 107374182454 31850496 102 1
copy 5743 3 107374182455 31850496 101 1
copy 5744 3 107374182455 31850496 102 1
copy 5745 3 107374182456 31850496 101 1
copy 5746 3 107374182456 31850496 102 1
copy 5747 3 107374182457 31850496 101 1
copy 5748 3 107374182457 31850496 102 1
copy 5749 3 107374182458 31850496 101 1
copy 5750 3 107374182458 31850496 102 1
copy 5751 3 107374182459 31850496 101 1
copy 5752 3 107374182459 31850496 102 1
copy 5753 3 107374182460 31850496 101 1
copy 5754 3 107374182460 31850496 102 1
copy 5755 3 107374182461 31850496 101 1
copy 5756 3 107374182461 31850496 102 1
copy 5757 3 107374182462 31850496 101 1
copy 5758 3 107374182462 31850496 102 1
copy 5759 3 107374182463 31850496 101 1
copy 5760 3 107374182463 31850496 102 1
copy 5761 3 107374182464 31850496 101 1
copy 5762 3 107374182464 31850496 102 1
copy 5763 3 107374182465 31850496 101 1
copy 5764 3 107374182465 31850496 102 1
copy 5765 3 107374182466 31850496 101 1
copy 5766 3 107374182466 31850496 102 1
copy 5767 3 107374182467 31850496 101 1
copy 5768 3 107374182467 31850496 102 1
copy 5769 3 107374182468 31850496 101 1
copy 5770 3 107374182468 31850496 102 1
copy 5771 3 107374182469 31850496 101 1
copy 5772 3 107374182469 31850496 102 1
copy 5773 3 107374182470 31850496 101 1
copy 5774 3 107374182470 31850496 102 1
copy 5775 3 107374182471 31850496 101 1
copy 5776 3 107374182471 31850496 102 1
copy 5777 3 107374182472 31850496 101 1
copy 5778 3 107374182472 31850496 102 1
copy 5779 3 107374182473 31850496 101 1
copy 5780 3 107374182473 31850496 102 1
copy 5781 3 107374182474 31850496 101 1
copy 5782 3 107374182474 31850496 102 1
copy 5783 3 107374182475 31850496 101 1
copy 5784 3 107374182475 31850496 102 1
copy 5785 3 107374182476 31850496 101 1
copy 5786 3 107374182476 31850496 102 1
copy 5787 3 107374182477 31850496 101 1
copy 5788 3 107374182477 31850496 102 1
copy 5789 3 107374182478 31850496 101 1
copy 5790 3 107374182478 31850496 102 1
copy 5791 3 107374182479 31850496 101 1
copy 5792 3 107374182479 31850496 102 1
copy 5793 3 107374182480 31850496 101 1
copy 5794 3 107374182480 31850496 102 1
copy 5795 3 107374182481 31850496 101 1
copy 5796 3 107374182481 31850496 102 1
copy 5797 3 107374182482 31850496 101 1
copy 5798 3 107374182482 31850496 102 1
copy 5799 3 107374182483 31850496 101 1
copy 5800 3 107374182483 31850496 102 1
copy 5801 3 107374182484 31850496 101 1
copy 5802 3 107374182484 31850496 102 1
copy 5803 3 107374182485 31850496 101 1
copy 5804 3 107374182485 31850496 102 1
copy 5805 3 107374182486 31850496 101 1
copy 5806 3 107374182486 31850496 102 1
copy 5807 3 107374182487 31850496 101 1
copy 5808 3 107374182487 31850496 102 1
copy 5809 3 107374182488 31850496 101 1
copy 5810 3 107374182488 31850496 102 1
copy 5811 3 107374182489 31850496 101 1
copy 5812 3 107374182489 31850496 102 1
copy 5813 3 107374182490 31850496 101 1
copy 5814 3 107374182490 31850496 102 1
copy 5815 3 107374182491 31850496 101 1
copy 5816 3 107374182491 31850496 102 1
copy 5817 3 107374182492 31850496 101 1
copy 5818 3 107374182492 31850496 102 1
copy 5819 3 107374182493 31850496 101 1
copy 5820 3 107374182493 31850496 102 1
copy 5821 3 107374182494 31850496 101 1
copy 5822 3 107374182494 31850496 102 1
copy 5823 3 107374182495 31850496 101 1
copy 5824 3 107374182495 31850496 102 1
copy 5825 3 107374182496 31850496 101 1
copy 5826 3 107374182496 31850496 102 1
copy 5827 3 107374182497 31850496 101 1
copy 5828 3 107374182497 31850496 102 1
copy 5829 3 107374182498 31850496 101 1
copy 5830 3 107374182498 31850496 102 1
copy 5831 3 107374182499 31850496 101 1
copy 5832 3 107374182499 31850496 102 1
copy 5833 3 107374182500 31850496 101 1
copy 5834 3 107374182500 31850496 102 1
copy 5835 3 107374182501 31850496 101 1
copy 5836 3 107374182501 31850496 102 1
copy 5837 3 107374182502 31850496 101 1
copy 5838 3 107374182502 31850496 102 1
copy 5839 3 107374182503 31850496 101 1
copy 5840 3 107374182503 31850496 102 1
copy 5841 3 107374182504 31850496 101 1
copy 5842 3 107374182504 31850496 102 1
copy 5843 3 107374182505 31850496 101 1
copy 5844 3 107374182505 31850496 102 1
copy 5845 3 107374182506 31850496 101 1
copy 5846 3 107374182506 31850496 102 1
copy 5847 3 107374182507 31850496 101 1
copy 5848 3 107374182507 31850496 102 1
copy 5849 3 107374182508 31850496 101 1
copy 5850 3 107374182508 31850496 102 1
copy 5851 3 107374182509 31850496 101 1
copy 5852 3 107374182509 31850496 102 1
copy 5853 3 107374182510 31850496 101 1
copy 5854 3 107374182510 31850496 102 1
copy 5855 3 107374182511 31850496 101 1
copy 5856 3 107374182511 31850496 102 1
copy 5857 3 107374182512 31850496 101 1
copy 5858 3 107374182512 31850496 102 1
copy 5859 3 107374182513 31850496 101 1
copy 5860 3 107374182513 31850496 102 1
copy 5861 3 107374182514 31850496 101 1
copy 5862 3 107374182514 31850496 102 1
copy 5863 3 107374182515 31850496 101 1
copy 5864 3 107374182515 31850496 102 1
copy 5865 3 107374182516 31850496 101 1
copy 5866 3 107374182516 31850496 102 1
copy 5867 3 107374182517 31850496 101 1
copy 5868 3 107374182517 31850496 102 1
copy 5869 3 107374182518 31850496 101 1
copy 5870 3 107374182518 31850496 102 1
copy 5871 3 107374182519 31850496 101 1
copy 5872 3 107374182519 31850496 102 1
copy 5873 3 107374182520 31850496 101 1
copy 5874 3 107374182520 31850496 102 1
copy 5875 3 107374182521 31850496 101 1
copy 5876 3 107374182521 31850496 102 1
copy 5877 3 107374182522 31850496 101 1
copy 5878 3 107374182522 31850496 102 1
copy 5879 3 107374182523 31850496 101 1
copy 5880 3 107374182523 31850496 102 1
copy 5881 3 107374182524 31850496 101 1
copy 5882 3 107374182524 31850496 102 1
copy 5883 3 107374182525 31850496 101 1
copy 5884 3 107374182525 31850496 102 1
copy 5885 3 107374182526 31850496 101 1
copy 5886 3 107374182526 31850496 102 1
copy 5887 3 107374182527 31850496 101 1
copy 5888 3 107374182527 31850496 102 1
copy 5889 3 111669149696 31850496 101 1
copy 5890 3 111669149696 31850496 102 1
copy 5891 3 111669149697 31850496 101 1
copy 5892 3 111669149697 31850496 102 1
copy 5893 3 111669149698 31850496 101 1
copy 5894 3 111669149698 31850496 102 1
copy 5895 3 111669149699 31850496 101 1
copy 5896 3 111669149699 31850496 102 1
copy 5897 3 111669149700 31850496 101 1
copy 5898 3 111669149700 31850496 102 1
copy 5899 3 111669149701 31850496 101 1
copy 5900 3 111669149701 31850496 102 1
copy 5901 3 111669149702 31850496 101 1
copy 5902 3 111669149702 31850496 102 1
copy 5903 3 111669149703 31850496 101 1
copy 5904 3 111669149703 31850496 102 1
copy 5905 3 111669149704 31850496 101 1
copy 5906 3 111669149704 31850496 102 1
copy 5907 3 111669149705 31850496 101 1
copy 5908 3 111669149705 31850496 102 1
copy 5909 3 111669149706 31850496 101 1
copy 5910 3 111669149706 31850496 102 1
copy 5911 3 111669149707 31850496 101 1
copy 5912 3 111669149707 31850496 102 1
copy 5913 3 111669149708 31850496 101 1
copy 5914 3 111669149708 31850496 102 1
copy 5915 3 111669149709 31850496 101 1
copy 5916 3 111669149709 31850496 102 1
copy 5917 3 111669149710 31850496 101 1
copy 5918 3 111669149710 31850496 102 1
copy 5919 3 111669149711 31850496 101 1
copy 5920 3 111669149711 31850496 102 1
copy 5921 3 111669149712 31850496 101 1
copy 5922 3 111669149712 31850496 102 1
copy 5923 3 111669149713 31850496 101 1
copy 5924 3 111669149713 31850496 102 1
copy 5925 3 111669149714 31850496 101 1
copy 5926 3 111669149714 31850496 102 1
copy 5927 3 111669149715 31850496 101 1
copy 5928 3 111669149715 31850496 102 1
copy 5929 3 111669149716 31850496 101 1
copy 5930 3 111669149716 31850496 102 1
copy 5931 3 111669149717 31850496 101 1
copy 5932 3 111669149717 31850496 102 1
copy 5933 3 111669149718 31850496 101 1
copy 5934 3 111669149718 31850496 102 1
copy 5935 3 111669149719 31850496 101 1
copy 5936 3 111669149719 31850496 102 1
copy 5937 3 111669149720 31850496 101 1
copy 5938 3 111669149720 31850496 102 1
copy 5939 3 111669149721 31850496 101 1
copy 5940 3 111669149721 31850496 102 1
copy 5941 3 111669149722 31850496 101 1
copy 5942 3 111669149722 31850496 102 1
copy 5943 3 111669149723 31850496 101 1
copy 5944 3 111669149723 31850496 102 1
copy 5945 3 111669149724 31850496 101 1
copy 5946 3 111669149724 31850496 102 1
copy 5947 3 111669149725 31850496 101 1
copy 5948 3 111669149725 31850496 102 1
copy 5949 3 111669149726 31850496 101 1
copy 5950 3 111669149726 31850496 102 1
copy 5951 3 111669149727 31850496 101 1
copy 5952 3 111669149727 31850496 102 1
copy 5953 3 111669149728 31850496 101 1
copy 5954 3 111669149728 31850496 102 1
copy 5955 3 111669149729 31850496 101 1
copy 5956 3 111669149729 31850496 102 1
copy 5957 3 111669149730 31850496 101 1
copy 5958 3 111669149730 31850496 102 1
copy 5959 3 111669149731 31850496 101 1
copy 5960 3 111669149731 31850496 102 1
copy 5961 3 111669149732 31850496 101 1
copy 5962 3 111669149732 31850496 102 1
copy 5963 3 111669149733 31850496 101 1
copy 5964 3 111669149733 31850496 102 1
copy 5965 3 111669149734 31850496 101 1
copy 5966 3 111669149734 31850496 102 1
copy 5967 3 111669149735 31850496 101 1
copy 5968 3 111669149735 31850496 102 1
copy 5969 3 111669149736 31850496 101 1
copy 5970 3 111669149736 31850496 102 1
copy 5971 3 111669149737 31850496 101 1
copy 5972 3 111669149737 31850496 102 1
copy 5973 3 111669149738 31850496 101 1
copy 5974 3 111669149738 31850496 102 1
copy 5975 3 111669149739 31850496 101 1
copy 5976 3 111669149739 31850496 102 1
copy 5977 3 111669149740 31850496 101 1
copy 5978 3 111669149740 31850496 102 1
copy 5979 3 111669149741 31850496 101 1
copy 5980 3 111669149741 31850496 102 1
copy 5981 3 111669149742 31850496 101 1
copy 5982 3 111669149742 31850496 102 1
copy 5983 3 111669149743 31850496 101 1
copy 5984 3 111669149743 31850496 102 1
copy 5985 3 111669149744 31850496 101 1
copy 5986 3 111669149744 31850496 102 1
copy 5987 3 111669149745 31850496 101 1
copy 5988 3 111669149745 31850496 102 1
copy 5989 3 111669149746 31850496 101 1
copy 5990 3 111669149746 31850496 102 1
copy 5991 3 111669149747 31850496 101 1
copy 5992 3 111669149747 31850496 102 1
copy 5993 3 111669149748 31850496 101 1
copy 5994 3 111669149748 31850496 102 1
copy 5995 3 111669149749 31850496 101 1
copy 5996 3 111669149749 31850496 102 1
copy 5997 3 111669149750 31850496 101 1
copy 5998 3 111669149750 31850496 102 1
copy 5999 3 111669149751 31850496 101 1
copy 6000 3 111669149751 31850496 102 1
copy 6001 3 111669149752 31850496 101 1
copy 6002 3 111669149752 31850496 102 1
copy 6003 3 111669149753 31850496 101 1
copy 6004 3 111669149753 31850496 102 1
copy 6005 3 111669149754 31850496 101 1
copy 6006 3 111669149754 31850496 102 1
copy 6007 3 111669149755 31850496 101 1
copy 6008 3 111669149755 31850496 102 1
copy 6009 3 111669149756 31850496 101 1
copy 6010 3 111669149756 31850496 102 1
copy 6011 3 111669149757 31850496 101 1
copy 6012 3 111669149757 31850496 102 1
copy 6013 3 111669149758 31850496 101 1
copy 6014 3 111669149758 31850496 102 1
copy 6015 3 111669149759 31850496 101 1
copy 6016 3 111669149759 31850496 102 1
copy 6017 3 111669149760 31850496 101 1
copy 6018 3 111669149760 31850496 102 1
copy 6019 3 111669149761 31850496 101 1
copy 6020 3 111669149761 31850496 102 1
copy 6021 3 111669149762 31850496 101 1
copy 6022 3 111669149762 31850496 102 1
copy 6023 3 111669149763 31850496 101 1
copy 6024 3 111669149763 31850496 102 1
copy 6025 3 111669149764 31850496 101 1
copy 6026 3 111669149764 31850496 102 1
copy 6027 3 111669149765 31850496 101 1
copy 6028 3 111669149765 31850496 102 1
copy 6029 3 111669149766 31850496 101 1
copy 6030 3 111669149766 31850496 102 1
copy 6031 3 111669149767 31850496 101 1
copy 6032 3 111669149767 31850496 102 1
copy 6033 3 111669149768 31850496 101 1
copy 6034 3 111669149768 31850496 102 1
copy 6035 3 111669149769 31850496 101 1
copy 6036 3 111669149769 31850496 102 1
copy 6037 3 111669149770 31850496 101 1
copy 6038 3 111669149770 31850496 102 1
copy 6039 3 111669149771 31850496 101 1
copy 6040 3 111669149771 31850496 102 1
copy 6041 3 111669149772 31850496 101 1
copy 6042 3 111669149772 31850496 102 1
copy 6043 3 111669149773 31850496 101 1
copy 6044 3 111669149773 31850496 102 1
copy 6045 3 111669149774 31850496 101 1
copy 6046 3 111669149774 31850496 102 1
copy 6047 3 111669149775 31850496 101 1
copy 6048 3 111669149775 31850496 102 1
copy 6049 3 111669149776 31850496 101 1
copy 6050 3 111669149776 31850496 102 1
copy 6051 3 111669149777 31850496 101 1
copy 6052 3 111669149777 31850496 102 1
copy 6053 3 111669149778 31850496 101 1
copy 6054 3 111669149778 31850496 102 1
copy 6055 3 111669149779 31850496 101 1
copy 6056 3 111669149779 31850496 102 1
copy 6057 3 111669149780 31850496 101 1
copy 6058 3 111669149780 31850496 102 1
copy 6059 3 111669149781 31850496 101 1
copy 6060 3 111669149781 31850496 102 1
copy 6061 3 111669149782 31850496 101 1
copy 6062 3 111669149782 31850496 102 1
copy 6063 3 111669149783 31850496 101 1
copy 6064 3 111669149783 31850496 102 1
copy 6065 3 111669149784 31850496 101 1
copy 6066 3 111669149784 31850496 102 1
copy 6067 3 111669149785 31850496 101 1
copy 6068 3 111669149785 31850496 102 1
copy 6069 3 111669149786 31850496 101 1
copy 6070 3 111669149786 31850496 102 1
copy 6071 3 111669149787 31850496 101 1
copy 6072 3 111669149787 31850496 102 1
copy 6073 3 111669149788 31850496 101 1
copy 6074 3 111669149788 31850496 102 1
copy 6075 3 111669149789 31850496 101 1
copy 6076 3 111669149789 31850496 102 1
copy 6077 3 111669149790 31850496 101 1
copy 6078 3 111669149790 31850496 102 1
copy 6079 3 111669149791 31850496 101 1
copy 6080 3 111669149791 31850496 102 1
copy 6081 3 111669149792 31850496 101 1
copy 6082 3 111669149792 31850496 102 1
copy 6083 3 111669149793 31850496 101 1
copy 6084 3 111669149793 31850496 102 1
copy 6085 3 111669149794 31850496 101 1
copy 6086 3 111669149794 31850496 102 1
copy 6087 3 111669149795 31850496 101 1
copy 6088 3 111669149795 31850496 102 1
copy 6089 3 111669149796 31850496 101 1
copy 6090 3 111669149796 31850496 102 1
copy 6091 3 111669149797 31850496 101 1
copy 6092 3 111669149797 31850496 102 1
copy 6093 3 111669149798 31850496 101 1
copy 6094 3 111669149798 31850496 102 1
copy 6095 3 111669149799 31850496 101 1
copy 6096 3 111669149799 31850496 102 1
copy 6097 3 111669149800 31850496 101 1
copy 6098 3 111669149800 31850496 102 1
copy 6099 3 111669149801 31850496 101 1
copy 6100 3 111669149801 31850496 102 1
copy 6101 3 111669149802 31850496 101 1
copy 6102 3 111669149802 31850496 102 1
copy 6103 3 111669149803 31850496 101 1
copy 6104 3 111669149803 31850496 102 1
copy 6105 3 111669149804 31850496 101 1
copy 6106 3 111669149804 31850496 102 1
copy 6107 3 111669149805 31850496 101 1
copy 6108 3 111669149805 31850496 102 1
copy 6109 3 111669149806 31850496 101 1
copy 6110 3 111669149806 31850496 102 1
copy 6111 3 111669149807 31850496 101 1
copy 6112 3 111669149807 31850496 102 1
copy 6113 3 111669149808 31850496 101 1
copy 6114 3 111669149808 31850496 102 1
copy 6115 3 111669149809 31850496 101 1
copy 6116 3 111669149809 31850496 102 1
copy 6117 3 111669149810 31850496 101 1
copy 6118 3 111669149810 31850496 102 1
copy 6119 3 111669149811 31850496 101 1
copy 6120 3 111669149811 31850496 102 1
copy 6121 3 111669149812 31850496 101 1
copy 6122 3 111669149812 31850496 102 1
copy 6123 3 111669149813 31850496 101 1
copy 6124 3 111669149813 31850496 102 1
copy 6125 3 111669149814 31850496 101 1
copy 6126 3 111669149814 31850496 102 1
copy 6127 3 111669149815 31850496 101 1
copy 6128 3 111669149815 31850496 102 1
copy 6129 3 111669149816 31850496 101 1
copy 6130 3 111669149816 31850496 102 1
copy 6131 3 111669149817 31850496 101 1
copy 6132 3 111669149817 31850496 102 1
copy 6133 3 111669149818 31850496 101 1
copy 6134 3 111669149818 31850496 102 1
copy 6135 3 111669149819 31850496 101 1
copy 6136 3 111669149819 31850496 102 1
copy 6137 3 111669149820 31850496 101 1
copy 6138 3 111669149820 31850496 102 1
copy 6139 3 111669149821 31850496 101 1
copy 6140 3 111669149821 31850496 102 1
copy 6141 3 111669149822 31850496 101 1
copy 6142 3 111669149822 31850496 102 1
copy 6143 3 111669149823 31850496 101 1
copy 6144 3 111669149823 31850496 102 1
copy 6145 3 115964116992 31850496 101 1
copy 6146 3 115964116992 31850496 102 1
copy 6147 3 115964116993 31850496 101 1
copy 6148 3 115964116993 31850496 102 1
copy 6149 3 115964116994 31850496 101 1
copy 6150 3 115964116994 31850496 102 1
copy 6151 3 115964116995 31850496 101 1
copy 6152 3 115964116995 31850496 102 1
copy 6153 3 115964116996 31850496 101 1
copy 6154 3 115964116996 31850496 102 1
copy 6155 3 115964116997 31850496 101 1
copy 6156 3 115964116997 31850496 102 1
copy 6157 3 115964116998 31850496 101 1
copy 6158 3 115964116998 31850496 102 1
copy 6159 3 115964116999 31850496 101 1
copy 6160 3 115964116999 31850496 102 1
copy 6161 3 115964117000 31850496 101 1
copy 6162 3 115964117000 31850496 102 1
copy 6163 3 115964117001 31850496 101 1
copy 6164 3 115964117001 31850496 102 1
copy 6165 3 115964117002 31850496 101 1
copy 6166 3 115964117002 31850496 102 1
copy 6167 3 115964117003 31850496 101 1
copy 6168 3 115964117003 31850496 102 1
copy 6169 3 115964117004 31850496 101 1
copy 6170 3 115964117004 31850496 102 1
copy 6171 3 115964117005 31850496 101 1
copy 6172 3 115964117005 31850496 102 1
copy 6173 3 115964117006 31850496 101 1
copy 6174 3 115964117006 31850496 102 1
copy 6175 3 115964117007 31850496 101 1
copy 6176 3 115964117007 31850496 102 1
copy 6177 3 115964117008 31850496 101 1
copy 6178 3 115964117008 31850496 102 1
copy 6179 3 115964117009 31850496 101 1
copy 6180 3 115964117009 31850496 102 1
copy 6181 3 115964117010 31850496 101 1
copy 6182 3 115964117010 31850496 102 1
copy 6183 3 115964117011 31850496 101 1
copy 6184 3 115964117011 31850496 102 1
copy 6185 3 115964117012 31850496 101 1
copy 6186 3 115964117012 31850496 102 1
copy 6187 3 115964117013 31850496 101 1
copy 6188 3 115964117013 31850496 102 1
copy 6189 3 115964117014 31850496 101 1
copy 6190 3 115964117014 31850496 102 1
copy 6191 3 115964117015 31850496 101 1
copy 6192 3 115964117015 31850496 102 1
copy 6193 3 115964117016 31850496 101 1
copy 6194 3 115964117016 31850496 102 1
copy 6195 3 115964117017 31850496 101 1
copy 6196 3 115964117017 31850496 102 1
copy 6197 3 115964117018 31850496 101 1
copy 6198 3 115964117018 31850496 102 1
copy 6199 3 115964117019 31850496 101 1
copy 6200 3 115964117019 31850496 102 1
copy 6201 3 115964117020 31850496 101 1
copy 6202 3 115964117020 31850496 102 1
copy 6203 3 115964117021 31850496 101 1
copy 6204 3 115964117021 31850496 102 1
copy 6205 3 115964117022 31850496 101 1
copy 6206 3 115964117022 31850496 102 1
copy 6207 3 115964117023 31850496 101 1
copy 6208 3 115964117023 31850496 102 1
copy 6209 3 115964117024 31850496 101 1
copy 6210 3 115964117024 31850496 102 1
copy 6211 3 115964117025 31850496 101 1
copy 6212 3 115964117025 31850496 102 1
copy 6213 3 115964117026 31850496 101 1
copy 6214 3 115964117026 31850496 102 1
copy 6215 3 115964117027 31850496 101 1
copy 6216 3 115964117027 31850496 102 1
copy 6217 3 115964117028 31850496 101 1
copy 6218 3 115964117028 31850496 102 1
copy 6219 3 115964117029 31850496 101 1
copy 6220 3 115964117029 31850496 102 1
copy 6221 3 115964117030 31850496 101 1
copy 6222 3 115964117030 31850496 102 1
copy 6223 3 115964117031 31850496 101 1
copy 6224 3 115964117031 31850496 102 1
copy 6225 3 115964117032 31850496 101 1
copy 6226 3 115964117032 31850496 102 1
copy 6227 3 115964117033 31850496 101 1
copy 6228 3 115964117033 31850496 102 1
copy 6229 3 115964117034 31850496 101 1
copy 6230 3 115964117034 31850496 102 1
copy 6231 3 115964117035 31850496 101 1
copy 6232 3 115964117035 31850496 102 1
copy 6233 3 115964117036 31850496 101 1
copy 6234 3 115964117036 31850496 102 1
copy 6235 3 115964117037 31850496 101 1
copy 6236 3 115964117037 31850496 102 1
copy 6237 3 115964117038 31850496 101 1
copy 6238 3 115964117038 31850496 102 1
copy 6239 3 115964117039 31850496 101 1
copy 6240 3 115964117039 31850496 102 1
copy 6241 3 115964117040 31850496 101 1
copy 6242 3 115964117040 31850496 102 1
copy 6243 3 115964117041 31850496 101 1
copy 6244 3 115964117041 31850496 102 1
copy 6245 3 115964117042 31850496 101 1
copy 6246 3 115964117042 31850496 102 1
copy 6247 3 115964117043 31850496 101 1
copy 6248 3 115964117043 31850496 102 1
copy 6249 3 115964117044 31850496 101 1
copy 6250 3 115964117044 31850496 102 1
copy 6251 3 115964117045 31850496 101 1
copy 6252 3 115964117045 31850496 102 1
copy 6253 3 115964117046 31850496 101 1
copy 6254 3 115964117046 31850496 102 1
copy 6255 3 115964117047 31850496 101 1
copy 6256 3 115964117047 31850496 102 1
copy 6257 3 115964117048 31850496 101 1
copy 6258 3 115964117048 31850496 102 1
copy 6259 3 115964117049 31850496 101 1
copy 6260 3 115964117049 31850496 102 1
copy 6261 3 115964117050 31850496 101 1
copy 6262 3 115964117050 31850496 102 1
copy 6263 3 115964117051 31850496 101 1
copy 6264 3 115964117051 31850496 102 1
copy 6265 3 115964117052 31850496 101 1
copy 6266 3 115964117052 31850496 102 1
copy 6267 3 115964117053 31850496 101 1
copy 6268 3 115964117053 31850496 102 1
copy 6269 3 115964117054 31850496 101 1
copy 6270 3 115964117054 31850496 102 1
copy 6271 3 115964117055 31850496 101 1
copy 6272 3 115964117055 31850496 102 1
copy 6273 3 115964117056 31850496 101 1
copy 6274 3 115964117056 31850496 102 1
copy 6275 3 115964117057 31850496 101 1
copy 6276 3 115964117057 31850496 102 1
copy 6277 3 115964117058 31850496 101 1
copy 6278 3 115964117058 31850496 102 1
copy 6279 3 115964117059 31850496 101 1
copy 6280 3 115964117059 31850496 102 1
copy 6281 3 115964117060 31850496 101 1
copy 6282 3 115964117060 31850496 102 1
copy 6283 3 115964117061 31850496 101 1
copy 6284 3 115964117061 31850496 102 1
copy 6285 3 115964117062 31850496 101 1
copy 6286 3 115964117062 31850496 102 1
copy 6287 3 115964117063 31850496 101 1
copy 6288 3 115964117063 31850496 102 1
copy 6289 3 115964117064 31850496 101 1
copy 6290 3 115964117064 31850496 102 1
copy 6291 3 115964117065 31850496 101 1
copy 6292 3 115964117065 31850496 102 1
copy 6293 3 115964117066 31850496 101 1
copy 6294 3 115964117066 31850496 102 1
copy 6295 3 115964117067 31850496 101 1
copy 6296 3 115964117067 31850496 102 1
copy 6297 3 115964117068 31850496 101 1
copy 6298 3 115964117068 31850496 102 1
copy 6299 3 115964117069 31850496 101 1
copy 6300 3 115964117069 31850496 102 1
copy 6301 3 115964117070 31850496 101 1
copy 6302 3 115964117070 31850496 102 1
copy 6303 3 115964117071 31850496 101 1
copy 6304 3 115964117071 31850496 102 1
copy 6305 3 115964117072 31850496 101 1
copy 6306 3 115964117072 31850496 102 1
copy 6307 3 115964117073 31850496 101 1
copy 6308 3 115964117073 31850496 102 1
copy 6309 3 115964117074 31850496 101 1
copy 6310 3 115964117074 31850496 102 1
copy 6311 3 115964117075 31850496 101 1
copy 6312 3 115964117075 31850496 102 1
copy 6313 3 115964117076 31850496 101 1
copy 6314 3 115964117076 31850496 102 1
copy 6315 3 115964117077 31850496 101 1
copy 6316 3 115964117077 31850496 102 1
copy 6317 3 115964117078 31850496 101 1
copy 6318 3 115964117078 31850496 102 1
copy 6319 3 115964117079 31850496 101 1
copy 6320 3 115964117079 31850496 102 1
copy 6321 3 115964117080 31850496 101 1
copy 6322 3 115964117080 31850496 102 1
copy 6323 3 115964117081 31850496 101 1
copy 6324 3 115964117081 31850496 102 1
copy 6325 3 115964117082 31850496 101 1
copy 6326 3 115964117082 31850496 102 1
copy 6327 3 115964117083 31850496 101 1
copy 6328 3 115964117083 31850496 102 1
copy 6329 3 115964117084 31850496 101 1
copy 6330 3 115964117084 31850496 102 1
copy 6331 3 115964117085 31850496 101 1
copy 6332 3 115964117085 31850496 102 1
copy 6333 3 115964117086 31850496 101 1
copy 6334 3 115964117086 31850496 102 1
copy 6335 3 115964117087 31850496 101 1
copy 6336 3 115964117087 31850496 102 1
copy 6337 3 115964117088 31850496 101 1
copy 6338 3 115964117088 31850496 102 1
copy 6339 3 115964117089 31850496 101 1
copy 6340 3 115964117089 31850496 102 1
copy 6341 3 115964117090 31850496 101 1
copy 6342 3 115964117090 31850496 102 1
copy 6343 3 115964117091 31850496 101 1
copy 6344 3 115964117091 31850496 102 1
copy 6345 3 115964117092 31850496 101 1
copy 6346 3 115964117092 31850496 102 1
copy 6347 3 115964117093 31850496 101 1
copy 6348 3 115964117093 31850496 102 1
copy 6349 3 115964117094 31850496 101 1
copy 6350 3 115964117094 31850496 102 1
copy 6351 3 115964117095 31850496 101 1
copy 6352 3 115964117095 31850496 102 1
copy 6353 3 115964117096 31850496 101 1
copy 6354 3 115964117096 31850496 102 1
copy 6355 3 115964117097 31850496 101 1
copy 6356 3 115964117097 31850496 102 1
copy 6357 3 115964117098 31850496 101 1
copy 6358 3 115964117098 31850496 102 1
copy 6359 3 115964117099 31850496 101 1
copy 6360 3 115964117099 31850496 102 1
copy 6361 3 115964117100 31850496 101 1
copy 6362 3 115964117100 31850496 102 1
copy 6363 3 115964117101 31850496 101 1
copy 6364 3 115964117101 31850496 102 1
copy 6365 3 115964117102 31850496 101 1
copy 6366 3 115964117102 31850496 102 1
copy 6367 3 115964117103 31850496 101 1
copy 6368 3 115964117103 31850496 102 1
copy 6369 3 115964117104 31850496 101 1
copy 6370 3 115964117104 31850496 102 1
copy 6371 3 115964117105 31850496 101 1
copy 6372 3 115964117105 31850496 102 1
copy 6373 3 115964117106 31850496 101 1
copy 6374 3 115964117106 31850496 102 1
copy 6375 3 115964117107 31850496 101 1
copy 6376 3 115964117107 31850496 102 1
copy 6377 3 115964117108 31850496 101 1
copy 6378 3 115964117108 31850496 102 1
copy 6379 3 115964117109 31850496 101 1
copy 6380 3 115964117109 31850496 102 1
copy 6381 3 115964117110 31850496 101 1
copy 6382 3 115964117110 31850496 102 1
copy 6383 3 115964117111 31850496 101 1
copy 6384 3 115964117111 31850496 102 1
copy 6385 3 115964117112 31850496 101 1
copy 6386 3 115964117112 31850496 102 1
copy 6387 3 115964117113 31850496 101 1
copy 6388 3 115964117113 31850496 102 1
copy 6389 3 115964117114 31850496 101 1
copy 6390 3 115964117114 31850496 102 1
copy 6391 3 115964117115 31850496 101 1
copy 6392 3 115964117115 31850496 102 1
copy 6393 3 115964117116 31850496 101 1
copy 6394 3 115964117116 31850496 102 1
copy 6395 3 115964117117 31850496 101 1
copy 6396 3 115964117117 31850496 102 1
copy 6397 3 115964117118 31850496 101 1
copy 6398 3 115964117118 31850496 102 1
copy 6399 3 115964117119 31850496 101 1
copy 6400 3 115964117119 31850496 102 1
copy 6401 3 120259084288 31850496 101 1
copy 6402 3 120259084288 31850496 102 1
copy 6403 3 120259084289 31850496 101 1
copy 6404 3 120259084289 31850496 102 1
copy 6405 3 120259084290 31850496 101 1
copy 6406 3 120259084290 31850496 102 1
copy 6407 3 120259084291 31850496 101 1
copy 6408 3 120259084291 31850496 102 1
copy 6409 3 120259084292 31850496 101 1
copy 6410 3 120259084292 31850496 102 1
copy 6411 3 120259084293 31850496 101 1
copy 6412 3 120259084293 31850496 102 1
copy 6413 3 120259084294 31850496 101 1
copy 6414 3 120259084294 31850496 102 1
copy 6415 3 120259084295 31850496 101 1
copy 6416 3 120259084295 31850496 102 1
copy 6417 3 120259084296 31850496 101 1
copy 6418 3 120259084296 31850496 102 1
copy 6419 3 120259084297 31850496 101 1
copy 6420 3 120259084297 31850496 102 1
copy 6421 3 120259084298 31850496 101 1
copy 6422 3 120259084298 31850496 102 1
copy 6423 3 120259084299 31850496 101 1
copy 6424 3 120259084299 31850496 102 1
copy 6425 3 120259084300 31850496 101 1
copy 6426 3 120259084300 31850496 102 1
copy 6427 3 120259084301 31850496 101 1
copy 6428 3 120259084301 31850496 102 1
copy 6429 3 120259084302 31850496 101 1
copy 6430 3 120259084302 31850496 102 1
copy 6431 3 120259084303 31850496 101 1
copy 6432 3 120259084303 31850496 102 1
copy 6433 3 120259084304 31850496 101 1
copy 6434 3 120259084304 31850496 102 1
copy 6435 3 120259084305 31850496 101 1
copy 6436 3 120259084305 31850496 102 1
copy 6437 3 120259084306 31850496 101 1
copy 6438 3 120259084306 31850496 102 1
copy 6439 3 120259084307 31850496 101 1
copy 6440 3 120259084307 31850496 102 1
copy 6441 3 120259084308 31850496 101 1
copy 6442 3 120259084308 31850496 102 1
copy 6443 3 120259084309 31850496 101 1
copy 6444 3 120259084309 31850496 102 1
copy 6445 3 120259084310 31850496 101 1
copy 6446 3 120259084310 31850496 102 1
copy 6447 3 120259084311 31850496 101 1
copy 6448 3 120259084311 31850496 102 1
copy 6449 3 120259084312 31850496 101 1
copy 6450 3 120259084312 31850496 102 1
copy 6451 3 120259084313 31850496 101 1
copy 6452 3 120259084313 31850496 102 1
copy 6453 3 120259084314 31850496 101 1
copy 6454 3 120259084314 31850496 102 1
copy 6455 3 120259084315 31850496 101 1
copy 6456 3 120259084315 31850496 102 1
copy 6457 3 120259084316 31850496 101 1
copy 6458 3 120259084316 31850496 102 1
copy 6459 3 120259084317 31850496 101 1
copy 6460 3 120259084317 31850496 102 1
copy 6461 3 120259084318 31850496 101 1
copy 6462 3 120259084318 31850496 102 1
copy 6463 3 120259084319 31850496 101 1
copy 6464 3 120259084319 31850496 102 1
copy 6465 3 120259084320 31850496 101 1
copy 6466 3 120259084320 31850496 102 1
copy 6467 3 120259084321 31850496 101 1
copy 6468 3 120259084321 31850496 102 1
copy 6469 3 120259084322 31850496 101 1
copy 6470 3 120259084322 31850496 102 1
copy 6471 3 120259084323 31850496 101 1
copy 6472 3 120259084323 31850496 102 1
copy 6473 3 120259084324 31850496 101 1
copy 6474 3 120259084324 31850496 102 1
copy 6475 3 120259084325 31850496 101 1
copy 6476 3 120259084325 31850496 102 1
copy 6477 3 120259084326 31850496 101 1
copy 6478 3 120259084326 31850496 102 1
copy 6479 3 120259084327 31850496 101 1
copy 6480 3 120259084327 31850496 102 1
copy 6481 3 120259084328 31850496 101 1
copy 6482 3 120259084328 31850496 102 1
copy 6483 3 120259084329 31850496 101 1
copy 6484 3 120259084329 31850496 102 1
copy 6485 3 120259084330 31850496 101 1
copy 6486 3 120259084330 31850496 102 1
copy 6487 3 120259084331 31850496 101 1
copy 6488 3 120259084331 31850496 102 1
copy 6489 3 120259084332 31850496 101 1
copy 6490 3 120259084332 31850496 102 1
copy 6491 3 120259084333 31850496 101 1
copy 6492 3 120259084333 31850496 102 1
copy 6493 3 120259084334 31850496 101 1
copy 6494 3 120259084334 31850496 102 1
copy 6495 3 120259084335 31850496 101 1
copy 6496 3 120259084335 31850496 102 1
copy 6497 3 120259084336 31850496 101 1
copy 6498 3 120259084336 31850496 102 1
copy 6499 3 120259084337 31850496 101 1
copy 6500 3 120259084337 31850496 102 1
copy 6501 3 120259084338 31850496 101 1
copy 6502 3 120259084338 31850496 102 1
copy 6503 3 120259084339 31850496 101 1
copy 6504 3 120259084339 31850496 102 1
copy 6505 3 120259084340 31850496 101 1
copy 6506 3 120259084340 31850496 102 1
copy 6507 3 120259084341 31850496 101 1
copy 6508 3 120259084341 31850496 102 1
copy 6509 3 120259084342 31850496 101 1
copy 6510 3 120259084342 31850496 102 1
copy 6511 3 120259084343 31850496 101 1
copy 6512 3 120259084343 31850496 102 1
copy 6513 3 120259084344 31850496 101 1
copy 6514 3 120259084344 31850496 102 1
copy 6515 3 120259084345 31850496 101 1
copy 6516 3 120259084345 31850496 102 1
copy 6517 3 120259084346 31850496 101 1
copy 6518 3 120259084346 31850496 102 1
copy 6519 3 120259084347 31850496 101 1
copy 6520 3 120259084347 31850496 102 1
copy 6521 3 120259084348 31850496 101 1
copy 6522 3 120259084348 31850496 102 1
copy 6523 3 120259084349 31850496 101 1
copy 6524 3 120259084349 31850496 102 1
copy 6525 3 120259084350 31850496 101 1
copy 6526 3 120259084350 31850496 102 1
copy 6527 3 120259084351 31850496 101 1
copy 6528 3 120259084351 31850496 102 1
copy 6529 3 120259084352 31850496 101 1
copy 6530 3 120259084352 31850496 102 1
copy 6531 3 120259084353 31850496 101 1
copy 6532 3 120259084353 31850496 102 1
copy 6533 3 120259084354 31850496 101 1
copy 6534 3 120259084354 31850496 102 1
copy 6535 3 120259084355 31850496 101 1
copy 6536 3 120259084355 31850496 102 1
copy 6537 3 120259084356 31850496 101 1
copy 6538 3 120259084356 31850496 102 1
copy 6539 3 120259084357 31850496 101 1
copy 6540 3 120259084357 31850496 102 1
copy 6541 3 120259084358 31850496 101 1
copy 6542 3 120259084358 31850496 102 1
copy 6543 3 120259084359 31850496 101 1
copy 6544 3 120259084359 31850496 102 1
copy 6545 3 120259084360 31850496 101 1
copy 6546 3 120259084360 31850496 102 1
copy 6547 3 120259084361 31850496 101 1
copy 6548 3 120259084361 31850496 102 1
copy 6549 3 120259084362 31850496 101 1
copy 6550 3 120259084362 31850496 102 1
copy 6551 3 120259084363 31850496 101 1
copy 6552 3 120259084363 31850496 102 1
copy 6553 3 120259084364 31850496 101 1
copy 6554 3 120259084364 31850496 102 1
copy 6555 3 120259084365 31850496 101 1
copy 6556 3 120259084365 31850496 102 1
copy 6557 3 120259084366 31850496 101 1
copy 6558 3 120259084366 31850496 102 1
copy 6559 3 120259084367 31850496 101 1
copy 6560 3 120259084367 31850496 102 1
copy 6561 3 120259084368 31850496 101 1
copy 6562 3 120259084368 31850496 102 1
copy 6563 3 120259084369 31850496 101 1
copy 6564 3 120259084369 31850496 102 1
copy 6565 3 120259084370 31850496 101 1
copy 6566 3 120259084370 31850496 102 1
copy 6567 3 120259084371 31850496 101 1
copy 6568 3 120259084371 31850496 102 1
copy 6569 3 120259084372 31850496 101 1
copy 6570 3 120259084372 31850496 102 1
copy 6571 3 120259084373 31850496 101 1
copy 6572 3 120259084373 31850496 102 1
copy 6573 3 120259084374 31850496 101 1
copy 6574 3 120259084374 31850496 102 1
copy 6575 3 120259084375 31850496 101 1
copy 6576 3 120259084375 31850496 102 1
copy 6577 3 120259084376 31850496 101 1
copy 6578 3 120259084376 31850496 102 1
copy 6579 3 120259084377 31850496 101 1
copy 6580 3 120259084377 31850496 102 1
copy 6581 3 120259084378 31850496 101 1
copy 6582 3 120259084378 31850496 102 1
copy 6583 3 120259084379 31850496 101 1
copy 6584 3 120259084379 31850496 102 1
copy 6585 3 120259084380 31850496 101 1
copy 6586 3 120259084380 31850496 102 1
copy 6587 3 120259084381 31850496 101 1
copy 6588 3 120259084381 31850496 102 1
copy 6589 3 120259084382 31850496 101 1
copy 6590 3 120259084382 31850496 102 1
copy 6591 3 120259084383 31850496 101 1
copy 6592 3 120259084383 31850496 102 1
copy 6593 3 120259084384 31850496 101 1
copy 6594 3 120259084384 31850496 102 1
copy 6595 3 120259084385 31850496 101 1
copy 6596 3 120259084385 31850496 102 1
copy 6597 3 120259084386 31850496 101 1
copy 6598 3 120259084386 31850496 102 1
copy 6599 3 120259084387 31850496 101 1
copy 6600 3 120259084387 31850496 102 1
copy 6601 3 120259084388 31850496 101 1
copy 6602 3 120259084388 31850496 102 1
copy 6603 3 120259084389 31850496 101 1
copy 6604 3 120259084389 31850496 102 1
copy 6605 3 120259084390 31850496 101 1
copy 6606 3 120259084390 31850496 102 1
copy 6607 3 120259084391 31850496 101 1
copy 6608 3 120259084391 31850496 102 1
copy 6609 3 120259084392 31850496 101 1
copy 6610 3 120259084392 31850496 102 1
copy 6611 3 120259084393 31850496 101 1
copy 6612 3 120259084393 31850496 102 1
copy 6613 3 120259084394 31850496 101 1
copy 6614 3 120259084394 31850496 102 1
copy 6615 3 120259084395 31850496 101 1
copy 6616 3 120259084395 31850496 102 1
copy 6617 3 120259084396 31850496 101 1
copy 6618 3 120259084396 31850496 102 1
copy 6619 3 120259084397 31850496 101 1
copy 6620 3 120259084397 31850496 102 1
copy 6621 3 120259084398 31850496 101 1
copy 6622 3 120259084398 31850496 102 1
copy 6623 3 120259084399 31850496 101 1
copy 6624 3 120259084399 31850496 102 1
copy 6625 3 120259084400 31850496 101 1
copy 6626 3 120259084400 31850496 102 1
copy 6627 3 120259084401 31850496 101 1
copy 6628 3 120259084401 31850496 102 1
copy 6629 3 120259084402 31850496 101 1
copy 6630 3 120259084402 31850496 102 1
copy 6631 3 120259084403 31850496 101 1
copy 6632 3 120259084403 31850496 102 1
copy 6633 3 120259084404 31850496 101 1
copy 6634 3 120259084404 31850496 102 1
copy 6635 3 120259084405 31850496 101 1
copy 6636 3 120259084405 31850496 102 1
copy 6637 3 120259084406 31850496 101 1
copy 6638 3 120259084406 31850496 102 1
copy 6639 3 120259084407 31850496 101 1
copy 6640 3 120259084407 31850496 102 1
copy 6641 3 120259084408 31850496 101 1
copy 6642 3 120259084408 31850496 102 1
copy 6643 3 120259084409 31850496 101 1
copy 6644 3 120259084409 31850496 102 1
copy 6645 3 120259084410 31850496 101 1
copy 6646 3 120259084410 31850496 102 1
copy 6647 3 120259084411 31850496 101 1
copy 6648 3 120259084411 31850496 102 1
copy 6649 3 120259084412 31850496 101 1
copy 6650 3 120259084412 31850496 102 1
copy 6651 3 120259084413 31850496 101 1
copy 6652 3 120259084413 31850496 102 1
copy 6653 3 120259084414 31850496 101 1
copy 6654 3 120259084414 31850496 102 1
copy 6655 3 120259084415 31850496 101 1
copy 6656 3 120259084415 31850496 102 1
copy 6657 3 124554051584 31850496 101 1
copy 6658 3 124554051584 31850496 102 1
copy 6659 3 124554051585 31850496 101 1
copy 6660 3 124554051585 31850496 102 1
copy 6661 3 124554051586 31850496 101 1
copy 6662 3 124554051586 31850496 102 1
copy 6663 3 124554051587 31850496 101 1
copy 6664 3 124554051587 31850496 102 1
copy 6665 3 124554051588 31850496 101 1
copy 6666 3 124554051588 31850496 102 1
copy 6667 3 124554051589 31850496 101 1
copy 6668 3 124554051589 31850496 102 1
copy 6669 3 124554051590 31850496 101 1
copy 6670 3 124554051590 31850496 102 1
copy 6671 3 124554051591 31850496 101 1
copy 6672 3 124554051591 31850496 102 1
copy 6673 3 124554051592 31850496 101 1
copy 6674 3 124554051592 31850496 102 1
copy 6675 3 124554051593 31850496 101 1
copy 6676 3 124554051593 31850496 102 1
copy 6677 3 124554051594 31850496 101 1
copy 6678 3 124554051594 31850496 102 1
copy 6679 3 124554051595 31850496 101 1
copy 6680 3 124554051595 31850496 102 1
copy 6681 3 124554051596 31850496 101 1
copy 6682 3 124554051596 31850496 102 1
copy 6683 3 124554051597 31850496 101 1
copy 6684 3 124554051597 31850496 102 1
copy 6685 3 124554051598 31850496 101 1
copy 6686 3 124554051598 31850496 102 1
copy 6687 3 124554051599 31850496 101 1
copy 6688 3 124554051599 31850496 102 1
copy 6689 3 124554051600 31850496 101 1
copy 6690 3 124554051600 31850496 102 1
copy 6691 3 124554051601 31850496 101 1
copy 6692 3 124554051601 31850496 102 1
copy 6693 3 124554051602 31850496 101 1
copy 6694 3 124554051602 31850496 102 1
copy 6695 3 124554051603 31850496 101 1
copy 6696 3 124554051603 31850496 102 1
copy 6697 3 124554051604 31850496 101 1
copy 6698 3 124554051604 31850496 102 1
copy 6699 3 124554051605 31850496 101 1
copy 6700 3 124554051605 31850496 102 1
copy 6701 3 124554051606 31850496 101 1
copy 6702 3 124554051606 31850496 102 1
copy 6703 3 124554051607 31850496 101 1
copy 6704 3 124554051607 31850496 102 1
copy 6705 3 124554051608 31850496 101 1
copy 6706 3 124554051608 31850496 102 1
copy 6707 3 124554051609 31850496 101 1
copy 6708 3 124554051609 31850496 102 1
copy 6709 3 124554051610 31850496 101 1
copy 6710 3 124554051610 31850496 102 1
copy 6711 3 124554051611 31850496 101 1
copy 6712 3 124554051611 31850496 102 1
copy 6713 3 124554051612 31850496 101 1
copy 6714 3 124554051612 31850496 102 1
copy 6715 3 124554051613 31850496 101 1
copy 6716 3 124554051613 31850496 102 1
copy 6717 3 124554051614 31850496 101 1
copy 6718 3 124554051614 31850496 102 1
copy 6719 3 124554051615 31850496 101 1
copy 6720 3 124554051615 31850496 102 1
copy 6721 3 124554051616 31850496 101 1
copy 6722 3 124554051616 31850496 102 1
copy 6723 3 124554051617 31850496 101 1
copy 6724 3 124554051617 31850496 102 1
copy 6725 3 124554051618 31850496 101 1
copy 6726 3 124554051618 31850496 102 1
copy 6727 3 124554051619 31850496 101 1
copy 6728 3 124554051619 31850496 102 1
copy 6729 3 124554051620 31850496 101 1
copy 6730 3 124554051620 31850496 102 1
copy 6731 3 124554051621 31850496 101 1
copy 6732 3 124554051621 31850496 102 1
copy 6733 3 124554051622 31850496 101 1
copy 6734 3 124554051622 31850496 102 1
copy 6735 3 124554051623 31850496 101 1
copy 6736 3 124554051623 31850496 102 1
copy 6737 3 124554051624 31850496 101 1
copy 6738 3 124554051624 31850496 102 1
copy 6739 3 124554051625 31850496 101 1
copy 6740 3 124554051625 31850496 102 1
copy 6741 3 124554051626 31850496 101 1
copy 6742 3 124554051626 31850496 102 1
copy 6743 3 124554051627 31850496 101 1
copy 6744 3 124554051627 31850496 102 1
copy 6745 3 124554051628 31850496 101 1
copy 6746 3 124554051628 31850496 102 1
copy 6747 3 124554051629 31850496 101 1
copy 6748 3 124554051629 31850496 102 1
copy 6749 3 124554051630 31850496 101 1
copy 6750 3 124554051630 31850496 102 1
copy 6751 3 124554051631 31850496 101 1
copy 6752 3 124554051631 31850496 102 1
copy 6753 3 124554051632 31850496 101 1
copy 6754 3 124554051632 31850496 102 1
copy 6755 3 124554051633 31850496 101 1
copy 6756 3 124554051633 31850496 102 1
copy 6757 3 124554051634 31850496 101 1
copy 6758 3 124554051634 31850496 102 1
copy 6759 3 124554051635 31850496 101 1
copy 6760 3 124554051635 31850496 102 1
copy 6761 3 124554051636 31850496 101 1
copy 6762 3 124554051636 31850496 102 1
copy 6763 3 124554051637 31850496 101 1
copy 6764 3 124554051637 31850496 102 1
copy 6765 3 124554051638 31850496 101 1
copy 6766 3 124554051638 31850496 102 1
copy 6767 3 124554051639 31850496 101 1
copy 6768 3 124554051639 31850496 102 1
copy 6769 3 124554051640 31850496 101 1
copy 6770 3 124554051640 31850496 102 1
copy 6771 3 124554051641 31850496 101 1
copy 6772 3 124554051641 31850496 102 1
copy 6773 3 124554051642 31850496 101 1
copy 6774 3 124554051642 31850496 102 1
copy 6775 3 124554051643 31850496 101 1
copy 6776 3 124554051643 31850496 102 1
copy 6777 3 124554051644 31850496 101 1
copy 6778 3 124554051644 31850496 102 1
copy 6779 3 124554051645 31850496 101 1
copy 6780 3 124554051645 31850496 102 1
copy 6781 3 124554051646 31850496 101 1
copy 6782 3 124554051646 31850496 102 1
copy 6783 3 124554051647 31850496 101 1
copy 6784 3 124554051647 31850496 102 1
copy 6785 3 124554051648 31850496 101 1
copy 6786 3 124554051648 31850496 102 1
copy 6787 3 124554051649 31850496 101 1
copy 6788 3 124554051649 31850496 102 1
copy 6789 3 124554051650 31850496 101 1
copy 6790 3 124554051650 31850496 102 1
copy 6791 3 124554051651 31850496 101 1
copy 6792 3 124554051651 31850496 102 1
copy 6793 3 124554051652 31850496 101 1
copy 6794 3 124554051652 31850496 102 1
copy 6795 3 124554051653 31850496 101 1
copy 6796 3 124554051653 31850496 102 1
copy 6797 3 124554051654 31850496 101 1
copy 6798 3 124554051654 31850496 102 1
copy 6799 3 124554051655 31850496 101 1
copy 6800 3 124554051655 31850496 102 1
copy 6801 3 124554051656 31850496 101 1
copy 6802 3 124554051656 31850496 102 1
copy 6803 3 124554051657 31850496 101 1
copy 6804 3 124554051657 31850496 102 1
copy 6805 3 124554051658 31850496 101 1
copy 6806 3 124554051658 31850496 102 1
copy 6807 3 124554051659 31850496 101 1
copy 6808 3 124554051659 31850496 102 1
copy 6809 3 124554051660 31850496 101 1
copy 6810 3 124554051660 31850496 102 1
copy 6811 3 124554051661 31850496 101 1
copy 6812 3 124554051661 31850496 102 1
copy 6813 3 124554051662 31850496 101 1
copy 6814 3 124554051662 31850496 102 1
copy 6815 3 124554051663 31850496 101 1
copy 6816 3 124554051663 31850496 102 1
copy 6817 3 124554051664 31850496 101 1
copy 6818 3 124554051664 31850496 102 1
copy 6819 3 124554051665 31850496 101 1
copy 6820 3 124554051665 31850496 102 1
copy 6821 3 124554051666 31850496 101 1
copy 6822 3 124554051666 31850496 102 1
copy 6823 3 124554051667 31850496 101 1
copy 6824 3 124554051667 31850496 102 1
copy 6825 3 124554051668 31850496 101 1
copy 6826 3 124554051668 31850496 102 1
copy 6827 3 124554051669 31850496 101 1
copy 6828 3 124554051669 31850496 102 1
copy 6829 3 124554051670 31850496 101 1
copy 6830 3 124554051670 31850496 102 1
copy 6831 3 124554051671 31850496 101 1
copy 6832 3 124554051671 31850496 102 1
copy 6833 3 124554051672 31850496 101 1
copy 6834 3 124554051672 31850496 102 1
copy 6835 3 124554051673 31850496 101 1
copy 6836 3 124554051673 31850496 102 1
copy 6837 3 124554051674 31850496 101 1
copy 6838 3 124554051674 31850496 102 1
copy 6839 3 124554051675 31850496 101 1
copy 6840 3 124554051675 31850496 102 1
copy 6841 3 124554051676 31850496 101 1
copy 6842 3 124554051676 31850496 102 1
copy 6843 3 124554051677 31850496 101 1
copy 6844 3 124554051677 31850496 102 1
copy 6845 3 124554051678 31850496 101 1
copy 6846 3 124554051678 31850496 102 1
copy 6847 3 124554051679 31850496 101 1
copy 6848 3 124554051679 31850496 102 1
copy 6849 3 124554051680 31850496 101 1
copy 6850 3 124554051680 31850496 102 1
copy 6851 3 124554051681 31850496 101 1
copy 6852 3 124554051681 31850496 102 1
copy 6853 3 124554051682 31850496 101 1
copy 6854 3 124554051682 31850496 102 1
copy 6855 3 124554051683 31850496 101 1
copy 6856 3 124554051683 31850496 102 1
copy 6857 3 124554051684 31850496 101 1
copy 6858 3 124554051684 31850496 102 1
copy 6859 3 124554051685 31850496 101 1
copy 6860 3 124554051685 31850496 102 1
copy 6861 3 124554051686 31850496 101 1
copy 6862 3 124554051686 31850496 102 1
copy 6863 3 124554051687 31850496 101 1
copy 6864 3 124554051687 31850496 102 1
copy 6865 3 124554051688 31850496 101 1
copy 6866 3 124554051688 31850496 102 1
copy 6867 3 124554051689 31850496 101 1
copy 6868 3 124554051689 31850496 102 1
copy 6869 3 124554051690 31850496 101 1
copy 6870 3 124554051690 31850496 102 1
copy 6871 3 124554051691 31850496 101 1
copy 6872 3 124554051691 31850496 102 1
copy 6873 3 124554051692 31850496 101 1
copy 6874 3 124554051692 31850496 102 1
copy 6875 3 124554051693 31850496 101 1
copy 6876 3 124554051693 31850496 102 1
copy 6877 3 124554051694 31850496 101 1
copy 6878 3 124554051694 31850496 102 1
copy 6879 3 124554051695 31850496 101 1
copy 6880 3 124554051695 31850496 102 1
copy 6881 3 124554051696 31850496 101 1
copy 6882 3 124554051696 31850496 102 1
copy 6883 3 124554051697 31850496 101 1
copy 6884 3 124554051697 31850496 102 1
copy 6885 3 124554051698 31850496 101 1
copy 6886 3 124554051698 31850496 102 1
copy 6887 3 124554051699 31850496 101 1
copy 6888 3 124554051699 31850496 102 1
copy 6889 3 124554051700 31850496 101 1
copy 6890 3 124554051700 31850496 102 1
copy 6891 3 124554051701 31850496 101 1
copy 6892 3 124554051701 31850496 102 1
copy 6893 3 124554051702 31850496 101 1
copy 6894 3 124554051702 31850496 102 1
copy 6895 3 124554051703 31850496 101 1
copy 6896 3 124554051703 31850496 102 1
copy 6897 3 124554051704 31850496 101 1
copy 6898 3 124554051704 31850496 102 1
copy 6899 3 124554051705 31850496 101 1
copy 6900 3 124554051705 31850496 102 1
copy 6901 3 124554051706 31850496 101 1
copy 6902 3 124554051706 31850496 102 1
copy 6903 3 124554051707 31850496 101 1
copy 6904 3 124554051707 31850496 102 1
copy 6905 3 124554051708 31850496 101 1
copy 6906 3 124554051708 31850496 102 1
copy 6907 3 124554051709 31850496 101 1
copy 6908 3 124554051709 31850496 102 1
copy 6909 3 124554051710 31850496 101 1
copy 6910 3 124554051710 31850496 102 1
copy 6911 3 124554051711 31850496 101 1
copy 6912 3 124554051711 31850496 102 1
copy 6913 3 128849018880 31850496 101 1
copy 6914 3 128849018880 31850496 102 1
copy 6915 3 128849018881 31850496 101 1
copy 6916 3 128849018881 31850496 102 1
copy 6917 3 128849018882 31850496 101 1
copy 6918 3 128849018882 31850496 102 1
copy 6919 3 128849018883 31850496 101 1
copy 6920 3 128849018883 31850496 102 1
copy 6921 3 128849018884 31850496 101 1
copy 6922 3 128849018884 31850496 102 1
copy 6923 3 128849018885 31850496 101 1
copy 6924 3 128849018885 31850496 102 1
copy 6925 3 128849018886 31850496 101 1
copy 6926 3 128849018886 31850496 102 1
copy 6927 3 128849018887 31850496 101 1
copy 6928 3 128849018887 31850496 102 1
copy 6929 3 128849018888 31850496 101 1
copy 6930 3 128849018888 31850496 102 1
copy 6931 3 128849018889 31850496 101 1
copy 6932 3 128849018889 31850496 102 1
copy 6933 3 128849018890 31850496 101 1
copy 6934 3 128849018890 31850496 102 1
copy 6935 3 128849018891 31850496 101 1
copy 6936 3 128849018891 31850496 102 1
copy 6937 3 128849018892 31850496 101 1
copy 6938 3 128849018892 31850496 102 1
copy 6939 3 128849018893 31850496 101 1
copy 6940 3 128849018893 31850496 102 1
copy 6941 3 128849018894 31850496 101 1
copy 6942 3 128849018894 31850496 102 1
copy 6943 3 128849018895 31850496 101 1
copy 6944 3 128849018895 31850496 102 1
copy 6945 3 128849018896 31850496 101 1
copy 6946 3 128849018896 31850496 102 1
copy 6947 3 128849018897 31850496 101 1
copy 6948 3 128849018897 31850496 102 1
copy 6949 3 128849018898 31850496 101 1
copy 6950 3 128849018898 31850496 102 1
copy 6951 3 128849018899 31850496 101 1
copy 6952 3 128849018899 31850496 102 1
copy 6953 3 128849018900 31850496 101 1
copy 6954 3 128849018900 31850496 102 1
copy 6955 3 128849018901 31850496 101 1
copy 6956 3 128849018901 31850496 102 1
copy 6957 3 128849018902 31850496 101 1
copy 6958 3 128849018902 31850496 102 1
copy 6959 3 128849018903 31850496 101 1
copy 6960 3 128849018903 31850496 102 1
copy 6961 3 128849018904 31850496 101 1
copy 6962 3 128849018904 31850496 102 1
copy 6963 3 128849018905 31850496 101 1
copy 6964 3 128849018905 31850496 102 1
copy 6965 3 128849018906 31850496 101 1
copy 6966 3 128849018906 31850496 102 1
copy 6967 3 128849018907 31850496 101 1
copy 6968 3 128849018907 31850496 102 1
copy 6969 3 128849018908 31850496 101 1
copy 6970 3 128849018908 31850496 102 1
copy 6971 3 128849018909 31850496 101 1
copy 6972 3 128849018909 31850496 102 1
copy 6973 3 128849018910 31850496 101 1
copy 6974 3 128849018910 31850496 102 1
copy 6975 3 128849018911 31850496 101 1
copy 6976 3 128849018911 31850496 102 1
copy 6977 3 128849018912 31850496 101 1
copy 6978 3 128849018912 31850496 102 1
copy 6979 3 128849018913 31850496 101 1
copy 6980 3 128849018913 31850496 102 1
copy 6981 3 128849018914 31850496 101 1
copy 6982 3 128849018914 31850496 102 1
copy 6983 3 128849018915 31850496 101 1
copy 6984 3 128849018915 31850496 102 1
copy 6985 3 128849018916 31850496 101 1
copy 6986 3 128849018916 31850496 102 1
copy 6987 3 128849018917 31850496 101 1
copy 6988 3 128849018917 31850496 102 1
copy 6989 3 128849018918 31850496 101 1
copy 6990 3 128849018918 31850496 102 1
copy 6991 3 128849018919 31850496 101 1
copy 6992 3 128849018919 31850496 102 1
copy 6993 3 128849018920 31850496 101 1
copy 6994 3 128849018920 31850496 102 1
copy 6995 3 128849018921 31850496 101 1
copy 6996 3 128849018921 31850496 102 1
copy 6997 3 128849018922 31850496 101 1
copy 6998 3 128849018922 31850496 102 1
copy 6999 3 128849018923 31850496 101 1
copy 7000 3 128849018923 31850496 102 1
copy 7001 3 128849018924 31850496 101 1
copy 7002 3 128849018924 31850496 102 1
copy 7003 3 128849018925 31850496 101 1
copy 7004 3 128849018925 31850496 102 1
copy 7005 3 128849018926 31850496 101 1
copy 7006 3 128849018926 31850496 102 1
copy 7007 3 128849018927 31850496 101 1
copy 7008 3 128849018927 31850496 102 1
copy 7009 3 128849018928 31850496 101 1
copy 7010 3 128849018928 31850496 102 1
copy 7011 3 128849018929 31850496 101 1
copy 7012 3 128849018929 31850496 102 1
copy 7013 3 128849018930 31850496 101 1
copy 7014 3 128849018930 31850496 102 1
copy 7015 3 128849018931 31850496 101 1
copy 7016 3 128849018931 31850496 102 1
copy 7017 3 128849018932 31850496 101 1
copy 7018 3 128849018932 31850496 102 1
copy 7019 3 128849018933 31850496 101 1
copy 7020 3 128849018933 31850496 102 1
copy 7021 3 128849018934 31850496 101 1
copy 7022 3 128849018934 31850496 102 1
copy 7023 3 128849018935 31850496 101 1
copy 7024 3 128849018935 31850496 102 1
copy 7025 3 128849018936 31850496 101 1
copy 7026 3 128849018936 31850496 102 1
copy 7027 3 128849018937 31850496 101 1
copy 7028 3 128849018937 31850496 102 1
copy 7029 3 128849018938 31850496 101 1
copy 7030 3 128849018938 31850496 102 1
copy 7031 3 128849018939 31850496 101 1
copy 7032 3 128849018939 31850496 102 1
copy 7033 3 128849018940 31850496 101 1
copy 7034 3 128849018940 31850496 102 1
copy 7035 3 128849018941 31850496 101 1
copy 7036 3 128849018941 31850496 102 1
copy 7037 3 128849018942 31850496 101 1
copy 7038 3 128849018942 31850496 102 1
copy 7039 3 128849018943 31850496 101 1
copy 7040 3 128849018943 31850496 102 1
copy 7041 3 128849018944 31850496 101 1
copy 7042 3 128849018944 31850496 102 1
copy 7043 3 128849018945 31850496 101 1
copy 7044 3 128849018945 31850496 102 1
copy 7045 3 128849018946 31850496 101 1
copy 7046 3 128849018946 31850496 102 1
copy 7047 3 128849018947 31850496 101 1
copy 7048 3 128849018947 31850496 102 1
copy 7049 3 128849018948 31850496 101 1
copy 7050 3 128849018948 31850496 102 1
copy 7051 3 128849018949 31850496 101 1
copy 7052 3 128849018949 31850496 102 1
copy 7053 3 128849018950 31850496 101 1
copy 7054 3 128849018950 31850496 102 1
copy 7055 3 128849018951 31850496 101 1
copy 7056 3 128849018951 31850496 102 1
copy 7057 3 128849018952 31850496 101 1
copy 7058 3 128849018952 31850496 102 1
copy 7059 3 128849018953 31850496 101 1
copy 7060 3 128849018953 31850496 102 1
copy 7061 3 128849018954 31850496 101 1
copy 7062 3 128849018954 31850496 102 1
copy 7063 3 128849018955 31850496 101 1
copy 7064 3 128849018955 31850496 102 1
copy 7065 3 128849018956 31850496 101 1
copy 7066 3 128849018956 31850496 102 1
copy 7067 3 128849018957 31850496 101 1
copy 7068 3 128849018957 31850496 102 1
copy 7069 3 128849018958 31850496 101 1
copy 7070 3 128849018958 31850496 102 1
copy 7071 3 128849018959 31850496 101 1
copy 7072 3 128849018959 31850496 102 1
copy 7073 3 128849018960 31850496 101 1
copy 7074 3 128849018960 31850496 102 1
copy 7075 3 128849018961 31850496 101 1
copy 7076 3 128849018961 31850496 102 1
copy 7077 3 128849018962 31850496 101 1
copy 7078 3 128849018962 31850496 102 1
copy 7079 3 128849018963 31850496 101 1
copy 7080 3 128849018963 31850496 102 1
copy 7081 3 128849018964 31850496 101 1
copy 7082 3 128849018964 31850496 102 1
copy 7083 3 128849018965 31850496 101 1
copy 7084 3 128849018965 31850496 102 1
copy 7085 3 128849018966 31850496 101 1
copy 7086 3 128849018966 31850496 102 1
copy 7087 3 128849018967 31850496 101 1
copy 7088 3 128849018967 31850496 102 1
copy 7089 3 128849018968 31850496 101 1
copy 7090 3 128849018968 31850496 102 1
copy 7091 3 128849018969 31850496 101 1
copy 7092 3 128849018969 31850496 102 1
copy 7093 3 128849018970 31850496 101 1
copy 7094 3 128849018970 31850496 102 1
copy 7095 3 128849018971 31850496 101 1
copy 7096 3 128849018971 31850496 102 1
copy 7097 3 128849018972 31850496 101 1
copy 7098 3 128849018972 31850496 102 1
copy 7099 3 128849018973 31850496 101 1
copy 7100 3 128849018973 31850496 102 1
copy 7101 3 128849018974 31850496 101 1
copy 7102 3 128849018974 31850496 102 1
copy 7103 3 128849018975 31850496 101 1
copy 7104 3 128849018975 31850496 102 1
copy 7105 3 128849018976 31850496 101 1
copy 7106 3 128849018976 31850496 102 1
copy 7107 3 128849018977 31850496 101 1
copy 7108 3 128849018977 31850496 102 1
copy 7109 3 128849018978 31850496 101 1
copy 7110 3 128849018978 31850496 102 1
copy 7111 3 128849018979 31850496 101 1
copy 7112 3 128849018979 31850496 102 1
copy 7113 3 128849018980 31850496 101 1
copy 7114 3 128849018980 31850496 102 1
copy 7115 3 128849018981 31850496 101 1
copy 7116 3 128849018981 31850496 102 1
copy 7117 3 128849018982 31850496 101 1
copy 7118 3 128849018982 31850496 102 1
copy 7119 3 128849018983 31850496 101 1
copy 7120 3 128849018983 31850496 102 1
copy 7121 3 128849018984 31850496 101 1
copy 7122 3 128849018984 31850496 102 1
copy 7123 3 128849018985 31850496 101 1
copy 7124 3 128849018985 31850496 102 1
copy 7125 3 128849018986 31850496 101 1
copy 7126 3 128849018986 31850496 102 1
copy 7127 3 128849018987 31850496 101 1
copy 7128 3 128849018987 31850496 102 1
copy 7129 3 128849018988 31850496 101 1
copy 7130 3 128849018988 31850496 102 1
copy 7131 3 128849018989 31850496 101 1
copy 7132 3 128849018989 31850496 102 1
copy 7133 3 128849018990 31850496 101 1
copy 7134 3 128849018990 31850496 102 1
copy 7135 3 128849018991 31850496 101 1
copy 7136 3 128849018991 31850496 102 1
copy 7137 3 128849018992 31850496 101 1
copy 7138 3 128849018992 31850496 102 1
copy 7139 3 128849018993 31850496 101 1
copy 7140 3 128849018993 31850496 102 1
copy 7141 3 128849018994 31850496 101 1
copy 7142 3 128849018994 31850496 102 1
copy 7143 3 128849018995 31850496 101 1
copy 7144 3 128849018995 31850496 102 1
copy 7145 3 128849018996 31850496 101 1
copy 7146 3 128849018996 31850496 102 1
copy 7147 3 128849018997 31850496 101 1
copy 7148 3 128849018997 31850496 102 1
copy 7149 3 128849018998 31850496 101 1
copy 7150 3 128849018998 31850496 102 1
copy 7151 3 128849018999 31850496 101 1
copy 7152 3 128849018999 31850496 102 1
copy 7153 3 128849019000 31850496 101 1
copy 7154 3 128849019000 31850496 102 1
copy 7155 3 128849019001 31850496 101 1
copy 7156 3 128849019001 31850496 102 1
copy 7157 3 128849019002 31850496 101 1
copy 7158 3 128849019002 31850496 102 1
copy 7159 3 128849019003 31850496 101 1
copy 7160 3 128849019003 31850496 102 1
copy 7161 3 128849019004 31850496 101 1
copy 7162 3 128849019004 31850496 102 1
copy 7163 3 128849019005 31850496 101 1
copy 7164 3 128849019005 31850496 102 1
copy 7165 3 128849019006 31850496 101 1
copy 7166 3 128849019006 31850496 102 1
copy 7167 3 128849019007 31850496 101 1
copy 7168 3 128849019007 31850496 102 1
copy 7169 3 133143986176 31850496 101 1
copy 7170 3 133143986176 31850496 102 1
copy 7171 3 133143986177 31850496 101 1
copy 7172 3 133143986177 31850496 102 1
copy 7173 3 133143986178 31850496 101 1
copy 7174 3 133143986178 31850496 102 1
copy 7175 3 133143986179 31850496 101 1
copy 7176 3 133143986179 31850496 102 1
copy 7177 3 133143986180 31850496 101 1
copy 7178 3 133143986180 31850496 102 1
copy 7179 3 133143986181 31850496 101 1
copy 7180 3 133143986181 31850496 102 1
copy 7181 3 133143986182 31850496 101 1
copy 7182 3 133143986182 31850496 102 1
copy 7183 3 133143986183 31850496 101 1
copy 7184 3 133143986183 31850496 102 1
copy 7185 3 133143986184 31850496 101 1
copy 7186 3 133143986184 31850496 102 1
copy 7187 3 133143986185 31850496 101 1
copy 7188 3 133143986185 31850496 102 1
copy 7189 3 133143986186 31850496 101 1
copy 7190 3 133143986186 31850496 102 1
copy 7191 3 133143986187 31850496 101 1
copy 7192 3 133143986187 31850496 102 1
copy 7193 3 133143986188 31850496 101 1
copy 7194 3 133143986188 31850496 102 1
copy 7195 3 133143986189 31850496 101 1
copy 7196 3 133143986189 31850496 102 1
copy 7197 3 133143986190 31850496 101 1
copy 7198 3 133143986190 31850496 102 1
copy 7199 3 133143986191 31850496 101 1
copy 7200 3 133143986191 31850496 102 1
copy 7201 3 133143986192 31850496 101 1
copy 7202 3 133143986192 31850496 102 1
copy 7203 3 133143986193 31850496 101 1
copy 7204 3 133143986193 31850496 102 1
copy 7205 3 133143986194 31850496 101 1
copy 7206 3 133143986194 31850496 102 1
copy 7207 3 133143986195 31850496 101 1
copy 7208 3 133143986195 31850496 102 1
copy 7209 3 133143986196 31850496 101 1
copy 7210 3 133143986196 31850496 102 1
copy 7211 3 133143986197 31850496 101 1
copy 7212 3 133143986197 31850496 102 1
copy 7213 3 133143986198 31850496 101 1
copy 7214 3 133143986198 31850496 102 1
copy 7215 3 133143986199 31850496 101 1
copy 7216 3 133143986199 31850496 102 1
copy 7217 3 133143986200 31850496 101 1
copy 7218 3 133143986200 31850496 102 1
copy 7219 3 133143986201 31850496 101 1
copy 7220 3 133143986201 31850496 102 1
copy 7221 3 133143986202 31850496 101 1
copy 7222 3 133143986202 31850496 102 1
copy 7223 3 133143986203 31850496 101 1
copy 7224 3 133143986203 31850496 102 1
copy 7225 3 133143986204 31850496 101 1
copy 7226 3 133143986204 31850496 102 1
copy 7227 3 133143986205 31850496 101 1
copy 7228 3 133143986205 31850496 102 1
copy 7229 3 133143986206 31850496 101 1
copy 7230 3 133143986206 31850496 102 1
copy 7231 3 133143986207 31850496 101 1
copy 7232 3 133143986207 31850496 102 1
copy 7233 3 133143986208 31850496 101 1
copy 7234 3 133143986208 31850496 102 1
copy 7235 3 133143986209 31850496 101 1
copy 7236 3 133143986209 31850496 102 1
copy 7237 3 133143986210 31850496 101 1
copy 7238 3 133143986210 31850496 102 1
copy 7239 3 133143986211 31850496 101 1
copy 7240 3 133143986211 31850496 102 1
copy 7241 3 133143986212 31850496 101 1
copy 7242 3 133143986212 31850496 102 1
copy 7243 3 133143986213 31850496 101 1
copy 7244 3 133143986213 31850496 102 1
copy 7245 3 133143986214 31850496 101 1
copy 7246 3 133143986214 31850496 102 1
copy 7247 3 133143986215 31850496 101 1
copy 7248 3 133143986215 31850496 102 1
copy 7249 3 133143986216 31850496 101 1
copy 7250 3 133143986216 31850496 102 1
copy 7251 3 133143986217 31850496 101 1
copy 7252 3 133143986217 31850496 102 1
copy 7253 3 133143986218 31850496 101 1
copy 7254 3 133143986218 31850496 102 1
copy 7255 3 133143986219 31850496 101 1
copy 7256 3 133143986219 31850496 102 1
copy 7257 3 133143986220 31850496 101 1
copy 7258 3 133143986220 31850496 102 1
copy 7259 3 133143986221 31850496 101 1
copy 7260 3 133143986221 31850496 102 1
copy 7261 3 133143986222 31850496 101 1
copy 7262 3 133143986222 31850496 102 1
copy 7263 3 133143986223 31850496 101 1
copy 7264 3 133143986223 31850496 102 1
copy 7265 3 133143986224 31850496 101 1
copy 7266 3 133143986224 31850496 102 1
copy 7267 3 133143986225 31850496 101 1
copy 7268 3 133143986225 31850496 102 1
copy 7269 3 133143986226 31850496 101 1
copy 7270 3 133143986226 31850496 102 1
copy 7271 3 133143986227 31850496 101 1
copy 7272 3 133143986227 31850496 102 1
copy 7273 3 133143986228 31850496 101 1
copy 7274 3 133143986228 31850496 102 1
copy 7275 3 133143986229 31850496 101 1
copy 7276 3 133143986229 31850496 102 1
copy 7277 3 133143986230 31850496 101 1
copy 7278 3 133143986230 31850496 102 1
copy 7279 3 133143986231 31850496 101 1
copy 7280 3 133143986231 31850496 102 1
copy 7281 3 133143986232 31850496 101 1
copy 7282 3 133143986232 31850496 102 1
copy 7283 3 133143986233 31850496 101 1
copy 7284 3 133143986233 31850496 102 1
copy 7285 3 133143986234 31850496 101 1
copy 7286 3 133143986234 31850496 102 1
copy 7287 3 133143986235 31850496 101 1
copy 7288 3 133143986235 31850496 102 1
copy 7289 3 133143986236 31850496 101 1
copy 7290 3 133143986236 31850496 102 1
copy 7291 3 133143986237 31850496 101 1
copy 7292 3 133143986237 31850496 102 1
copy 7293 3 133143986238 31850496 101 1
copy 7294 3 133143986238 31850496 102 1
copy 7295 3 133143986239 31850496 101 1
copy 7296 3 133143986239 31850496 102 1
copy 7297 3 133143986240 31850496 101 1
copy 7298 3 133143986240 31850496 102 1
copy 7299 3 133143986241 31850496 101 1
copy 7300 3 133143986241 31850496 102 1
copy 7301 3 133143986242 31850496 101 1
copy 7302 3 133143986242 31850496 102 1
copy 7303 3 133143986243 31850496 101 1
copy 7304 3 133143986243 31850496 102 1
copy 7305 3 133143986244 31850496 101 1
copy 7306 3 133143986244 31850496 102 1
copy 7307 3 133143986245 31850496 101 1
copy 7308 3 133143986245 31850496 102 1
copy 7309 3 133143986246 31850496 101 1
copy 7310 3 133143986246 31850496 102 1
copy 7311 3 133143986247 31850496 101 1
copy 7312 3 133143986247 31850496 102 1
copy 7313 3 133143986248 31850496 101 1
copy 7314 3 133143986248 31850496 102 1
copy 7315 3 133143986249 31850496 101 1
copy 7316 3 133143986249 31850496 102 1
copy 7317 3 133143986250 31850496 101 1
copy 7318 3 133143986250 31850496 102 1
copy 7319 3 133143986251 31850496 101 1
copy 7320 3 133143986251 31850496 102 1
copy 7321 3 133143986252 31850496 101 1
copy 7322 3 133143986252 31850496 102 1
copy 7323 3 133143986253 31850496 101 1
copy 7324 3 133143986253 31850496 102 1
copy 7325 3 133143986254 31850496 101 1
copy 7326 3 133143986254 31850496 102 1
copy 7327 3 133143986255 31850496 101 1
copy 7328 3 133143986255 31850496 102 1
copy 7329 3 133143986256 31850496 101 1
copy 7330 3 133143986256 31850496 102 1
copy 7331 3 133143986257 31850496 101 1
copy 7332 3 133143986257 31850496 102 1
copy 7333 3 133143986258 31850496 101 1
copy 7334 3 133143986258 31850496 102 1
copy 7335 3 133143986259 31850496 101 1
copy 7336 3 133143986259 31850496 102 1
copy 7337 3 133143986260 31850496 101 1
copy 7338 3 133143986260 31850496 102 1
copy 7339 3 133143986261 31850496 101 1
copy 7340 3 133143986261 31850496 102 1
copy 7341 3 133143986262 31850496 101 1
copy 7342 3 133143986262 31850496 102 1
copy 7343 3 133143986263 31850496 101 1
copy 7344 3 133143986263 31850496 102 1
copy 7345 3 133143986264 31850496 101 1
copy 7346 3 133143986264 31850496 102 1
copy 7347 3 133143986265 31850496 101 1
copy 7348 3 133143986265 31850496 102 1
copy 7349 3 133143986266 31850496 101 1
copy 7350 3 133143986266 31850496 102 1
copy 7351 3 133143986267 31850496 101 1
copy 7352 3 133143986267 31850496 102 1
copy 7353 3 133143986268 31850496 101 1
copy 7354 3 133143986268 31850496 102 1
copy 7355 3 133143986269 31850496 101 1
copy 7356 3 133143986269 31850496 102 1
copy 7357 3 133143986270 31850496 101 1
copy 7358 3 133143986270 31850496 102 1
copy 7359 3 133143986271 31850496 101 1
copy 7360 3 133143986271 31850496 102 1
copy 7361 3 133143986272 31850496 101 1
copy 7362 3 133143986272 31850496 102 1
copy 7363 3 133143986273 31850496 101 1
copy 7364 3 133143986273 31850496 102 1
copy 7365 3 133143986274 31850496 101 1
copy 7366 3 133143986274 31850496 102 1
copy 7367 3 133143986275 31850496 101 1
copy 7368 3 133143986275 31850496 102 1
copy 7369 3 133143986276 31850496 101 1
copy 7370 3 133143986276 31850496 102 1
copy 7371 3 133143986277 31850496 101 1
copy 7372 3 133143986277 31850496 102 1
copy 7373 3 133143986278 31850496 101 1
copy 7374 3 133143986278 31850496 102 1
copy 7375 3 133143986279 31850496 101 1
copy 7376 3 133143986279 31850496 102 1
copy 7377 3 133143986280 31850496 101 1
copy 7378 3 133143986280 31850496 102 1
copy 7379 3 133143986281 31850496 101 1
copy 7380 3 133143986281 31850496 102 1
copy 7381 3 133143986282 31850496 101 1
copy 7382 3 133143986282 31850496 102 1
copy 7383 3 133143986283 31850496 101 1
copy 7384 3 133143986283 31850496 102 1
copy 7385 3 133143986284 31850496 101 1
copy 7386 3 133143986284 31850496 102 1
copy 7387 3 133143986285 31850496 101 1
copy 7388 3 133143986285 31850496 102 1
copy 7389 3 133143986286 31850496 101 1
copy 7390 3 133143986286 31850496 102 1
copy 7391 3 133143986287 31850496 101 1
copy 7392 3 133143986287 31850496 102 1
copy 7393 3 133143986288 31850496 101 1
copy 7394 3 133143986288 31850496 102 1
copy 7395 3 133143986289 31850496 101 1
copy 7396 3 133143986289 31850496 102 1
copy 7397 3 133143986290 31850496 101 1
copy 7398 3 133143986290 31850496 102 1
copy 7399 3 133143986291 31850496 101 1
copy 7400 3 133143986291 31850496 102 1
copy 7401 3 133143986292 31850496 101 1
copy 7402 3 133143986292 31850496 102 1
copy 7403 3 133143986293 31850496 101 1
copy 7404 3 133143986293 31850496 102 1
copy 7405 3 133143986294 31850496 101 1
copy 7406 3 133143986294 31850496 102 1
copy 7407 3 133143986295 31850496 101 1
copy 7408 3 133143986295 31850496 102 1
copy 7409 3 133143986296 31850496 101 1
copy 7410 3 133143986296 31850496 102 1
copy 7411 3 133143986297 31850496 101 1
copy 7412 3 133143986297 31850496 102 1
copy 7413 3 133143986298 31850496 101 1
copy 7414 3 133143986298 31850496 102 1
copy 7415 3 133143986299 31850496 101 1
copy 7416 3 133143986299 31850496 102 1
copy 7417 3 133143986300 31850496 101 1
copy 7418 3 133143986300 31850496 102 1
copy 7419 3 133143986301 31850496 101 1
copy 7420 3 133143986301 31850496 102 1
copy 7421 3 133143986302 31850496 101 1
copy 7422 3 133143986302 31850496 102 1
copy 7423 3 133143986303 31850496 101 1
copy 7424 3 133143986303 31850496 102 1
copy 7425 3 137438953472 31850496 101 1
copy 7426 3 137438953472 31850496 102 1
copy 7427 3 137438953473 31850496 101 1
copy 7428 3 137438953473 31850496 102 1
copy 7429 3 137438953474 31850496 101 1
copy 7430 3 137438953474 31850496 102 1
copy 7431 3 137438953475 31850496 101 1
copy 7432 3 137438953475 31850496 102 1
copy 7433 3 137438953476 31850496 101 1
copy 7434 3 137438953476 31850496 102 1
copy 7435 3 137438953477 31850496 101 1
copy 7436 3 137438953477 31850496 102 1
copy 7437 3 137438953478 31850496 101 1
copy 7438 3 137438953478 31850496 102 1
copy 7439 3 137438953479 31850496 101 1
copy 7440 3 137438953479 31850496 102 1
copy 7441 3 137438953480 31850496 101 1
copy 7442 3 137438953480 31850496 102 1
copy 7443 3 137438953481 31850496 101 1
copy 7444 3 137438953481 31850496 102 1
copy 7445 3 137438953482 31850496 101 1
copy 7446 3 137438953482 31850496 102 1
copy 7447 3 137438953483 31850496 101 1
copy 7448 3 137438953483 31850496 102 1
copy 7449 3 137438953484 31850496 101 1
copy 7450 3 137438953484 31850496 102 1
copy 7451 3 137438953485 31850496 101 1
copy 7452 3 137438953485 31850496 102 1
copy 7453 3 137438953486 31850496 101 1
copy 7454 3 137438953486 31850496 102 1
copy 7455 3 137438953487 31850496 101 1
copy 7456 3 137438953487 31850496 102 1
copy 7457 3 137438953488 31850496 101 1
copy 7458 3 137438953488 31850496 102 1
copy 7459 3 137438953489 31850496 101 1
copy 7460 3 137438953489 31850496 102 1
copy 7461 3 137438953490 31850496 101 1
copy 7462 3 137438953490 31850496 102 1
copy 7463 3 137438953491 31850496 101 1
copy 7464 3 137438953491 31850496 102 1
copy 7465 3 137438953492 31850496 101 1
copy 7466 3 137438953492 31850496 102 1
copy 7467 3 137438953493 31850496 101 1
copy 7468 3 137438953493 31850496 102 1
copy 7469 3 137438953494 31850496 101 1
copy 7470 3 137438953494 31850496 102 1
copy 7471 3 137438953495 31850496 101 1
copy 7472 3 137438953495 31850496 102 1
copy 7473 3 137438953496 31850496 101 1
copy 7474 3 137438953496 31850496 102 1
copy 7475 3 137438953497 31850496 101 1
copy 7476 3 137438953497 31850496 102 1
copy 7477 3 137438953498 31850496 101 1
copy 7478 3 137438953498 31850496 102 1
copy 7479 3 137438953499 31850496 101 1
copy 7480 3 137438953499 31850496 102 1
copy 7481 3 137438953500 31850496 101 1
copy 7482 3 137438953500 31850496 102 1
copy 7483 3 137438953501 31850496 101 1
copy 7484 3 137438953501 31850496 102 1
copy 7485 3 137438953502 31850496 101 1
copy 7486 3 137438953502 31850496 102 1
copy 7487 3 137438953503 31850496 101 1
copy 7488 3 137438953503 31850496 102 1
copy 7489 3 137438953504 31850496 101 1
copy 7490 3 137438953504 31850496 102 1
copy 7491 3 137438953505 31850496 101 1
copy 7492 3 137438953505 31850496 102 1
copy 7493 3 137438953506 31850496 101 1
copy 7494 3 137438953506 31850496 102 1
copy 7495 3 137438953507 31850496 101 1
copy 7496 3 137438953507 31850496 102 1
copy 7497 3 137438953508 31850496 101 1
copy 7498 3 137438953508 31850496 102 1
copy 7499 3 137438953509 31850496 101 1
copy 7500 3 137438953509 31850496 102 1
copy 7501 3 137438953510 31850496 101 1
copy 7502 3 137438953510 31850496 102 1
copy 7503 3 137438953511 31850496 101 1
copy 7504 3 137438953511 31850496 102 1
copy 7505 3 137438953512 31850496 101 1
copy 7506 3 137438953512 31850496 102 1
copy 7507 3 137438953513 31850496 101 1
copy 7508 3 137438953513 31850496 102 1
copy 7509 3 137438953514 31850496 101 1
copy 7510 3 137438953514 31850496 102 1
copy 7511 3 137438953515 31850496 101 1
copy 7512 3 137438953515 31850496 102 1
copy 7513 3 137438953516 31850496 101 1
copy 7514 3 137438953516 31850496 102 1
copy 7515 3 137438953517 31850496 101 1
copy 7516 3 137438953517 31850496 102 1
copy 7517 3 137438953518 31850496 101 1
copy 7518 3 137438953518 31850496 102 1
copy 7519 3 137438953519 31850496 101 1
copy 7520 3 137438953519 31850496 102 1
copy 7521 3 137438953520 31850496 101 1
copy 7522 3 137438953520 31850496 102 1
copy 7523 3 137438953521 31850496 101 1
copy 7524 3 137438953521 31850496 102 1
copy 7525 3 137438953522 31850496 101 1
copy 7526 3 137438953522 31850496 102 1
copy 7527 3 137438953523 31850496 101 1
copy 7528 3 137438953523 31850496 102 1
copy 7529 3 137438953524 31850496 101 1
copy 7530 3 137438953524 31850496 102 1
copy 7531 3 137438953525 31850496 101 1
copy 7532 3 137438953525 31850496 102 1
copy 7533 3 137438953526 31850496 101 1
copy 7534 3 137438953526 31850496 102 1
copy 7535 3 137438953527 31850496 101 1
copy 7536 3 137438953527 31850496 102 1
copy 7537 3 137438953528 31850496 101 1
copy 7538 3 137438953528 31850496 102 1
copy 7539 3 137438953529 31850496 101 1
copy 7540 3 137438953529 31850496 102 1
copy 7541 3 137438953530 31850496 101 1
copy 7542 3 137438953530 31850496 102 1
copy 7543 3 137438953531 31850496 101 1
copy 7544 3 137438953531 31850496 102 1
copy 7545 3 137438953532 31850496 101 1
copy 7546 3 137438953532 31850496 102 1
copy 7547 3 137438953533 31850496 101 1
copy 7548 3 137438953533 31850496 102 1
copy 7549 3 137438953534 31850496 101 1
copy 7550 3 137438953534 31850496 102 1
copy 7551 3 137438953535 31850496 101 1
copy 7552 3 137438953535 31850496 102 1
copy 7553 3 137438953536 31850496 101 1
copy 7554 3 137438953536 31850496 102 1
copy 7555 3 137438953537 31850496 101 1
copy 7556 3 137438953537 31850496 102 1
copy 7557 3 137438953538 31850496 101 1
copy 7558 3 137438953538 31850496 102 1
copy 7559 3 137438953539 31850496 101 1
copy 7560 3 137438953539 31850496 102 1
copy 7561 3 137438953540 31850496 101 1
copy 7562 3 137438953540 31850496 102 1
copy 7563 3 137438953541 31850496 101 1
copy 7564 3 137438953541 31850496 102 1
copy 7565 3 137438953542 31850496 101 1
copy 7566 3 137438953542 31850496 102 1
copy 7567 3 137438953543 31850496 101 1
copy 7568 3 137438953543 31850496 102 1
copy 7569 3 137438953544 31850496 101 1
copy 7570 3 137438953544 31850496 102 1
copy 7571 3 137438953545 31850496 101 1
copy 7572 3 137438953545 31850496 102 1
copy 7573 3 137438953546 31850496 101 1
copy 7574 3 137438953546 31850496 102 1
copy 7575 3 137438953547 31850496 101 1
copy 7576 3 137438953547 31850496 102 1
copy 7577 3 137438953548 31850496 101 1
copy 7578 3 137438953548 31850496 102 1
copy 7579 3 137438953549 31850496 101 1
copy 7580 3 137438953549 31850496 102 1
copy 7581 3 137438953550 31850496 101 1
copy 7582 3 137438953550 31850496 102 1
copy 7583 3 137438953551 31850496 101 1
copy 7584 3 137438953551 31850496 102 1
copy 7585 3 137438953552 31850496 101 1
copy 7586 3 137438953552 31850496 102 1
copy 7587 3 137438953553 31850496 101 1
copy 7588 3 137438953553 31850496 102 1
copy 7589 3 137438953554 31850496 101 1
copy 7590 3 137438953554 31850496 102 1
copy 7591 3 137438953555 31850496 101 1
copy 7592 3 137438953555 31850496 102 1
copy 7593 3 137438953556 31850496 101 1
copy 7594 3 137438953556 31850496 102 1
copy 7595 3 137438953557 31850496 101 1
copy 7596 3 137438953557 31850496 102 1
copy 7597 3 137438953558 31850496 101 1
copy 7598 3 137438953558 31850496 102 1
copy 7599 3 137438953559 31850496 101 1
copy 7600 3 137438953559 31850496 102 1
copy 7601 3 137438953560 31850496 101 1
copy 7602 3 137438953560 31850496 102 1
copy 7603 3 137438953561 31850496 101 1
copy 7604 3 137438953561 31850496 102 1
copy 7605 3 137438953562 31850496 101 1
copy 7606 3 137438953562 31850496 102 1
copy 7607 3 137438953563 31850496 101 1
copy 7608 3 137438953563 31850496 102 1
copy 7609 3 137438953564 31850496 101 1
copy 7610 3 137438953564 31850496 102 1
copy 7611 3 137438953565 31850496 101 1
copy 7612 3 137438953565 31850496 102 1
copy 7613 3 137438953566 31850496 101 1
copy 7614 3 137438953566 31850496 102 1
copy 7615 3 137438953567 31850496 101 1
copy 7616 3 137438953567 31850496 102 1
copy 7617 3 137438953568 31850496 101 1
copy 7618 3 137438953568 31850496 102 1
copy 7619 3 137438953569 31850496 101 1
copy 7620 3 137438953569 31850496 102 1
copy 7621 3 137438953570 31850496 101 1
copy 7622 3 137438953570 31850496 102 1
copy 7623 3 137438953571 31850496 101 1
copy 7624 3 137438953571 31850496 102 1
copy 7625 3 137438953572 31850496 101 1
copy 7626 3 137438953572 31850496 102 1
copy 7627 3 137438953573 31850496 101 1
copy 7628 3 137438953573 31850496 102 1
copy 7629 3 137438953574 31850496 101 1
copy 7630 3 137438953574 31850496 102 1
copy 7631 3 137438953575 31850496 101 1
copy 7632 3 137438953575 31850496 102 1
copy 7633 3 137438953576 31850496 101 1
copy 7634 3 137438953576 31850496 102 1
copy 7635 3 137438953577 31850496 101 1
copy 7636 3 137438953577 31850496 102 1
copy 7637 3 137438953578 31850496 101 1
copy 7638 3 137438953578 31850496 102 1
copy 7639 3 137438953579 31850496 101 1
copy 7640 3 137438953579 31850496 102 1
copy 7641 3 137438953580 31850496 101 1
copy 7642 3 137438953580 31850496 102 1
copy 7643 3 137438953581 31850496 101 1
copy 7644 3 137438953581 31850496 102 1
copy 7645 3 137438953582 31850496 101 1
copy 7646 3 137438953582 31850496 102 1
copy 7647 3 137438953583 31850496 101 1
copy 7648 3 137438953583 31850496 102 1
copy 7649 3 137438953584 31850496 101 1
copy 7650 3 137438953584 31850496 102 1
copy 7651 3 137438953585 31850496 101 1
copy 7652 3 137438953585 31850496 102 1
copy 7653 3 137438953586 31850496 101 1
copy 7654 3 137438953586 31850496 102 1
copy 7655 3 137438953587 31850496 101 1
copy 7656 3 137438953587 31850496 102 1
copy 7657 3 137438953588 31850496 101 1
copy 7658 3 137438953588 31850496 102 1
copy 7659 3 137438953589 31850496 101 1
copy 7660 3 137438953589 31850496 102 1
copy 7661 3 137438953590 31850496 101 1
copy 7662 3 137438953590 31850496 102 1
copy 7663 3 137438953591 31850496 101 1
copy 7664 3 137438953591 31850496 102 1
copy 7665 3 137438953592 31850496 101 1
copy 7666 3 137438953592 31850496 102 1
copy 7667 3 137438953593 31850496 101 1
copy 7668 3 137438953593 31850496 102 1
copy 7669 3 137438953594 31850496 101 1
copy 7670 3 137438953594 31850496 102 1
copy 7671 3 137438953595 31850496 101 1
copy 7672 3 137438953595 31850496 102 1
copy 7673 3 137438953596 31850496 101 1
copy 7674 3 137438953596 31850496 102 1
copy 7675 3 137438953597 31850496 101 1
copy 7676 3 137438953597 31850496 102 1
copy 7677 3 137438953598 31850496 101 1
copy 7678 3 137438953598 31850496 102 1
copy 7679 3 137438953599 31850496 101 1
copy 7680 3 137438953599 31850496 102 1
copy 7681 3 141733920768 31850496 101 1
copy 7682 3 141733920768 31850496 102 1
copy 7683 3 141733920769 31850496 101 1
copy 7684 3 141733920769 31850496 102 1
copy 7685 3 141733920770 31850496 101 1
copy 7686 3 141733920770 31850496 102 1
copy 7687 3 141733920771 31850496 101 1
copy 7688 3 141733920771 31850496 102 1
copy 7689 3 141733920772 31850496 101 1
copy 7690 3 141733920772 31850496 102 1
copy 7691 3 141733920773 31850496 101 1
copy 7692 3 141733920773 31850496 102 1
copy 7693 3 141733920774 31850496 101 1
copy 7694 3 141733920774 31850496 102 1
copy 7695 3 141733920775 31850496 101 1
copy 7696 3 141733920775 31850496 102 1
copy 7697 3 141733920776 31850496 101 1
copy 7698 3 141733920776 31850496 102 1
copy 7699 3 141733920777 31850496 101 1
copy 7700 3 141733920777 31850496 102 1
copy 7701 3 141733920778 31850496 101 1
copy 7702 3 141733920778 31850496 102 1
copy 7703 3 141733920779 31850496 101 1
copy 7704 3 141733920779 31850496 102 1
copy 7705 3 141733920780 31850496 101 1
copy 7706 3 141733920780 31850496 102 1
copy 7707 3 141733920781 31850496 101 1
copy 7708 3 141733920781 31850496 102 1
copy 7709 3 141733920782 31850496 101 1
copy 7710 3 141733920782 31850496 102 1
copy 7711 3 141733920783 31850496 101 1
copy 7712 3 141733920783 31850496 102 1
copy 7713 3 141733920784 31850496 101 1
copy 7714 3 141733920784 31850496 102 1
copy 7715 3 141733920785 31850496 101 1
copy 7716 3 141733920785 31850496 102 1
copy 7717 3 141733920786 31850496 101 1
copy 7718 3 141733920786 31850496 102 1
copy 7719 3 141733920787 31850496 101 1
copy 7720 3 141733920787 31850496 102 1
copy 7721 3 141733920788 31850496 101 1
copy 7722 3 141733920788 31850496 102 1
copy 7723 3 141733920789 31850496 101 1
copy 7724 3 141733920789 31850496 102 1
copy 7725 3 141733920790 31850496 101 1
copy 7726 3 141733920790 31850496 102 1
copy 7727 3 141733920791 31850496 101 1
copy 7728 3 141733920791 31850496 102 1
copy 7729 3 141733920792 31850496 101 1
copy 7730 3 141733920792 31850496 102 1
copy 7731 3 141733920793 31850496 101 1
copy 7732 3 141733920793 31850496 102 1
copy 7733 3 141733920794 31850496 101 1
copy 7734 3 141733920794 31850496 102 1
copy 7735 3 141733920795 31850496 101 1
copy 7736 3 141733920795 31850496 102 1
copy 7737 3 141733920796 31850496 101 1
copy 7738 3 141733920796 31850496 102 1
copy 7739 3 141733920797 31850496 101 1
copy 7740 3 141733920797 31850496 102 1
copy 7741 3 141733920798 31850496 101 1
copy 7742 3 141733920798 31850496 102 1
copy 7743 3 141733920799 31850496 101 1
copy 7744 3 141733920799 31850496 102 1
copy 7745 3 141733920800 31850496 101 1
copy 7746 3 141733920800 31850496 102 1
copy 7747 3 141733920801 31850496 101 1
copy 7748 3 141733920801 31850496 102 1
copy 7749 3 141733920802 31850496 101 1
copy 7750 3 141733920802 31850496 102 1
copy 7751 3 141733920803 31850496 101 1
copy 7752 3 141733920803 31850496 102 1
copy 7753 3 141733920804 31850496 101 1
copy 7754 3 141733920804 31850496 102 1
copy 7755 3 141733920805 31850496 101 1
copy 7756 3 141733920805 31850496 102 1
copy 7757 3 141733920806 31850496 101 1
copy 7758 3 141733920806 31850496 102 1
copy 7759 3 141733920807 31850496 101 1
copy 7760 3 141733920807 31850496 102 1
copy 7761 3 141733920808 31850496 101 1
copy 7762 3 141733920808 31850496 102 1
copy 7763 3 141733920809 31850496 101 1
copy 7764 3 141733920809 31850496 102 1
copy 7765 3 141733920810 31850496 101 1
copy 7766 3 141733920810 31850496 102 1
copy 7767 3 141733920811 31850496 101 1
copy 7768 3 141733920811 31850496 102 1
copy 7769 3 141733920812 31850496 101 1
copy 7770 3 141733920812 31850496 102 1
copy 7771 3 141733920813 31850496 101 1
copy 7772 3 141733920813 31850496 102 1
copy 7773 3 141733920814 31850496 101 1
copy 7774 3 141733920814 31850496 102 1
copy 7775 3 141733920815 31850496 101 1
copy 7776 3 141733920815 31850496 102 1
copy 7777 3 141733920816 31850496 101 1
copy 7778 3 141733920816 31850496 102 1
copy 7779 3 141733920817 31850496 101 1
copy 7780 3 141733920817 31850496 102 1
copy 7781 3 141733920818 31850496 101 1
copy 7782 3 141733920818 31850496 102 1
copy 7783 3 141733920819 31850496 101 1
copy 7784 3 141733920819 31850496 102 1
copy 7785 3 141733920820 31850496 101 1
copy 7786 3 141733920820 31850496 102 1
copy 7787 3 141733920821 31850496 101 1
copy 7788 3 141733920821 31850496 102 1
copy 7789 3 141733920822 31850496 101 1
copy 7790 3 141733920822 31850496 102 1
copy 7791 3 141733920823 31850496 101 1
copy 7792 3 141733920823 31850496 102 1
copy 7793 3 141733920824 31850496 101 1
copy 7794 3 141733920824 31850496 102 1
copy 7795 3 141733920825 31850496 101 1
copy 7796 3 141733920825 31850496 102 1
copy 7797 3 141733920826 31850496 101 1
copy 7798 3 141733920826 31850496 102 1
copy 7799 3 141733920827 31850496 101 1
copy 7800 3 141733920827 31850496 102 1
copy 7801 3 141733920828 31850496 101 1
copy 7802 3 141733920828 31850496 102 1
copy 7803 3 141733920829 31850496 101 1
copy 7804 3 141733920829 31850496 102 1
copy 7805 3 141733920830 31850496 101 1
copy 7806 3 141733920830 31850496 102 1
copy 7807 3 141733920831 31850496 101 1
copy 7808 3 141733920831 31850496 102 1
copy 7809 3 141733920832 31850496 101 1
copy 7810 3 141733920832 31850496 102 1
copy 7811 3 141733920833 31850496 101 1
copy 7812 3 141733920833 31850496 102 1
copy 7813 3 141733920834 31850496 101 1
copy 7814 3 141733920834 31850496 102 1
copy 7815 3 141733920835 31850496 101 1
copy 7816 3 141733920835 31850496 102 1
copy 7817 3 141733920836 31850496 101 1
copy 7818 3 141733920836 31850496 102 1
copy 7819 3 141733920837 31850496 101 1
copy 7820 3 141733920837 31850496 102 1
copy 7821 3 141733920838 31850496 101 1
copy 7822 3 141733920838 31850496 102 1
copy 7823 3 141733920839 31850496 101 1
copy 7824 3 141733920839 31850496 102 1
copy 7825 3 141733920840 31850496 101 1
copy 7826 3 141733920840 31850496 102 1
copy 7827 3 141733920841 31850496 101 1
copy 7828 3 141733920841 31850496 102 1
copy 7829 3 141733920842 31850496 101 1
copy 7830 3 141733920842 31850496 102 1
copy 7831 3 141733920843 31850496 101 1
copy 7832 3 141733920843 31850496 102 1
copy 7833 3 141733920844 31850496 101 1
copy 7834 3 141733920844 31850496 102 1
copy 7835 3 141733920845 31850496 101 1
copy 7836 3 141733920845 31850496 102 1
copy 7837 3 141733920846 31850496 101 1
copy 7838 3 141733920846 31850496 102 1
copy 7839 3 141733920847 31850496 101 1
copy 7840 3 141733920847 31850496 102 1
copy 7841 3 141733920848 31850496 101 1
copy 7842 3 141733920848 31850496 102 1
copy 7843 3 141733920849 31850496 101 1
copy 7844 3 141733920849 31850496 102 1
copy 7845 3 141733920850 31850496 101 1
copy 7846 3 141733920850 31850496 102 1
copy 7847 3 141733920851 31850496 101 1
copy 7848 3 141733920851 31850496 102 1
copy 7849 3 141733920852 31850496 101 1
copy 7850 3 141733920852 31850496 102 1
copy 7851 3 141733920853 31850496 101 1
copy 7852 3 141733920853 31850496 102 1
copy 7853 3 141733920854 31850496 101 1
copy 7854 3 141733920854 31850496 102 1
copy 7855 3 141733920855 31850496 101 1
copy 7856 3 141733920855 31850496 102 1
copy 7857 3 141733920856 31850496 101 1
copy 7858 3 141733920856 31850496 102 1
copy 7859 3 141733920857 31850496 101 1
copy 7860 3 141733920857 31850496 102 1
copy 7861 3 141733920858 31850496 101 1
copy 7862 3 141733920858 31850496 102 1
copy 7863 3 141733920859 31850496 101 1
copy 7864 3 141733920859 31850496 102 1
copy 7865 3 141733920860 31850496 101 1
copy 7866 3 141733920860 31850496 102 1
copy 7867 3 141733920861 31850496 101 1
copy 7868 3 141733920861 31850496 102 1
copy 7869 3 141733920862 31850496 101 1
copy 7870 3 141733920862 31850496 102 1
copy 7871 3 141733920863 31850496 101 1
copy 7872 3 141733920863 31850496 102 1
copy 7873 3 141733920864 31850496 101 1
copy 7874 3 141733920864 31850496 102 1
copy 7875 3 141733920865 31850496 101 1
copy 7876 3 141733920865 31850496 102 1
copy 7877 3 141733920866 31850496 101 1
copy 7878 3 141733920866 31850496 102 1
copy 7879 3 141733920867 31850496 101 1
copy 7880 3 141733920867 31850496 102 1
copy 7881 3 141733920868 31850496 101 1
copy 7882 3 141733920868 31850496 102 1
copy 7883 3 141733920869 31850496 101 1
copy 7884 3 141733920869 31850496 102 1
copy 7885 3 141733920870 31850496 101 1
copy 7886 3 141733920870 31850496 102 1
copy 7887 3 141733920871 31850496 101 1
copy 7888 3 141733920871 31850496 102 1
copy 7889 3 141733920872 31850496 101 1
copy 7890 3 141733920872 31850496 102 1
copy 7891 3 141733920873 31850496 101 1
copy 7892 3 141733920873 31850496 102 1
copy 7893 3 141733920874 31850496 101 1
copy 7894 3 141733920874 31850496 102 1
copy 7895 3 141733920875 31850496 101 1
copy 7896 3 141733920875 31850496 102 1
copy 7897 3 141733920876 31850496 101 1
copy 7898 3 141733920876 31850496 102 1
copy 7899 3 141733920877 31850496 101 1
copy 7900 3 141733920877 31850496 102 1
copy 7901 3 141733920878 31850496 101 1
copy 7902 3 141733920878 31850496 102 1
copy 7903 3 141733920879 31850496 101 1
copy 7904 3 141733920879 31850496 102 1
copy 7905 3 141733920880 31850496 101 1
copy 7906 3 141733920880 31850496 102 1
copy 7907 3 141733920881 31850496 101 1
copy 7908 3 141733920881 31850496 102 1
copy 7909 3 141733920882 31850496 101 1
copy 7910 3 141733920882 31850496 102 1
copy 7911 3 141733920883 31850496 101 1
copy 7912 3 141733920883 31850496 102 1
copy 7913 3 141733920884 31850496 101 1
copy 7914 3 141733920884 31850496 102 1
copy 7915 3 141733920885 31850496 101 1
copy 7916 3 141733920885 31850496 102 1
copy 7917 3 141733920886 31850496 101 1
copy 7918 3 141733920886 31850496 102 1
copy 7919 3 141733920887 31850496 101 1
copy 7920 3 141733920887 31850496 102 1
copy 7921 3 141733920888 31850496 101 1
copy 7922 3 141733920888 31850496 102 1
copy 7923 3 141733920889 31850496 101 1
copy 7924 3 141733920889 31850496 102 1
copy 7925 3 141733920890 31850496 101 1
copy 7926 3 141733920890 31850496 102 1
copy 7927 3 141733920891 31850496 101 1
copy 7928 3 141733920891 31850496 102 1
copy 7929 3 141733920892 31850496 101 1
copy 7930 3 141733920892 31850496 102 1
copy 7931 3 141733920893 31850496 101 1
copy 7932 3 141733920893 31850496 102 1
copy 7933 3 141733920894 31850496 101 1
copy 7934 3 141733920894 31850496 102 1
copy 7935 3 141733920895 31850496 101 1
copy 7936 3 141733920895 31850496 102 1
copy 7937 3 146028888064 31850496 101 1
copy 7938 3 146028888064 31850496 102 1
copy 7939 3 146028888065 31850496 101 1
copy 7940 3 146028888065 31850496 102 1
copy 7941 3 146028888066 31850496 101 1
copy 7942 3 146028888066 31850496 102 1
copy 7943 3 146028888067 31850496 101 1
copy 7944 3 146028888067 31850496 102 1
copy 7945 3 146028888068 31850496 101 1
copy 7946 3 146028888068 31850496 102 1
copy 7947 3 146028888069 31850496 101 1
copy 7948 3 146028888069 31850496 102 1
copy 7949 3 146028888070 31850496 101 1
copy 7950 3 146028888070 31850496 102 1
copy 7951 3 146028888071 31850496 101 1
copy 7952 3 146028888071 31850496 102 1
copy 7953 3 146028888072 31850496 101 1
copy 7954 3 146028888072 31850496 102 1
copy 7955 3 146028888073 31850496 101 1
copy 7956 3 146028888073 31850496 102 1
copy 7957 3 146028888074 31850496 101 1
copy 7958 3 146028888074 31850496 102 1
copy 7959 3 146028888075 31850496 101 1
copy 7960 3 146028888075 31850496 102 1
copy 7961 3 146028888076 31850496 101 1
copy 7962 3 146028888076 31850496 102 1
copy 7963 3 146028888077 31850496 101 1
copy 7964 3 146028888077 31850496 102 1
copy 7965 3 146028888078 31850496 101 1
copy 7966 3 146028888078 31850496 102 1
copy 7967 3 146028888079 31850496 101 1
copy 7968 3 146028888079 31850496 102 1
copy 7969 3 146028888080 31850496 101 1
copy 7970 3 146028888080 31850496 102 1
copy 7971 3 146028888081 31850496 101 1
copy 7972 3 146028888081 31850496 102 1
copy 7973 3 146028888082 31850496 101 1
copy 7974 3 146028888082 31850496 102 1
copy 7975 3 146028888083 31850496 101 1
copy 7976 3 146028888083 31850496 102 1
copy 7977 3 146028888084 31850496 101 1
copy 7978 3 146028888084 31850496 102 1
copy 7979 3 146028888085 31850496 101 1
copy 7980 3 146028888085 31850496 102 1
copy 7981 3 146028888086 31850496 101 1
copy 7982 3 146028888086 31850496 102 1
copy 7983 3 146028888087 31850496 101 1
copy 7984 3 146028888087 31850496 102 1
copy 7985 3 146028888088 31850496 101 1
copy 7986 3 146028888088 31850496 102 1
copy 7987 3 146028888089 31850496 101 1
copy 7988 3 146028888089 31850496 102 1
copy 7989 3 146028888090 31850496 101 1
copy 7990 3 146028888090 31850496 102 1
copy 7991 3 146028888091 31850496 101 1
copy 7992 3 146028888091 31850496 102 1
copy 7993 3 146028888092 31850496 101 1
copy 7994 3 146028888092 31850496 102 1
copy 7995 3 146028888093 31850496 101 1
copy 7996 3 146028888093 31850496 102 1
copy 7997 3 146028888094 31850496 101 1
copy 7998 3 146028888094 31850496 102 1
copy 7999 3 146028888095 31850496 101 1
copy 8000 3 146028888095 31850496 102 1
copy 8001 3 146028888096 31850496 101 1
copy 8002 3 146028888096 31850496 102 1
copy 8003 3 146028888097 31850496 101 1
copy 8004 3 146028888097 31850496 102 1
copy 8005 3 146028888098 31850496 101 1
copy 8006 3 146028888098 31850496 102 1
copy 8007 3 146028888099 31850496 101 1
copy 8008 3 146028888099 31850496 102 1
copy 8009 3 146028888100 31850496 101 1
copy 8010 3 146028888100 31850496 102 1
copy 8011 3 146028888101 31850496 101 1
copy 8012 3 146028888101 31850496 102 1
copy 8013 3 146028888102 31850496 101 1
copy 8014 3 146028888102 31850496 102 1
copy 8015 3 146028888103 31850496 101 1
copy 8016 3 146028888103 31850496 102 1
copy 8017 3 146028888104 31850496 101 1
copy 8018 3 146028888104 31850496 102 1
copy 8019 3 146028888105 31850496 101 1
copy 8020 3 146028888105 31850496 102 1
copy 8021 3 146028888106 31850496 101 1
copy 8022 3 146028888106 31850496 102 1
copy 8023 3 146028888107 31850496 101 1
copy 8024 3 146028888107 31850496 102 1
copy 8025 3 146028888108 31850496 101 1
copy 8026 3 146028888108 31850496 102 1
copy 8027 3 146028888109 31850496 101 1
copy 8028 3 146028888109 31850496 102 1
copy 8029 3 146028888110 31850496 101 1
copy 8030 3 146028888110 31850496 102 1
copy 8031 3 146028888111 31850496 101 1
copy 8032 3 146028888111 31850496 102 1
copy 8033 3 146028888112 31850496 101 1
copy 8034 3 146028888112 31850496 102 1
copy 8035 3 146028888113 31850496 101 1
copy 8036 3 146028888113 31850496 102 1
copy 8037 3 146028888114 31850496 101 1
copy 8038 3 146028888114 31850496 102 1
copy 8039 3 146028888115 31850496 101 1
copy 8040 3 146028888115 31850496 102 1
copy 8041 3 146028888116 31850496 101 1
copy 8042 3 146028888116 31850496 102 1
copy 8043 3 146028888117 31850496 101 1
copy 8044 3 146028888117 31850496 102 1
copy 8045 3 146028888118 31850496 101 1
copy 8046 3 146028888118 31850496 102 1
copy 8047 3 146028888119 31850496 101 1
copy 8048 3 146028888119 31850496 102 1
copy 8049 3 146028888120 31850496 101 1
copy 8050 3 146028888120 31850496 102 1
copy 8051 3 146028888121 31850496 101 1
copy 8052 3 146028888121 31850496 102 1
copy 8053 3 146028888122 31850496 101 1
copy 8054 3 146028888122 31850496 102 1
copy 8055 3 146028888123 31850496 101 1
copy 8056 3 146028888123 31850496 102 1
copy 8057 3 146028888124 31850496 101 1
copy 8058 3 146028888124 31850496 102 1
copy 8059 3 146028888125 31850496 101 1
copy 8060 3 146028888125 31850496 102 1
copy 8061 3 146028888126 31850496 101 1
copy 8062 3 146028888126 31850496 102 1
copy 8063 3 146028888127 31850496 101 1
copy 8064 3 146028888127 31850496 102 1
copy 8065 3 146028888128 31850496 101 1
copy 8066 3 146028888128 31850496 102 1
copy 8067 3 146028888129 31850496 101 1
copy 8068 3 146028888129 31850496 102 1
copy 8069 3 146028888130 31850496 101 1
copy 8070 3 146028888130 31850496 102 1
copy 8071 3 146028888131 31850496 101 1
copy 8072 3 146028888131 31850496 102 1
copy 8073 3 146028888132 31850496 101 1
copy 8074 3 146028888132 31850496 102 1
copy 8075 3 146028888133 31850496 101 1
copy 8076 3 146028888133 31850496 102 1
copy 8077 3 146028888134 31850496 101 1
copy 8078 3 146028888134 31850496 102 1
copy 8079 3 146028888135 31850496 101 1
copy 8080 3 146028888135 31850496 102 1
copy 8081 3 146028888136 31850496 101 1
copy 8082 3 146028888136 31850496 102 1
copy 8083 3 146028888137 31850496 101 1
copy 8084 3 146028888137 31850496 102 1
copy 8085 3 146028888138 31850496 101 1
copy 8086 3 146028888138 31850496 102 1
copy 8087 3 146028888139 31850496 101 1
copy 8088 3 146028888139 31850496 102 1
copy 8089 3 146028888140 31850496 101 1
copy 8090 3 146028888140 31850496 102 1
copy 8091 3 146028888141 31850496 101 1
copy 8092 3 146028888141 31850496 102 1
copy 8093 3 146028888142 31850496 101 1
copy 8094 3 146028888142 31850496 102 1
copy 8095 3 146028888143 31850496 101 1
copy 8096 3 146028888143 31850496 102 1
copy 8097 3 146028888144 31850496 101 1
copy 8098 3 146028888144 31850496 102 1
copy 8099 3 146028888145 31850496 101 1
copy 8100 3 146028888145 31850496 102 1
copy 8101 3 146028888146 31850496 101 1
copy 8102 3 146028888146 31850496 102 1
copy 8103 3 146028888147 31850496 101 1
copy 8104 3 146028888147 31850496 102 1
copy 8105 3 146028888148 31850496 101 1
copy 8106 3 146028888148 31850496 102 1
copy 8107 3 146028888149 31850496 101 1
copy 8108 3 146028888149 31850496 102 1
copy 8109 3 146028888150 31850496 101 1
copy 8110 3 146028888150 31850496 102 1
copy 8111 3 146028888151 31850496 101 1
copy 8112 3 146028888151 31850496 102 1
copy 8113 3 146028888152 31850496 101 1
copy 8114 3 146028888152 31850496 102 1
copy 8115 3 146028888153 31850496 101 1
copy 8116 3 146028888153 31850496 102 1
copy 8117 3 146028888154 31850496 101 1
copy 8118 3 146028888154 31850496 102 1
copy 8119 3 146028888155 31850496 101 1
copy 8120 3 146028888155 31850496 102 1
copy 8121 3 146028888156 31850496 101 1
copy 8122 3 146028888156 31850496 102 1
copy 8123 3 146028888157 31850496 101 1
copy 8124 3 146028888157 31850496 102 1
copy 8125 3 146028888158 31850496 101 1
copy 8126 3 146028888158 31850496 102 1
copy 8127 3 146028888159 31850496 101 1
copy 8128 3 146028888159 31850496 102 1
copy 8129 3 146028888160 31850496 101 1
copy 8130 3 146028888160 31850496 102 1
copy 8131 3 146028888161 31850496 101 1
copy 8132 3 146028888161 31850496 102 1
copy 8133 3 146028888162 31850496 101 1
copy 8134 3 146028888162 31850496 102 1
copy 8135 3 146028888163 31850496 101 1
copy 8136 3 146028888163 31850496 102 1
copy 8137 3 146028888164 31850496 101 1
copy 8138 3 146028888164 31850496 102 1
copy 8139 3 146028888165 31850496 101 1
copy 8140 3 146028888165 31850496 102 1
copy 8141 3 146028888166 31850496 101 1
copy 8142 3 146028888166 31850496 102 1
copy 8143 3 146028888167 31850496 101 1
copy 8144 3 146028888167 31850496 102 1
copy 8145 3 146028888168 31850496 101 1
copy 8146 3 146028888168 31850496 102 1
copy 8147 3 146028888169 31850496 101 1
copy 8148 3 146028888169 31850496 102 1
copy 8149 3 146028888170 31850496 101 1
copy 8150 3 146028888170 31850496 102 1
copy 8151 3 146028888171 31850496 101 1
copy 8152 3 146028888171 31850496 102 1
copy 8153 3 146028888172 31850496 101 1
copy 8154 3 146028888172 31850496 102 1
copy 8155 3 146028888173 31850496 101 1
copy 8156 3 146028888173 31850496 102 1
copy 8157 3 146028888174 31850496 101 1
copy 8158 3 146028888174 31850496 102 1
copy 8159 3 146028888175 31850496 101 1
copy 8160 3 146028888175 31850496 102 1
copy 8161 3 146028888176 31850496 101 1
copy 8162 3 146028888176 31850496 102 1
copy 8163 3 146028888177 31850496 101 1
copy 8164 3 146028888177 31850496 102 1
copy 8165 3 146028888178 31850496 101 1
copy 8166 3 146028888178 31850496 102 1
copy 8167 3 146028888179 31850496 101 1
copy 8168 3 146028888179 31850496 102 1
copy 8169 3 146028888180 31850496 101 1
copy 8170 3 146028888180 31850496 102 1
copy 8171 3 146028888181 31850496 101 1
copy 8172 3 146028888181 31850496 102 1
copy 8173 3 146028888182 31850496 101 1
copy 8174 3 146028888182 31850496 102 1
copy 8175 3 146028888183 31850496 101 1
copy 8176 3 146028888183 31850496 102 1
copy 8177 3 146028888184 31850496 101 1
copy 8178 3 146028888184 31850496 102 1
copy 8179 3 146028888185 31850496 101 1
copy 8180 3 146028888185 31850496 102 1
copy 8181 3 146028888186 31850496 101 1
copy 8182 3 146028888186 31850496 102 1
copy 8183 3 146028888187 31850496 101 1
copy 8184 3 146028888187 31850496 102 1
copy 8185 3 146028888188 31850496 101 1
copy 8186 3 146028888188 31850496 102 1
copy 8187 3 146028888189 31850496 101 1
copy 8188 3 146028888189 31850496 102 1
copy 8189 3 146028888190 31850496 101 1
copy 8190 3 146028888190 31850496 102 1
copy 8191 3 146028888191 31850496 101 1
copy 8192 3 146028888191 31850496 102 1
copy 8193 3 150323855360 31850496 101 1
copy 8194 3 150323855360 31850496 102 1
copy 8195 3 150323855361 31850496 101 1
copy 8196 3 150323855361 31850496 102 1
copy 8197 3 150323855362 31850496 101 1
copy 8198 3 150323855362 31850496 102 1
copy 8199 3 150323855363 31850496 101 1
copy 8200 3 150323855363 31850496 102 1
copy 8201 3 150323855364 31850496 101 1
copy 8202 3 150323855364 31850496 102 1
copy 8203 3 150323855365 31850496 101 1
copy 8204 3 150323855365 31850496 102 1
copy 8205 3 150323855366 31850496 101 1
copy 8206 3 150323855366 31850496 102 1
copy 8207 3 150323855367 31850496 101 1
copy 8208 3 150323855367 31850496 102 1
copy 8209 3 150323855368 31850496 101 1
copy 8210 3 150323855368 31850496 102 1
copy 8211 3 150323855369 31850496 101 1
copy 8212 3 150323855369 31850496 102 1
copy 8213 3 150323855370 31850496 101 1
copy 8214 3 150323855370 31850496 102 1
copy 8215 3 150323855371 31850496 101 1
copy 8216 3 150323855371 31850496 102 1
copy 8217 3 150323855372 31850496 101 1
copy 8218 3 150323855372 31850496 102 1
copy 8219 3 150323855373 31850496 101 1
copy 8220 3 150323855373 31850496 102 1
copy 8221 3 150323855374 31850496 101 1
copy 8222 3 150323855374 31850496 102 1
copy 8223 3 150323855375 31850496 101 1
copy 8224 3 150323855375 31850496 102 1
copy 8225 3 150323855376 31850496 101 1
copy 8226 3 150323855376 31850496 102 1
copy 8227 3 150323855377 31850496 101 1
copy 8228 3 150323855377 31850496 102 1
copy 8229 3 150323855378 31850496 101 1
copy 8230 3 150323855378 31850496 102 1
copy 8231 3 150323855379 31850496 101 1
copy 8232 3 150323855379 31850496 102 1
copy 8233 3 150323855380 31850496 101 1
copy 8234 3 150323855380 31850496 102 1
copy 8235 3 150323855381 31850496 101 1
copy 8236 3 150323855381 31850496 102 1
copy 8237 3 150323855382 31850496 101 1
copy 8238 3 150323855382 31850496 102 1
copy 8239 3 150323855383 31850496 101 1
copy 8240 3 150323855383 31850496 102 1
copy 8241 3 150323855384 31850496 101 1
copy 8242 3 150323855384 31850496 102 1
copy 8243 3 150323855385 31850496 101 1
copy 8244 3 150323855385 31850496 102 1
copy 8245 3 150323855386 31850496 101 1
copy 8246 3 150323855386 31850496 102 1
copy 8247 3 150323855387 31850496 101 1
copy 8248 3 150323855387 31850496 102 1
copy 8249 3 150323855388 31850496 101 1
copy 8250 3 150323855388 31850496 102 1
copy 8251 3 150323855389 31850496 101 1
copy 8252 3 150323855389 31850496 102 1
copy 8253 3 150323855390 31850496 101 1
copy 8254 3 150323855390 31850496 102 1
copy 8255 3 150323855391 31850496 101 1
copy 8256 3 150323855391 31850496 102 1
copy 8257 3 150323855392 31850496 101 1
copy 8258 3 150323855392 31850496 102 1
copy 8259 3 150323855393 31850496 101 1
copy 8260 3 150323855393 31850496 102 1
copy 8261 3 150323855394 31850496 101 1
copy 8262 3 150323855394 31850496 102 1
copy 8263 3 150323855395 31850496 101 1
copy 8264 3 150323855395 31850496 102 1
copy 8265 3 150323855396 31850496 101 1
copy 8266 3 150323855396 31850496 102 1
copy 8267 3 150323855397 31850496 101 1
copy 8268 3 150323855397 31850496 102 1
copy 8269 3 150323855398 31850496 101 1
copy 8270 3 150323855398 31850496 102 1
copy 8271 3 150323855399 31850496 101 1
copy 8272 3 150323855399 31850496 102 1
copy 8273 3 150323855400 31850496 101 1
copy 8274 3 150323855400 31850496 102 1
copy 8275 3 150323855401 31850496 101 1
copy 8276 3 150323855401 31850496 102 1
copy 8277 3 150323855402 31850496 101 1
copy 8278 3 150323855402 31850496 102 1
copy 8279 3 150323855403 31850496 101 1
copy 8280 3 150323855403 31850496 102 1
copy 8281 3 150323855404 31850496 101 1
copy 8282 3 150323855404 31850496 102 1
copy 8283 3 150323855405 31850496 101 1
copy 8284 3 150323855405 31850496 102 1
copy 8285 3 150323855406 31850496 101 1
copy 8286 3 150323855406 31850496 102 1
copy 8287 3 150323855407 31850496 101 1
copy 8288 3 150323855407 31850496 102 1
copy 8289 3 150323855408 31850496 101 1
copy 8290 3 150323855408 31850496 102 1
copy 8291 3 150323855409 31850496 101 1
copy 8292 3 150323855409 31850496 102 1
copy 8293 3 150323855410 31850496 101 1
copy 8294 3 150323855410 31850496 102 1
copy 8295 3 150323855411 31850496 101 1
copy 8296 3 150323855411 31850496 102 1
copy 8297 3 150323855412 31850496 101 1
copy 8298 3 150323855412 31850496 102 1
copy 8299 3 150323855413 31850496 101 1
copy 8300 3 150323855413 31850496 102 1
copy 8301 3 150323855414 31850496 101 1
copy 8302 3 150323855414 31850496 102 1
copy 8303 3 150323855415 31850496 101 1
copy 8304 3 150323855415 31850496 102 1
copy 8305 3 150323855416 31850496 101 1
copy 8306 3 150323855416 31850496 102 1
copy 8307 3 150323855417 31850496 101 1
copy 8308 3 150323855417 31850496 102 1
copy 8309 3 150323855418 31850496 101 1
copy 8310 3 150323855418 31850496 102 1
copy 8311 3 150323855419 31850496 101 1
copy 8312 3 150323855419 31850496 102 1
copy 8313 3 150323855420 31850496 101 1
copy 8314 3 150323855420 31850496 102 1
copy 8315 3 150323855421 31850496 101 1
copy 8316 3 150323855421 31850496 102 1
copy 8317 3 150323855422 31850496 101 1
copy 8318 3 150323855422 31850496 102 1
copy 8319 3 150323855423 31850496 101 1
copy 8320 3 150323855423 31850496 102 1
copy 8321 3 150323855424 31850496 101 1
copy 8322 3 150323855424 31850496 102 1
copy 8323 3 150323855425 31850496 101 1
copy 8324 3 150323855425 31850496 102 1
copy 8325 3 150323855426 31850496 101 1
copy 8326 3 150323855426 31850496 102 1
copy 8327 3 150323855427 31850496 101 1
copy 8328 3 150323855427 31850496 102 1
copy 8329 3 150323855428 31850496 101 1
copy 8330 3 150323855428 31850496 102 1
copy 8331 3 150323855429 31850496 101 1
copy 8332 3 150323855429 31850496 102 1
copy 8333 3 150323855430 31850496 101 1
copy 8334 3 150323855430 31850496 102 1
copy 8335 3 150323855431 31850496 101 1
copy 8336 3 150323855431 31850496 102 1
copy 8337 3 150323855432 31850496 101 1
copy 8338 3 150323855432 31850496 102 1
copy 8339 3 150323855433 31850496 101 1
copy 8340 3 150323855433 31850496 102 1
copy 8341 3 150323855434 31850496 101 1
copy 8342 3 150323855434 31850496 102 1
copy 8343 3 150323855435 31850496 101 1
copy 8344 3 150323855435 31850496 102 1
copy 8345 3 150323855436 31850496 101 1
copy 8346 3 150323855436 31850496 102 1
copy 8347 3 150323855437 31850496 101 1
copy 8348 3 150323855437 31850496 102 1
copy 8349 3 150323855438 31850496 101 1
copy 8350 3 150323855438 31850496 102 1
copy 8351 3 150323855439 31850496 101 1
copy 8352 3 150323855439 31850496 102 1
copy 8353 3 150323855440 31850496 101 1
copy 8354 3 150323855440 31850496 102 1
copy 8355 3 150323855441 31850496 101 1
copy 8356 3 150323855441 31850496 102 1
copy 8357 3 150323855442 31850496 101 1
copy 8358 3 150323855442 31850496 102 1
copy 8359 3 150323855443 31850496 101 1
copy 8360 3 150323855443 31850496 102 1
copy 8361 3 150323855444 31850496 101 1
copy 8362 3 150323855444 31850496 102 1
copy 8363 3 150323855445 31850496 101 1
copy 8364 3 150323855445 31850496 102 1
copy 8365 3 150323855446 31850496 101 1
copy 8366 3 150323855446 31850496 102 1
copy 8367 3 150323855447 31850496 101 1
copy 8368 3 150323855447 31850496 102 1
copy 8369 3 150323855448 31850496 101 1
copy 8370 3 150323855448 31850496 102 1
copy 8371 3 150323855449 31850496 101 1
copy 8372 3 150323855449 31850496 102 1
copy 8373 3 150323855450 31850496 101 1
copy 8374 3 150323855450 31850496 102 1
copy 8375 3 150323855451 31850496 101 1
copy 8376 3 150323855451 31850496 102 1
copy 8377 3 150323855452 31850496 101 1
copy 8378 3 150323855452 31850496 102 1
copy 8379 3 150323855453 31850496 101 1
copy 8380 3 150323855453 31850496 102 1
copy 8381 3 150323855454 31850496 101 1
copy 8382 3 150323855454 31850496 102 1
copy 8383 3 150323855455 31850496 101 1
copy 8384 3 150323855455 31850496 102 1
copy 8385 3 150323855456 31850496 101 1
copy 8386 3 150323855456 31850496 102 1
copy 8387 3 150323855457 31850496 101 1
copy 8388 3 150323855457 31850496 102 1
copy 8389 3 150323855458 31850496 101 1
copy 8390 3 150323855458 31850496 102 1
copy 8391 3 150323855459 31850496 101 1
copy 8392 3 150323855459 31850496 102 1
copy 8393 3 150323855460 31850496 101 1
copy 8394 3 150323855460 31850496 102 1
copy 8395 3 150323855461 31850496 101 1
copy 8396 3 150323855461 31850496 102 1
copy 8397 3 150323855462 31850496 101 1
copy 8398 3 150323855462 31850496 102 1
copy 8399 3 150323855463 31850496 101 1
copy 8400 3 150323855463 31850496 102 1
copy 8401 3 150323855464 31850496 101 1
copy 8402 3 150323855464 31850496 102 1
copy 8403 3 150323855465 31850496 101 1
copy 8404 3 150323855465 31850496 102 1
copy 8405 3 150323855466 31850496 101 1
copy 8406 3 150323855466 31850496 102 1
copy 8407 3 150323855467 31850496 101 1
copy 8408 3 150323855467 31850496 102 1
copy 8409 3 150323855468 31850496 101 1
copy 8410 3 150323855468 31850496 102 1
copy 8411 3 150323855469 31850496 101 1
copy 8412 3 150323855469 31850496 102 1
copy 8413 3 150323855470 31850496 101 1
copy 8414 3 150323855470 31850496 102 1
copy 8415 3 150323855471 31850496 101 1
copy 8416 3 150323855471 31850496 102 1
copy 8417 3 150323855472 31850496 101 1
copy 8418 3 150323855472 31850496 102 1
copy 8419 3 150323855473 31850496 101 1
copy 8420 3 150323855473 31850496 102 1
copy 8421 3 150323855474 31850496 101 1
copy 8422 3 150323855474 31850496 102 1
copy 8423 3 150323855475 31850496 101 1
copy 8424 3 150323855475 31850496 102 1
copy 8425 3 150323855476 31850496 101 1
copy 8426 3 150323855476 31850496 102 1
copy 8427 3 150323855477 31850496 101 1
copy 8428 3 150323855477 31850496 102 1
copy 8429 3 150323855478 31850496 101 1
copy 8430 3 150323855478 31850496 102 1
copy 8431 3 150323855479 31850496 101 1
copy 8432 3 150323855479 31850496 102 1
copy 8433 3 150323855480 31850496 101 1
copy 8434 3 150323855480 31850496 102 1
copy 8435 3 150323855481 31850496 101 1
copy 8436 3 150323855481 31850496 102 1
copy 8437 3 150323855482 31850496 101 1
copy 8438 3 150323855482 31850496 102 1
copy 8439 3 150323855483 31850496 101 1
copy 8440 3 150323855483 31850496 102 1
copy 8441 3 150323855484 31850496 101 1
copy 8442 3 150323855484 31850496 102 1
copy 8443 3 150323855485 31850496 101 1
copy 8444 3 150323855485 31850496 102 1
copy 8445 3 150323855486 31850496 101 1
copy 8446 3 150323855486 31850496 102 1
copy 8447 3 150323855487 31850496 101 1
copy 8448 3 150323855487 31850496 102 1
copy 8449 3 154618822656 31850496 101 1
copy 8450 3 154618822656 31850496 102 1
copy 8451 3 154618822657 31850496 101 1
copy 8452 3 154618822657 31850496 102 1
copy 8453 3 154618822658 31850496 101 1
copy 8454 3 154618822658 31850496 102 1
copy 8455 3 154618822659 31850496 101 1
copy 8456 3 154618822659 31850496 102 1
copy 8457 3 154618822660 31850496 101 1
copy 8458 3 154618822660 31850496 102 1
copy 8459 3 154618822661 31850496 101 1
copy 8460 3 154618822661 31850496 102 1
copy 8461 3 154618822662 31850496 101 1
copy 8462 3 154618822662 31850496 102 1
copy 8463 3 154618822663 31850496 101 1
copy 8464 3 154618822663 31850496 102 1
copy 8465 3 154618822664 31850496 101 1
copy 8466 3 154618822664 31850496 102 1
copy 8467 3 154618822665 31850496 101 1
copy 8468 3 154618822665 31850496 102 1
copy 8469 3 154618822666 31850496 101 1
copy 8470 3 154618822666 31850496 102 1
copy 8471 3 154618822667 31850496 101 1
copy 8472 3 154618822667 31850496 102 1
copy 8473 3 154618822668 31850496 101 1
copy 8474 3 154618822668 31850496 102 1
copy 8475 3 154618822669 31850496 101 1
copy 8476 3 154618822669 31850496 102 1
copy 8477 3 154618822670 31850496 101 1
copy 8478 3 154618822670 31850496 102 1
copy 8479 3 154618822671 31850496 101 1
copy 8480 3 154618822671 31850496 102 1
copy 8481 3 154618822672 31850496 101 1
copy 8482 3 154618822672 31850496 102 1
copy 8483 3 154618822673 31850496 101 1
copy 8484 3 154618822673 31850496 102 1
copy 8485 3 154618822674 31850496 101 1
copy 8486 3 154618822674 31850496 102 1
copy 8487 3 154618822675 31850496 101 1
copy 8488 3 154618822675 31850496 102 1
copy 8489 3 154618822676 31850496 101 1
copy 8490 3 154618822676 31850496 102 1
copy 8491 3 154618822677 31850496 101 1
copy 8492 3 154618822677 31850496 102 1
copy 8493 3 154618822678 31850496 101 1
copy 8494 3 154618822678 31850496 102 1
copy 8495 3 154618822679 31850496 101 1
copy 8496 3 154618822679 31850496 102 1
copy 8497 3 154618822680 31850496 101 1
copy 8498 3 154618822680 31850496 102 1
copy 8499 3 154618822681 31850496 101 1
copy 8500 3 154618822681 31850496 102 1
copy 8501 3 154618822682 31850496 101 1
copy 8502 3 154618822682 31850496 102 1
copy 8503 3 154618822683 31850496 101 1
copy 8504 3 154618822683 31850496 102 1
copy 8505 3 154618822684 31850496 101 1
copy 8506 3 154618822684 31850496 102 1
copy 8507 3 154618822685 31850496 101 1
copy 8508 3 154618822685 31850496 102 1
copy 8509 3 154618822686 31850496 101 1
copy 8510 3 154618822686 31850496 102 1
copy 8511 3 154618822687 31850496 101 1
copy 8512 3 154618822687 31850496 102 1
copy 8513 3 154618822688 31850496 101 1
copy 8514 3 154618822688 31850496 102 1
copy 8515 3 154618822689 31850496 101 1
copy 8516 3 154618822689 31850496 102 1
copy 8517 3 154618822690 31850496 101 1
copy 8518 3 154618822690 31850496 102 1
copy 8519 3 154618822691 31850496 101 1
copy 8520 3 154618822691 31850496 102 1
copy 8521 3 154618822692 31850496 101 1
copy 8522 3 154618822692 31850496 102 1
copy 8523 3 154618822693 31850496 101 1
copy 8524 3 154618822693 31850496 102 1
copy 8525 3 154618822694 31850496 101 1
copy 8526 3 154618822694 31850496 102 1
copy 8527 3 154618822695 31850496 101 1
copy 8528 3 154618822695 31850496 102 1
copy 8529 3 154618822696 31850496 101 1
copy 8530 3 154618822696 31850496 102 1
copy 8531 3 154618822697 31850496 101 1
copy 8532 3 154618822697 31850496 102 1
copy 8533 3 154618822698 31850496 101 1
copy 8534 3 154618822698 31850496 102 1
copy 8535 3 154618822699 31850496 101 1
copy 8536 3 154618822699 31850496 102 1
copy 8537 3 154618822700 31850496 101 1
copy 8538 3 154618822700 31850496 102 1
copy 8539 3 154618822701 31850496 101 1
copy 8540 3 154618822701 31850496 102 1
copy 8541 3 154618822702 31850496 101 1
copy 8542 3 154618822702 31850496 102 1
copy 8543 3 154618822703 31850496 101 1
copy 8544 3 154618822703 31850496 102 1
copy 8545 3 154618822704 31850496 101 1
copy 8546 3 154618822704 31850496 102 1
copy 8547 3 154618822705 31850496 101 1
copy 8548 3 154618822705 31850496 102 1
copy 8549 3 154618822706 31850496 101 1
copy 8550 3 154618822706 31850496 102 1
copy 8551 3 154618822707 31850496 101 1
copy 8552 3 154618822707 31850496 102 1
copy 8553 3 154618822708 31850496 101 1
copy 8554 3 154618822708 31850496 102 1
copy 8555 3 154618822709 31850496 101 1
copy 8556 3 154618822709 31850496 102 1
copy 8557 3 154618822710 31850496 101 1
copy 8558 3 154618822710 31850496 102 1
copy 8559 3 154618822711 31850496 101 1
copy 8560 3 154618822711 31850496 102 1
copy 8561 3 154618822712 31850496 101 1
copy 8562 3 154618822712 31850496 102 1
copy 8563 3 154618822713 31850496 101 1
copy 8564 3 154618822713 31850496 102 1
copy 8565 3 154618822714 31850496 101 1
copy 8566 3 154618822714 31850496 102 1
copy 8567 3 154618822715 31850496 101 1
copy 8568 3 154618822715 31850496 102 1
copy 8569 3 154618822716 31850496 101 1
copy 8570 3 154618822716 31850496 102 1
copy 8571 3 154618822717 31850496 101 1
copy 8572 3 154618822717 31850496 102 1
copy 8573 3 154618822718 31850496 101 1
copy 8574 3 154618822718 31850496 102 1
copy 8575 3 154618822719 31850496 101 1
copy 8576 3 154618822719 31850496 102 1
copy 8577 3 154618822720 31850496 101 1
copy 8578 3 154618822720 31850496 102 1
copy 8579 3 154618822721 31850496 101 1
copy 8580 3 154618822721 31850496 102 1
copy 8581 3 154618822722 31850496 101 1
copy 8582 3 154618822722 31850496 102 1
copy 8583 3 154618822723 31850496 101 1
copy 8584 3 154618822723 31850496 102 1
copy 8585 3 154618822724 31850496 101 1
copy 8586 3 154618822724 31850496 102 1
copy 8587 3 154618822725 31850496 101 1
copy 8588 3 154618822725 31850496 102 1
copy 8589 3 154618822726 31850496 101 1
copy 8590 3 154618822726 31850496 102 1
copy 8591 3 154618822727 31850496 101 1
copy 8592 3 154618822727 31850496 102 1
copy 8593 3 154618822728 31850496 101 1
copy 8594 3 154618822728 31850496 102 1
copy 8595 3 154618822729 31850496 101 1
copy 8596 3 154618822729 31850496 102 1
copy 8597 3 154618822730 31850496 101 1
copy 8598 3 154618822730 31850496 102 1
copy 8599 3 154618822731 31850496 101 1
copy 8600 3 154618822731 31850496 102 1
copy 8601 3 154618822732 31850496 101 1
copy 8602 3 154618822732 31850496 102 1
copy 8603 3 154618822733 31850496 101 1
copy 8604 3 154618822733 31850496 102 1
copy 8605 3 154618822734 31850496 101 1
copy 8606 3 154618822734 31850496 102 1
copy 8607 3 154618822735 31850496 101 1
copy 8608 3 154618822735 31850496 102 1
copy 8609 3 154618822736 31850496 101 1
copy 8610 3 154618822736 31850496 102 1
copy 8611 3 154618822737 31850496 101 1
copy 8612 3 154618822737 31850496 102 1
copy 8613 3 154618822738 31850496 101 1
copy 8614 3 154618822738 31850496 102 1
copy 8615 3 154618822739 31850496 101 1
copy 8616 3 154618822739 31850496 102 1
copy 8617 3 154618822740 31850496 101 1
copy 8618 3 154618822740 31850496 102 1
copy 8619 3 154618822741 31850496 101 1
copy 8620 3 154618822741 31850496 102 1
copy 8621 3 154618822742 31850496 101 1
copy 8622 3 154618822742 31850496 102 1
copy 8623 3 154618822743 31850496 101 1
copy 8624 3 154618822743 31850496 102 1
copy 8625 3 154618822744 31850496 101 1
copy 8626 3 154618822744 31850496 102 1
copy 8627 3 154618822745 31850496 101 1
copy 8628 3 154618822745 31850496 102 1
copy 8629 3 154618822746 31850496 101 1
copy 8630 3 154618822746 31850496 102 1
copy 8631 3 154618822747 31850496 101 1
copy 8632 3 154618822747 31850496 102 1
copy 8633 3 154618822748 31850496 101 1
copy 8634 3 154618822748 31850496 102 1
copy 8635 3 154618822749 31850496 101 1
copy 8636 3 154618822749 31850496 102 1
copy 8637 3 154618822750 31850496 101 1
copy 8638 3 154618822750 31850496 102 1
copy 8639 3 154618822751 31850496 101 1
copy 8640 3 154618822751 31850496 102 1
copy 8641 3 154618822752 31850496 101 1
copy 8642 3 154618822752 31850496 102 1
copy 8643 3 154618822753 31850496 101 1
copy 8644 3 154618822753 31850496 102 1
copy 8645 3 154618822754 31850496 101 1
copy 8646 3 154618822754 31850496 102 1
copy 8647 3 154618822755 31850496 101 1
copy 8648 3 154618822755 31850496 102 1
copy 8649 3 154618822756 31850496 101 1
copy 8650 3 154618822756 31850496 102 1
copy 8651 3 154618822757 31850496 101 1
copy 8652 3 154618822757 31850496 102 1
copy 8653 3 154618822758 31850496 101 1
copy 8654 3 154618822758 31850496 102 1
copy 8655 3 154618822759 31850496 101 1
copy 8656 3 154618822759 31850496 102 1
copy 8657 3 154618822760 31850496 101 1
copy 8658 3 154618822760 31850496 102 1
copy 8659 3 154618822761 31850496 101 1
copy 8660 3 154618822761 31850496 102 1
copy 8661 3 154618822762 31850496 101 1
copy 8662 3 154618822762 31850496 102 1
copy 8663 3 154618822763 31850496 101 1
copy 8664 3 154618822763 31850496 102 1
copy 8665 3 154618822764 31850496 101 1
copy 8666 3 154618822764 31850496 102 1
copy 8667 3 154618822765 31850496 101 1
copy 8668 3 154618822765 31850496 102 1
copy 8669 3 154618822766 31850496 101 1
copy 8670 3 154618822766 31850496 102 1
copy 8671 3 154618822767 31850496 101 1
copy 8672 3 154618822767 31850496 102 1
copy 8673 3 154618822768 31850496 101 1
copy 8674 3 154618822768 31850496 102 1
copy 8675 3 154618822769 31850496 101 1
copy 8676 3 154618822769 31850496 102 1
copy 8677 3 154618822770 31850496 101 1
copy 8678 3 154618822770 31850496 102 1
copy 8679 3 154618822771 31850496 101 1
copy 8680 3 154618822771 31850496 102 1
copy 8681 3 154618822772 31850496 101 1
copy 8682 3 154618822772 31850496 102 1
copy 8683 3 154618822773 31850496 101 1
copy 8684 3 154618822773 31850496 102 1
copy 8685 3 154618822774 31850496 101 1
copy 8686 3 154618822774 31850496 102 1
copy 8687 3 154618822775 31850496 101 1
copy 8688 3 154618822775 31850496 102 1
copy 8689 3 154618822776 31850496 101 1
copy 8690 3 154618822776 31850496 102 1
copy 8691 3 154618822777 31850496 101 1
copy 8692 3 154618822777 31850496 102 1
copy 8693 3 154618822778 31850496 101 1
copy 8694 3 154618822778 31850496 102 1
copy 8695 3 154618822779 31850496 101 1
copy 8696 3 154618822779 31850496 102 1
copy 8697 3 154618822780 31850496 101 1
copy 8698 3 154618822780 31850496 102 1
copy 8699 3 154618822781 31850496 101 1
copy 8700 3 154618822781 31850496 102 1
copy 8701 3 154618822782 31850496 101 1
copy 8702 3 154618822782 31850496 102 1
copy 8703 3 154618822783 31850496 101 1
copy 8704 3 154618822783 31850496 102 1
copy 8705 3 158913789952 31850496 101 1
copy 8706 3 158913789952 31850496 102 1
copy 8707 3 158913789953 31850496 101 1
copy 8708 3 158913789953 31850496 102 1
copy 8709 3 158913789954 31850496 101 1
copy 8710 3 158913789954 31850496 102 1
copy 8711 3 158913789955 31850496 101 1
copy 8712 3 158913789955 31850496 102 1
copy 8713 3 158913789956 31850496 101 1
copy 8714 3 158913789956 31850496 102 1
copy 8715 3 158913789957 31850496 101 1
copy 8716 3 158913789957 31850496 102 1
copy 8717 3 158913789958 31850496 101 1
copy 8718 3 158913789958 31850496 102 1
copy 8719 3 158913789959 31850496 101 1
copy 8720 3 158913789959 31850496 102 1
copy 8721 3 158913789960 31850496 101 1
copy 8722 3 158913789960 31850496 102 1
copy 8723 3 158913789961 31850496 101 1
copy 8724 3 158913789961 31850496 102 1
copy 8725 3 158913789962 31850496 101 1
copy 8726 3 158913789962 31850496 102 1
copy 8727 3 158913789963 31850496 101 1
copy 8728 3 158913789963 31850496 102 1
copy 8729 3 158913789964 31850496 101 1
copy 8730 3 158913789964 31850496 102 1
copy 8731 3 158913789965 31850496 101 1
copy 8732 3 158913789965 31850496 102 1
copy 8733 3 158913789966 31850496 101 1
copy 8734 3 158913789966 31850496 102 1
copy 8735 3 158913789967 31850496 101 1
copy 8736 3 158913789967 31850496 102 1
copy 8737 3 158913789968 31850496 101 1
copy 8738 3 158913789968 31850496 102 1
copy 8739 3 158913789969 31850496 101 1
copy 8740 3 158913789969 31850496 102 1
copy 8741 3 158913789970 31850496 101 1
copy 8742 3 158913789970 31850496 102 1
copy 8743 3 158913789971 31850496 101 1
copy 8744 3 158913789971 31850496 102 1
copy 8745 3 158913789972 31850496 101 1
copy 8746 3 158913789972 31850496 102 1
copy 8747 3 158913789973 31850496 101 1
copy 8748 3 158913789973 31850496 102 1
copy 8749 3 158913789974 31850496 101 1
copy 8750 3 158913789974 31850496 102 1
copy 8751 3 158913789975 31850496 101 1
copy 8752 3 158913789975 31850496 102 1
copy 8753 3 158913789976 31850496 101 1
copy 8754 3 158913789976 31850496 102 1
copy 8755 3 158913789977 31850496 101 1
copy 8756 3 158913789977 31850496 102 1
copy 8757 3 158913789978 31850496 101 1
copy 8758 3 158913789978 31850496 102 1
copy 8759 3 158913789979 31850496 101 1
copy 8760 3 158913789979 31850496 102 1
copy 8761 3 158913789980 31850496 101 1
copy 8762 3 158913789980 31850496 102 1
copy 8763 3 158913789981 31850496 101 1
copy 8764 3 158913789981 31850496 102 1
copy 8765 3 158913789982 31850496 101 1
copy 8766 3 158913789982 31850496 102 1
copy 8767 3 158913789983 31850496 101 1
copy 8768 3 158913789983 31850496 102 1
copy 8769 3 158913789984 31850496 101 1
copy 8770 3 158913789984 31850496 102 1
copy 8771 3 158913789985 31850496 101 1
copy 8772 3 158913789985 31850496 102 1
copy 8773 3 158913789986 31850496 101 1
copy 8774 3 158913789986 31850496 102 1
copy 8775 3 158913789987 31850496 101 1
copy 8776 3 158913789987 31850496 102 1
copy 8777 3 158913789988 31850496 101 1
copy 8778 3 158913789988 31850496 102 1
copy 8779 3 158913789989 31850496 101 1
copy 8780 3 158913789989 31850496 102 1
copy 8781 3 158913789990 31850496 101 1
copy 8782 3 158913789990 31850496 102 1
copy 8783 3 158913789991 31850496 101 1
copy 8784 3 158913789991 31850496 102 1
copy 8785 3 158913789992 31850496 101 1
copy 8786 3 158913789992 31850496 102 1
copy 8787 3 158913789993 31850496 101 1
copy 8788 3 158913789993 31850496 102 1
copy 8789 3 158913789994 31850496 101 1
copy 8790 3 158913789994 31850496 102 1
copy 8791 3 158913789995 31850496 101 1
copy 8792 3 158913789995 31850496 102 1
copy 8793 3 158913789996 31850496 101 1
copy 8794 3 158913789996 31850496 102 1
copy 8795 3 158913789997 31850496 101 1
copy 8796 3 158913789997 31850496 102 1
copy 8797 3 158913789998 31850496 101 1
copy 8798 3 158913789998 31850496 102 1
copy 8799 3 158913789999 31850496 101 1
copy 8800 3 158913789999 31850496 102 1
copy 8801 3 158913790000 31850496 101 1
copy 8802 3 158913790000 31850496 102 1
copy 8803 3 158913790001 31850496 101 1
copy 8804 3 158913790001 31850496 102 1
copy 8805 3 158913790002 31850496 101 1
copy 8806 3 158913790002 31850496 102 1
copy 8807 3 158913790003 31850496 101 1
copy 8808 3 158913790003 31850496 102 1
copy 8809 3 158913790004 31850496 101 1
copy 8810 3 158913790004 31850496 102 1
copy 8811 3 158913790005 31850496 101 1
copy 8812 3 158913790005 31850496 102 1
copy 8813 3 158913790006 31850496 101 1
copy 8814 3 158913790006 31850496 102 1
copy 8815 3 158913790007 31850496 101 1
copy 8816 3 158913790007 31850496 102 1
copy 8817 3 158913790008 31850496 101 1
copy 8818 3 158913790008 31850496 102 1
copy 8819 3 158913790009 31850496 101 1
copy 8820 3 158913790009 31850496 102 1
copy 8821 3 158913790010 31850496 101 1
copy 8822 3 158913790010 31850496 102 1
copy 8823 3 158913790011 31850496 101 1
copy 8824 3 158913790011 31850496 102 1
copy 8825 3 158913790012 31850496 101 1
copy 8826 3 158913790012 31850496 102 1
copy 8827 3 158913790013 31850496 101 1
copy 8828 3 158913790013 31850496 102 1
copy 8829 3 158913790014 31850496 101 1
copy 8830 3 158913790014 31850496 102 1
copy 8831 3 158913790015 31850496 101 1
copy 8832 3 158913790015 31850496 102 1
copy 8833 3 158913790016 31850496 101 1
copy 8834 3 158913790016 31850496 102 1
copy 8835 3 158913790017 31850496 101 1
copy 8836 3 158913790017 31850496 102 1
copy 8837 3 158913790018 31850496 101 1
copy 8838 3 158913790018 31850496 102 1
copy 8839 3 158913790019 31850496 101 1
copy 8840 3 158913790019 31850496 102 1
copy 8841 3 158913790020 31850496 101 1
copy 8842 3 158913790020 31850496 102 1
copy 8843 3 158913790021 31850496 101 1
copy 8844 3 158913790021 31850496 102 1
copy 8845 3 158913790022 31850496 101 1
copy 8846 3 158913790022 31850496 102 1
copy 8847 3 158913790023 31850496 101 1
copy 8848 3 158913790023 31850496 102 1
copy 8849 3 158913790024 31850496 101 1
copy 8850 3 158913790024 31850496 102 1
copy 8851 3 158913790025 31850496 101 1
copy 8852 3 158913790025 31850496 102 1
copy 8853 3 158913790026 31850496 101 1
copy 8854 3 158913790026 31850496 102 1
copy 8855 3 158913790027 31850496 101 1
copy 8856 3 158913790027 31850496 102 1
copy 8857 3 158913790028 31850496 101 1
copy 8858 3 158913790028 31850496 102 1
copy 8859 3 158913790029 31850496 101 1
copy 8860 3 158913790029 31850496 102 1
copy 8861 3 158913790030 31850496 101 1
copy 8862 3 158913790030 31850496 102 1
copy 8863 3 158913790031 31850496 101 1
copy 8864 3 158913790031 31850496 102 1
copy 8865 3 158913790032 31850496 101 1
copy 8866 3 158913790032 31850496 102 1
copy 8867 3 158913790033 31850496 101 1
copy 8868 3 158913790033 31850496 102 1
copy 8869 3 158913790034 31850496 101 1
copy 8870 3 158913790034 31850496 102 1
copy 8871 3 158913790035 31850496 101 1
copy 8872 3 158913790035 31850496 102 1
copy 8873 3 158913790036 31850496 101 1
copy 8874 3 158913790036 31850496 102 1
copy 8875 3 158913790037 31850496 101 1
copy 8876 3 158913790037 31850496 102 1
copy 8877 3 158913790038 31850496 101 1
copy 8878 3 158913790038 31850496 102 1
copy 8879 3 158913790039 31850496 101 1
copy 8880 3 158913790039 31850496 102 1
copy 8881 3 158913790040 31850496 101 1
copy 8882 3 158913790040 31850496 102 1
copy 8883 3 158913790041 31850496 101 1
copy 8884 3 158913790041 31850496 102 1
copy 8885 3 158913790042 31850496 101 1
copy 8886 3 158913790042 31850496 102 1
copy 8887 3 158913790043 31850496 101 1
copy 8888 3 158913790043 31850496 102 1
copy 8889 3 158913790044 31850496 101 1
copy 8890 3 158913790044 31850496 102 1
copy 8891 3 158913790045 31850496 101 1
copy 8892 3 158913790045 31850496 102 1
copy 8893 3 158913790046 31850496 101 1
copy 8894 3 158913790046 31850496 102 1
copy 8895 3 158913790047 31850496 101 1
copy 8896 3 158913790047 31850496 102 1
copy 8897 3 158913790048 31850496 101 1
copy 8898 3 158913790048 31850496 102 1
copy 8899 3 158913790049 31850496 101 1
copy 8900 3 158913790049 31850496 102 1
copy 8901 3 158913790050 31850496 101 1
copy 8902 3 158913790050 31850496 102 1
copy 8903 3 158913790051 31850496 101 1
copy 8904 3 158913790051 31850496 102 1
copy 8905 3 158913790052 31850496 101 1
copy 8906 3 158913790052 31850496 102 1
copy 8907 3 158913790053 31850496 101 1
copy 8908 3 158913790053 31850496 102 1
copy 8909 3 158913790054 31850496 101 1
copy 8910 3 158913790054 31850496 102 1
copy 8911 3 158913790055 31850496 101 1
copy 8912 3 158913790055 31850496 102 1
copy 8913 3 158913790056 31850496 101 1
copy 8914 3 158913790056 31850496 102 1
copy 8915 3 158913790057 31850496 101 1
copy 8916 3 158913790057 31850496 102 1
copy 8917 3 158913790058 31850496 101 1
copy 8918 3 158913790058 31850496 102 1
copy 8919 3 158913790059 31850496 101 1
copy 8920 3 158913790059 31850496 102 1
copy 8921 3 158913790060 31850496 101 1
copy 8922 3 158913790060 31850496 102 1
copy 8923 3 158913790061 31850496 101 1
copy 8924 3 158913790061 31850496 102 1
copy 8925 3 158913790062 31850496 101 1
copy 8926 3 158913790062 31850496 102 1
copy 8927 3 158913790063 31850496 101 1
copy 8928 3 158913790063 31850496 102 1
copy 8929 3 158913790064 31850496 101 1
copy 8930 3 158913790064 31850496 102 1
copy 8931 3 158913790065 31850496 101 1
copy 8932 3 158913790065 31850496 102 1
copy 8933 3 158913790066 31850496 101 1
copy 8934 3 158913790066 31850496 102 1
copy 8935 3 158913790067 31850496 101 1
copy 8936 3 158913790067 31850496 102 1
copy 8937 3 158913790068 31850496 101 1
copy 8938 3 158913790068 31850496 102 1
copy 8939 3 158913790069 31850496 101 1
copy 8940 3 158913790069 31850496 102 1
copy 8941 3 158913790070 31850496 101 1
copy 8942 3 158913790070 31850496 102 1
copy 8943 3 158913790071 31850496 101 1
copy 8944 3 158913790071 31850496 102 1
copy 8945 3 158913790072 31850496 101 1
copy 8946 3 158913790072 31850496 102 1
copy 8947 3 158913790073 31850496 101 1
copy 8948 3 158913790073 31850496 102 1
copy 8949 3 158913790074 31850496 101 1
copy 8950 3 158913790074 31850496 102 1
copy 8951 3 158913790075 31850496 101 1
copy 8952 3 158913790075 31850496 102 1
copy 8953 3 158913790076 31850496 101 1
copy 8954 3 158913790076 31850496 102 1
copy 8955 3 158913790077 31850496 101 1
copy 8956 3 158913790077 31850496 102 1
copy 8957 3 158913790078 31850496 101 1
copy 8958 3 158913790078 31850496 102 1
copy 8959 3 158913790079 31850496 101 1
copy 8960 3 158913790079 31850496 102 1
copy 8961 3 163208757248 31850496 101 1
copy 8962 3 163208757248 31850496 102 1
copy 8963 3 163208757249 31850496 101 1
copy 8964 3 163208757249 31850496 102 1
copy 8965 3 163208757250 31850496 101 1
copy 8966 3 163208757250 31850496 102 1
copy 8967 3 163208757251 31850496 101 1
copy 8968 3 163208757251 31850496 102 1
copy 8969 3 163208757252 31850496 101 1
copy 8970 3 163208757252 31850496 102 1
copy 8971 3 163208757253 31850496 101 1
copy 8972 3 163208757253 31850496 102 1
copy 8973 3 163208757254 31850496 101 1
copy 8974 3 163208757254 31850496 102 1
copy 8975 3 163208757255 31850496 101 1
copy 8976 3 163208757255 31850496 102 1
copy 8977 3 163208757256 31850496 101 1
copy 8978 3 163208757256 31850496 102 1
copy 8979 3 163208757257 31850496 101 1
copy 8980 3 163208757257 31850496 102 1
copy 8981 3 163208757258 31850496 101 1
copy 8982 3 163208757258 31850496 102 1
copy 8983 3 163208757259 31850496 101 1
copy 8984 3 163208757259 31850496 102 1
copy 8985 3 163208757260 31850496 101 1
copy 8986 3 163208757260 31850496 102 1
copy 8987 3 163208757261 31850496 101 1
copy 8988 3 163208757261 31850496 102 1
copy 8989 3 163208757262 31850496 101 1
copy 8990 3 163208757262 31850496 102 1
copy 8991 3 163208757263 31850496 101 1
copy 8992 3 163208757263 31850496 102 1
copy 8993 3 163208757264 31850496 101 1
copy 8994 3 163208757264 31850496 102 1
copy 8995 3 163208757265 31850496 101 1
copy 8996 3 163208757265 31850496 102 1
copy 8997 3 163208757266 31850496 101 1
copy 8998 3 163208757266 31850496 102 1
copy 8999 3 163208757267 31850496 101 1
copy 9000 3 163208757267 31850496 102 1
copy 9001 3 163208757268 31850496 101 1
copy 9002 3 163208757268 31850496 102 1
copy 9003 3 163208757269 31850496 101 1
copy 9004 3 163208757269 31850496 102 1
copy 9005 3 163208757270 31850496 101 1
copy 9006 3 163208757270 31850496 102 1
copy 9007 3 163208757271 31850496 101 1
copy 9008 3 163208757271 31850496 102 1
copy 9009 3 163208757272 31850496 101 1
copy 9010 3 163208757272 31850496 102 1
copy 9011 3 163208757273 31850496 101 1
copy 9012 3 163208757273 31850496 102 1
copy 9013 3 163208757274 31850496 101 1
copy 9014 3 163208757274 31850496 102 1
copy 9015 3 163208757275 31850496 101 1
copy 9016 3 163208757275 31850496 102 1
copy 9017 3 163208757276 31850496 101 1
copy 9018 3 163208757276 31850496 102 1
copy 9019 3 163208757277 31850496 101 1
copy 9020 3 163208757277 31850496 102 1
copy 9021 3 163208757278 31850496 101 1
copy 9022 3 163208757278 31850496 102 1
copy 9023 3 163208757279 31850496 101 1
copy 9024 3 163208757279 31850496 102 1
copy 9025 3 163208757280 31850496 101 1
copy 9026 3 163208757280 31850496 102 1
copy 9027 3 163208757281 31850496 101 1
copy 9028 3 163208757281 31850496 102 1
copy 9029 3 163208757282 31850496 101 1
copy 9030 3 163208757282 31850496 102 1
copy 9031 3 163208757283 31850496 101 1
copy 9032 3 163208757283 31850496 102 1
copy 9033 3 163208757284 31850496 101 1
copy 9034 3 163208757284 31850496 102 1
copy 9035 3 163208757285 31850496 101 1
copy 9036 3 163208757285 31850496 102 1
copy 9037 3 163208757286 31850496 101 1
copy 9038 3 163208757286 31850496 102 1
copy 9039 3 163208757287 31850496 101 1
copy 9040 3 163208757287 31850496 102 1
copy 9041 3 163208757288 31850496 101 1
copy 9042 3 163208757288 31850496 102 1
copy 9043 3 163208757289 31850496 101 1
copy 9044 3 163208757289 31850496 102 1
copy 9045 3 163208757290 31850496 101 1
copy 9046 3 163208757290 31850496 102 1
copy 9047 3 163208757291 31850496 101 1
copy 9048 3 163208757291 31850496 102 1
copy 9049 3 163208757292 31850496 101 1
copy 9050 3 163208757292 31850496 102 1
copy 9051 3 163208757293 31850496 101 1
copy 9052 3 163208757293 31850496 102 1
copy 9053 3 163208757294 31850496 101 1
copy 9054 3 163208757294 31850496 102 1
copy 9055 3 163208757295 31850496 101 1
copy 9056 3 163208757295 31850496 102 1
copy 9057 3 163208757296 31850496 101 1
copy 9058 3 163208757296 31850496 102 1
copy 9059 3 163208757297 31850496 101 1
copy 9060 3 163208757297 31850496 102 1
copy 9061 3 163208757298 31850496 101 1
copy 9062 3 163208757298 31850496 102 1
copy 9063 3 163208757299 31850496 101 1
copy 9064 3 163208757299 31850496 102 1
copy 9065 3 163208757300 31850496 101 1
copy 9066 3 163208757300 31850496 102 1
copy 9067 3 163208757301 31850496 101 1
copy 9068 3 163208757301 31850496 102 1
copy 9069 3 163208757302 31850496 101 1
copy 9070 3 163208757302 31850496 102 1
copy 9071 3 163208757303 31850496 101 1
copy 9072 3 163208757303 31850496 102 1
copy 9073 3 163208757304 31850496 101 1
copy 9074 3 163208757304 31850496 102 1
copy 9075 3 163208757305 31850496 101 1
copy 9076 3 163208757305 31850496 102 1
copy 9077 3 163208757306 31850496 101 1
copy 9078 3 163208757306 31850496 102 1
copy 9079 3 163208757307 31850496 101 1
copy 9080 3 163208757307 31850496 102 1
copy 9081 3 163208757308 31850496 101 1
copy 9082 3 163208757308 31850496 102 1
copy 9083 3 163208757309 31850496 101 1
copy 9084 3 163208757309 31850496 102 1
copy 9085 3 163208757310 31850496 101 1
copy 9086 3 163208757310 31850496 102 1
copy 9087 3 163208757311 31850496 101 1
copy 9088 3 163208757311 31850496 102 1
copy 9089 3 163208757312 31850496 101 1
copy 9090 3 163208757312 31850496 102 1
copy 9091 3 163208757313 31850496 101 1
copy 9092 3 163208757313 31850496 102 1
copy 9093 3 163208757314 31850496 101 1
copy 9094 3 163208757314 31850496 102 1
copy 9095 3 163208757315 31850496 101 1
copy 9096 3 163208757315 31850496 102 1
copy 9097 3 163208757316 31850496 101 1
copy 9098 3 163208757316 31850496 102 1
copy 9099 3 163208757317 31850496 101 1
copy 9100 3 163208757317 31850496 102 1
copy 9101 3 163208757318 31850496 101 1
copy 9102 3 163208757318 31850496 102 1
copy 9103 3 163208757319 31850496 101 1
copy 9104 3 163208757319 31850496 102 1
copy 9105 3 163208757320 31850496 101 1
copy 9106 3 163208757320 31850496 102 1
copy 9107 3 163208757321 31850496 101 1
copy 9108 3 163208757321 31850496 102 1
copy 9109 3 163208757322 31850496 101 1
copy 9110 3 163208757322 31850496 102 1
copy 9111 3 163208757323 31850496 101 1
copy 9112 3 163208757323 31850496 102 1
copy 9113 3 163208757324 31850496 101 1
copy 9114 3 163208757324 31850496 102 1
copy 9115 3 163208757325 31850496 101 1
copy 9116 3 163208757325 31850496 102 1
copy 9117 3 163208757326 31850496 101 1
copy 9118 3 163208757326 31850496 102 1
copy 9119 3 163208757327 31850496 101 1
copy 9120 3 163208757327 31850496 102 1
copy 9121 3 163208757328 31850496 101 1
copy 9122 3 163208757328 31850496 102 1
copy 9123 3 163208757329 31850496 101 1
copy 9124 3 163208757329 31850496 102 1
copy 9125 3 163208757330 31850496 101 1
copy 9126 3 163208757330 31850496 102 1
copy 9127 3 163208757331 31850496 101 1
copy 9128 3 163208757331 31850496 102 1
copy 9129 3 163208757332 31850496 101 1
copy 9130 3 163208757332 31850496 102 1
copy 9131 3 163208757333 31850496 101 1
copy 9132 3 163208757333 31850496 102 1
copy 9133 3 163208757334 31850496 101 1
copy 9134 3 163208757334 31850496 102 1
copy 9135 3 163208757335 31850496 101 1
copy 9136 3 163208757335 31850496 102 1
copy 9137 3 163208757336 31850496 101 1
copy 9138 3 163208757336 31850496 102 1
copy 9139 3 163208757337 31850496 101 1
copy 9140 3 163208757337 31850496 102 1
copy 9141 3 163208757338 31850496 101 1
copy 9142 3 163208757338 31850496 102 1
copy 9143 3 163208757339 31850496 101 1
copy 9144 3 163208757339 31850496 102 1
copy 9145 3 163208757340 31850496 101 1
copy 9146 3 163208757340 31850496 102 1
copy 9147 3 163208757341 31850496 101 1
copy 9148 3 163208757341 31850496 102 1
copy 9149 3 163208757342 31850496 101 1
copy 9150 3 163208757342 31850496 102 1
copy 9151 3 163208757343 31850496 101 1
copy 9152 3 163208757343 31850496 102 1
copy 9153 3 163208757344 31850496 101 1
copy 9154 3 163208757344 31850496 102 1
copy 9155 3 163208757345 31850496 101 1
copy 9156 3 163208757345 31850496 102 1
copy 9157 3 163208757346 31850496 101 1
copy 9158 3 163208757346 31850496 102 1
copy 9159 3 163208757347 31850496 101 1
copy 9160 3 163208757347 31850496 102 1
copy 9161 3 163208757348 31850496 101 1
copy 9162 3 163208757348 31850496 102 1
copy 9163 3 163208757349 31850496 101 1
copy 9164 3 163208757349 31850496 102 1
copy 9165 3 163208757350 31850496 101 1
copy 9166 3 163208757350 31850496 102 1
copy 9167 3 163208757351 31850496 101 1
copy 9168 3 163208757351 31850496 102 1
copy 9169 3 163208757352 31850496 101 1
copy 9170 3 163208757352 31850496 102 1
copy 9171 3 163208757353 31850496 101 1
copy 9172 3 163208757353 31850496 102 1
copy 9173 3 163208757354 31850496 101 1
copy 9174 3 163208757354 31850496 102 1
copy 9175 3 163208757355 31850496 101 1
copy 9176 3 163208757355 31850496 102 1
copy 9177 3 163208757356 31850496 101 1
copy 9178 3 163208757356 31850496 102 1
copy 9179 3 163208757357 31850496 101 1
copy 9180 3 163208757357 31850496 102 1
copy 9181 3 163208757358 31850496 101 1
copy 9182 3 163208757358 31850496 102 1
copy 9183 3 163208757359 31850496 101 1
copy 9184 3 163208757359 31850496 102 1
copy 9185 3 163208757360 31850496 101 1
copy 9186 3 163208757360 31850496 102 1
copy 9187 3 163208757361 31850496 101 1
copy 9188 3 163208757361 31850496 102 1
copy 9189 3 163208757362 31850496 101 1
copy 9190 3 163208757362 31850496 102 1
copy 9191 3 163208757363 31850496 101 1
copy 9192 3 163208757363 31850496 102 1
copy 9193 3 163208757364 31850496 101 1
copy 9194 3 163208757364 31850496 102 1
copy 9195 3 163208757365 31850496 101 1
copy 9196 3 163208757365 31850496 102 1
copy 9197 3 163208757366 31850496 101 1
copy 9198 3 163208757366 31850496 102 1
copy 9199 3 163208757367 31850496 101 1
copy 9200 3 163208757367 31850496 102 1
copy 9201 3 163208757368 31850496 101 1
copy 9202 3 163208757368 31850496 102 1
copy 9203 3 163208757369 31850496 101 1
copy 9204 3 163208757369 31850496 102 1
copy 9205 3 163208757370 31850496 101 1
copy 9206 3 163208757370 31850496 102 1
copy 9207 3 163208757371 31850496 101 1
copy 9208 3 163208757371 31850496 102 1
copy 9209 3 163208757372 31850496 101 1
copy 9210 3 163208757372 31850496 102 1
copy 9211 3 163208757373 31850496 101 1
copy 9212 3 163208757373 31850496 102 1
copy 9213 3 163208757374 31850496 101 1
copy 9214 3 163208757374 31850496 102 1
copy 9215 3 163208757375 31850496 101 1
copy 9216 3 163208757375 31850496 102 1
copy 9217 3 167503724544 31850496 101 1
copy 9218 3 167503724544 31850496 102 1
copy 9219 3 167503724545 31850496 101 1
copy 9220 3 167503724545 31850496 102 1
copy 9221 3 167503724546 31850496 101 1
copy 9222 3 167503724546 31850496 102 1
copy 9223 3 167503724547 31850496 101 1
copy 9224 3 167503724547 31850496 102 1
copy 9225 3 167503724548 31850496 101 1
copy 9226 3 167503724548 31850496 102 1
copy 9227 3 167503724549 31850496 101 1
copy 9228 3 167503724549 31850496 102 1
copy 9229 3 167503724550 31850496 101 1
copy 9230 3 167503724550 31850496 102 1
copy 9231 3 167503724551 31850496 101 1
copy 9232 3 167503724551 31850496 102 1
copy 9233 3 167503724552 31850496 101 1
copy 9234 3 167503724552 31850496 102 1
copy 9235 3 167503724553 31850496 101 1
copy 9236 3 167503724553 31850496 102 1
copy 9237 3 167503724554 31850496 101 1
copy 9238 3 167503724554 31850496 102 1
copy 9239 3 167503724555 31850496 101 1
copy 9240 3 167503724555 31850496 102 1
copy 9241 3 167503724556 31850496 101 1
copy 9242 3 167503724556 31850496 102 1
copy 9243 3 167503724557 31850496 101 1
copy 9244 3 167503724557 31850496 102 1
copy 9245 3 167503724558 31850496 101 1
copy 9246 3 167503724558 31850496 102 1
copy 9247 3 167503724559 31850496 101 1
copy 9248 3 167503724559 31850496 102 1
copy 9249 3 167503724560 31850496 101 1
copy 9250 3 167503724560 31850496 102 1
copy 9251 3 167503724561 31850496 101 1
copy 9252 3 167503724561 31850496 102 1
copy 9253 3 167503724562 31850496 101 1
copy 9254 3 167503724562 31850496 102 1
copy 9255 3 167503724563 31850496 101 1
copy 9256 3 167503724563 31850496 102 1
copy 9257 3 167503724564 31850496 101 1
copy 9258 3 167503724564 31850496 102 1
copy 9259 3 167503724565 31850496 101 1
copy 9260 3 167503724565 31850496 102 1
copy 9261 3 167503724566 31850496 101 1
copy 9262 3 167503724566 31850496 102 1
copy 9263 3 167503724567 31850496 101 1
copy 9264 3 167503724567 31850496 102 1
copy 9265 3 167503724568 31850496 101 1
copy 9266 3 167503724568 31850496 102 1
copy 9267 3 167503724569 31850496 101 1
copy 9268 3 167503724569 31850496 102 1
copy 9269 3 167503724570 31850496 101 1
copy 9270 3 167503724570 31850496 102 1
copy 9271 3 167503724571 31850496 101 1
copy 9272 3 167503724571 31850496 102 1
copy 9273 3 167503724572 31850496 101 1
copy 9274 3 167503724572 31850496 102 1
copy 9275 3 167503724573 31850496 101 1
copy 9276 3 167503724573 31850496 102 1
copy 9277 3 167503724574 31850496 101 1
copy 9278 3 167503724574 31850496 102 1
copy 9279 3 167503724575 31850496 101 1
copy 9280 3 167503724575 31850496 102 1
copy 9281 3 167503724576 31850496 101 1
copy 9282 3 167503724576 31850496 102 1
copy 9283 3 167503724577 31850496 101 1
copy 9284 3 167503724577 31850496 102 1
copy 9285 3 167503724578 31850496 101 1
copy 9286 3 167503724578 31850496 102 1
copy 9287 3 167503724579 31850496 101 1
copy 9288 3 167503724579 31850496 102 1
copy 9289 3 167503724580 31850496 101 1
copy 9290 3 167503724580 31850496 102 1
copy 9291 3 167503724581 31850496 101 1
copy 9292 3 167503724581 31850496 102 1
copy 9293 3 167503724582 31850496 101 1
copy 9294 3 167503724582 31850496 102 1
copy 9295 3 167503724583 31850496 101 1
copy 9296 3 167503724583 31850496 102 1
copy 9297 3 167503724584 31850496 101 1
copy 9298 3 167503724584 31850496 102 1
copy 9299 3 167503724585 31850496 101 1
copy 9300 3 167503724585 31850496 102 1
copy 9301 3 167503724586 31850496 101 1
copy 9302 3 167503724586 31850496 102 1
copy 9303 3 167503724587 31850496 101 1
copy 9304 3 167503724587 31850496 102 1
copy 9305 3 167503724588 31850496 101 1
copy 9306 3 167503724588 31850496 102 1
copy 9307 3 167503724589 31850496 101 1
copy 9308 3 167503724589 31850496 102 1
copy 9309 3 167503724590 31850496 101 1
copy 9310 3 167503724590 31850496 102 1
copy 9311 3 167503724591 31850496 101 1
copy 9312 3 167503724591 31850496 102 1
copy 9313 3 167503724592 31850496 101 1
copy 9314 3 167503724592 31850496 102 1
copy 9315 3 167503724593 31850496 101 1
copy 9316 3 167503724593 31850496 102 1
copy 9317 3 167503724594 31850496 101 1
copy 9318 3 167503724594 31850496 102 1
copy 9319 3 167503724595 31850496 101 1
copy 9320 3 167503724595 31850496 102 1
copy 9321 3 167503724596 31850496 101 1
copy 9322 3 167503724596 31850496 102 1
copy 9323 3 167503724597 31850496 101 1
copy 9324 3 167503724597 31850496 102 1
copy 9325 3 167503724598 31850496 101 1
copy 9326 3 167503724598 31850496 102 1
copy 9327 3 167503724599 31850496 101 1
copy 9328 3 167503724599 31850496 102 1
copy 9329 3 167503724600 31850496 101 1
copy 9330 3 167503724600 31850496 102 1
copy 9331 3 167503724601 31850496 101 1
copy 9332 3 167503724601 31850496 102 1
copy 9333 3 167503724602 31850496 101 1
copy 9334 3 167503724602 31850496 102 1
copy 9335 3 167503724603 31850496 101 1
copy 9336 3 167503724603 31850496 102 1
copy 9337 3 167503724604 31850496 101 1
copy 9338 3 167503724604 31850496 102 1
copy 9339 3 167503724605 31850496 101 1
copy 9340 3 167503724605 31850496 102 1
copy 9341 3 167503724606 31850496 101 1
copy 9342 3 167503724606 31850496 102 1
copy 9343 3 167503724607 31850496 101 1
copy 9344 3 167503724607 31850496 102 1
copy 9345 3 167503724608 31850496 101 1
copy 9346 3 167503724608 31850496 102 1
copy 9347 3 167503724609 31850496 101 1
copy 9348 3 167503724609 31850496 102 1
copy 9349 3 167503724610 31850496 101 1
copy 9350 3 167503724610 31850496 102 1
copy 9351 3 167503724611 31850496 101 1
copy 9352 3 167503724611 31850496 102 1
copy 9353 3 167503724612 31850496 101 1
copy 9354 3 167503724612 31850496 102 1
copy 9355 3 167503724613 31850496 101 1
copy 9356 3 167503724613 31850496 102 1
copy 9357 3 167503724614 31850496 101 1
copy 9358 3 167503724614 31850496 102 1
copy 9359 3 167503724615 31850496 101 1
copy 9360 3 167503724615 31850496 102 1
copy 9361 3 167503724616 31850496 101 1
copy 9362 3 167503724616 31850496 102 1
copy 9363 3 167503724617 31850496 101 1
copy 9364 3 167503724617 31850496 102 1
copy 9365 3 167503724618 31850496 101 1
copy 9366 3 167503724618 31850496 102 1
copy 9367 3 167503724619 31850496 101 1
copy 9368 3 167503724619 31850496 102 1
copy 9369 3 167503724620 31850496 101 1
copy 9370 3 167503724620 31850496 102 1
copy 9371 3 167503724621 31850496 101 1
copy 9372 3 167503724621 31850496 102 1
copy 9373 3 167503724622 31850496 101 1
copy 9374 3 167503724622 31850496 102 1
copy 9375 3 167503724623 31850496 101 1
copy 9376 3 167503724623 31850496 102 1
copy 9377 3 167503724624 31850496 101 1
copy 9378 3 167503724624 31850496 102 1
copy 9379 3 167503724625 31850496 101 1
copy 9380 3 167503724625 31850496 102 1
copy 9381 3 167503724626 31850496 101 1
copy 9382 3 167503724626 31850496 102 1
copy 9383 3 167503724627 31850496 101 1
copy 9384 3 167503724627 31850496 102 1
copy 9385 3 167503724628 31850496 101 1
copy 9386 3 167503724628 31850496 102 1
copy 9387 3 167503724629 31850496 101 1
copy 9388 3 167503724629 31850496 102 1
copy 9389 3 167503724630 31850496 101 1
copy 9390 3 167503724630 31850496 102 1
copy 9391 3 167503724631 31850496 101 1
copy 9392 3 167503724631 31850496 102 1
copy 9393 3 167503724632 31850496 101 1
copy 9394 3 167503724632 31850496 102 1
copy 9395 3 167503724633 31850496 101 1
copy 9396 3 167503724633 31850496 102 1
copy 9397 3 167503724634 31850496 101 1
copy 9398 3 167503724634 31850496 102 1
copy 9399 3 167503724635 31850496 101 1
copy 9400 3 167503724635 31850496 102 1
copy 9401 3 167503724636 31850496 101 1
copy 9402 3 167503724636 31850496 102 1
copy 9403 3 167503724637 31850496 101 1
copy 9404 3 167503724637 31850496 102 1
copy 9405 3 167503724638 31850496 101 1
copy 9406 3 167503724638 31850496 102 1
copy 9407 3 167503724639 31850496 101 1
copy 9408 3 167503724639 31850496 102 1
copy 9409 3 167503724640 31850496 101 1
copy 9410 3 167503724640 31850496 102 1
copy 9411 3 167503724641 31850496 101 1
copy 9412 3 167503724641 31850496 102 1
copy 9413 3 167503724642 31850496 101 1
copy 9414 3 167503724642 31850496 102 1
copy 9415 3 167503724643 31850496 101 1
copy 9416 3 167503724643 31850496 102 1
copy 9417 3 167503724644 31850496 101 1
copy 9418 3 167503724644 31850496 102 1
copy 9419 3 167503724645 31850496 101 1
copy 9420 3 167503724645 31850496 102 1
copy 9421 3 167503724646 31850496 101 1
copy 9422 3 167503724646 31850496 102 1
copy 9423 3 167503724647 31850496 101 1
copy 9424 3 167503724647 31850496 102 1
copy 9425 3 167503724648 31850496 101 1
copy 9426 3 167503724648 31850496 102 1
copy 9427 3 167503724649 31850496 101 1
copy 9428 3 167503724649 31850496 102 1
copy 9429 3 167503724650 31850496 101 1
copy 9430 3 167503724650 31850496 102 1
copy 9431 3 167503724651 31850496 101 1
copy 9432 3 167503724651 31850496 102 1
copy 9433 3 167503724652 31850496 101 1
copy 9434 3 167503724652 31850496 102 1
copy 9435 3 167503724653 31850496 101 1
copy 9436 3 167503724653 31850496 102 1
copy 9437 3 167503724654 31850496 101 1
copy 9438 3 167503724654 31850496 102 1
copy 9439 3 167503724655 31850496 101 1
copy 9440 3 167503724655 31850496 102 1
copy 9441 3 167503724656 31850496 101 1
copy 9442 3 167503724656 31850496 102 1
copy 9443 3 167503724657 31850496 101 1
copy 9444 3 167503724657 31850496 102 1
copy 9445 3 167503724658 31850496 101 1
copy 9446 3 167503724658 31850496 102 1
copy 9447 3 167503724659 31850496 101 1
copy 9448 3 167503724659 31850496 102 1
copy 9449 3 167503724660 31850496 101 1
copy 9450 3 167503724660 31850496 102 1
copy 9451 3 167503724661 31850496 101 1
copy 9452 3 167503724661 31850496 102 1
copy 9453 3 167503724662 31850496 101 1
copy 9454 3 167503724662 31850496 102 1
copy 9455 3 167503724663 31850496 101 1
copy 9456 3 167503724663 31850496 102 1
copy 9457 3 167503724664 31850496 101 1
copy 9458 3 167503724664 31850496 102 1
copy 9459 3 167503724665 31850496 101 1
copy 9460 3 167503724665 31850496 102 1
copy 9461 3 167503724666 31850496 101 1
copy 9462 3 167503724666 31850496 102 1
copy 9463 3 167503724667 31850496 101 1
copy 9464 3 167503724667 31850496 102 1
copy 9465 3 167503724668 31850496 101 1
copy 9466 3 167503724668 31850496 102 1
copy 9467 3 167503724669 31850496 101 1
copy 9468 3 167503724669 31850496 102 1
copy 9469 3 167503724670 31850496 101 1
copy 9470 3 167503724670 31850496 102 1
copy 9471 3 167503724671 31850496 101 1
copy 9472 3 167503724671 31850496 102 1
copy 9473 3 171798691840 31850496 101 1
copy 9474 3 171798691840 31850496 102 1
copy 9475 3 171798691841 31850496 101 1
copy 9476 3 171798691841 31850496 102 1
copy 9477 3 171798691842 31850496 101 1
copy 9478 3 171798691842 31850496 102 1
copy 9479 3 171798691843 31850496 101 1
copy 9480 3 171798691843 31850496 102 1
copy 9481 3 171798691844 31850496 101 1
copy 9482 3 171798691844 31850496 102 1
copy 9483 3 171798691845 31850496 101 1
copy 9484 3 171798691845 31850496 102 1
copy 9485 3 171798691846 31850496 101 1
copy 9486 3 171798691846 31850496 102 1
copy 9487 3 171798691847 31850496 101 1
copy 9488 3 171798691847 31850496 102 1
copy 9489 3 171798691848 31850496 101 1
copy 9490 3 171798691848 31850496 102 1
copy 9491 3 171798691849 31850496 101 1
copy 9492 3 171798691849 31850496 102 1
copy 9493 3 171798691850 31850496 101 1
copy 9494 3 171798691850 31850496 102 1
copy 9495 3 171798691851 31850496 101 1
copy 9496 3 171798691851 31850496 102 1
copy 9497 3 171798691852 31850496 101 1
copy 9498 3 171798691852 31850496 102 1
copy 9499 3 171798691853 31850496 101 1
copy 9500 3 171798691853 31850496 102 1
copy 9501 3 171798691854 31850496 101 1
copy 9502 3 171798691854 31850496 102 1
copy 9503 3 171798691855 31850496 101 1
copy 9504 3 171798691855 31850496 102 1
copy 9505 3 171798691856 31850496 101 1
copy 9506 3 171798691856 31850496 102 1
copy 9507 3 171798691857 31850496 101 1
copy 9508 3 171798691857 31850496 102 1
copy 9509 3 171798691858 31850496 101 1
copy 9510 3 171798691858 31850496 102 1
copy 9511 3 171798691859 31850496 101 1
copy 9512 3 171798691859 31850496 102 1
copy 9513 3 171798691860 31850496 101 1
copy 9514 3 171798691860 31850496 102 1
copy 9515 3 171798691861 31850496 101 1
copy 9516 3 171798691861 31850496 102 1
copy 9517 3 171798691862 31850496 101 1
copy 9518 3 171798691862 31850496 102 1
copy 9519 3 171798691863 31850496 101 1
copy 9520 3 171798691863 31850496 102 1
copy 9521 3 171798691864 31850496 101 1
copy 9522 3 171798691864 31850496 102 1
copy 9523 3 171798691865 31850496 101 1
copy 9524 3 171798691865 31850496 102 1
copy 9525 3 171798691866 31850496 101 1
copy 9526 3 171798691866 31850496 102 1
copy 9527 3 171798691867 31850496 101 1
copy 9528 3 171798691867 31850496 102 1
copy 9529 3 171798691868 31850496 101 1
copy 9530 3 171798691868 31850496 102 1
copy 9531 3 171798691869 31850496 101 1
copy 9532 3 171798691869 31850496 102 1
copy 9533 3 171798691870 31850496 101 1
copy 9534 3 171798691870 31850496 102 1
copy 9535 3 171798691871 31850496 101 1
copy 9536 3 171798691871 31850496 102 1
copy 9537 3 171798691872 31850496 101 1
copy 9538 3 171798691872 31850496 102 1
copy 9539 3 171798691873 31850496 101 1
copy 9540 3 171798691873 31850496 102 1
copy 9541 3 171798691874 31850496 101 1
copy 9542 3 171798691874 31850496 102 1
copy 9543 3 171798691875 31850496 101 1
copy 9544 3 171798691875 31850496 102 1
copy 9545 3 171798691876 31850496 101 1
copy 9546 3 171798691876 31850496 102 1
copy 9547 3 171798691877 31850496 101 1
copy 9548 3 171798691877 31850496 102 1
copy 9549 3 171798691878 31850496 101 1
copy 9550 3 171798691878 31850496 102 1
copy 9551 3 171798691879 31850496 101 1
copy 9552 3 171798691879 31850496 102 1
copy 9553 3 171798691880 31850496 101 1
copy 9554 3 171798691880 31850496 102 1
copy 9555 3 171798691881 31850496 101 1
copy 9556 3 171798691881 31850496 102 1
copy 9557 3 171798691882 31850496 101 1
copy 9558 3 171798691882 31850496 102 1
copy 9559 3 171798691883 31850496 101 1
copy 9560 3 171798691883 31850496 102 1
copy 9561 3 171798691884 31850496 101 1
copy 9562 3 171798691884 31850496 102 1
copy 9563 3 171798691885 31850496 101 1
copy 9564 3 171798691885 31850496 102 1
copy 9565 3 171798691886 31850496 101 1
copy 9566 3 171798691886 31850496 102 1
copy 9567 3 171798691887 31850496 101 1
copy 9568 3 171798691887 31850496 102 1
copy 9569 3 171798691888 31850496 101 1
copy 9570 3 171798691888 31850496 102 1
copy 9571 3 171798691889 31850496 101 1
copy 9572 3 171798691889 31850496 102 1
copy 9573 3 171798691890 31850496 101 1
copy 9574 3 171798691890 31850496 102 1
copy 9575 3 171798691891 31850496 101 1
copy 9576 3 171798691891 31850496 102 1
copy 9577 3 171798691892 31850496 101 1
copy 9578 3 171798691892 31850496 102 1
copy 9579 3 171798691893 31850496 101 1
copy 9580 3 171798691893 31850496 102 1
copy 9581 3 171798691894 31850496 101 1
copy 9582 3 171798691894 31850496 102 1
copy 9583 3 171798691895 31850496 101 1
copy 9584 3 171798691895 31850496 102 1
copy 9585 3 171798691896 31850496 101 1
copy 9586 3 171798691896 31850496 102 1
copy 9587 3 171798691897 31850496 101 1
copy 9588 3 171798691897 31850496 102 1
copy 9589 3 171798691898 31850496 101 1
copy 9590 3 171798691898 31850496 102 1
copy 9591 3 171798691899 31850496 101 1
copy 9592 3 171798691899 31850496 102 1
copy 9593 3 171798691900 31850496 101 1
copy 9594 3 171798691900 31850496 102 1
copy 9595 3 171798691901 31850496 101 1
copy 9596 3 171798691901 31850496 102 1
copy 9597 3 171798691902 31850496 101 1
copy 9598 3 171798691902 31850496 102 1
copy 9599 3 171798691903 31850496 101 1
copy 9600 3 171798691903 31850496 102 1
copy 9601 3 171798691904 31850496 101 1
copy 9602 3 171798691904 31850496 102 1
copy 9603 3 171798691905 31850496 101 1
copy 9604 3 171798691905 31850496 102 1
copy 9605 3 171798691906 31850496 101 1
copy 9606 3 171798691906 31850496 102 1
copy 9607 3 171798691907 31850496 101 1
copy 9608 3 171798691907 31850496 102 1
copy 9609 3 171798691908 31850496 101 1
copy 9610 3 171798691908 31850496 102 1
copy 9611 3 171798691909 31850496 101 1
copy 9612 3 171798691909 31850496 102 1
copy 9613 3 171798691910 31850496 101 1
copy 9614 3 171798691910 31850496 102 1
copy 9615 3 171798691911 31850496 101 1
copy 9616 3 171798691911 31850496 102 1
copy 9617 3 171798691912 31850496 101 1
copy 9618 3 171798691912 31850496 102 1
copy 9619 3 171798691913 31850496 101 1
copy 9620 3 171798691913 31850496 102 1
copy 9621 3 171798691914 31850496 101 1
copy 9622 3 171798691914 31850496 102 1
copy 9623 3 171798691915 31850496 101 1
copy 9624 3 171798691915 31850496 102 1
copy 9625 3 171798691916 31850496 101 1
copy 9626 3 171798691916 31850496 102 1
copy 9627 3 171798691917 31850496 101 1
copy 9628 3 171798691917 31850496 102 1
copy 9629 3 171798691918 31850496 101 1
copy 9630 3 171798691918 31850496 102 1
copy 9631 3 171798691919 31850496 101 1
copy 9632 3 171798691919 31850496 102 1
copy 9633 3 171798691920 31850496 101 1
copy 9634 3 171798691920 31850496 102 1
copy 9635 3 171798691921 31850496 101 1
copy 9636 3 171798691921 31850496 102 1
copy 9637 3 171798691922 31850496 101 1
copy 9638 3 171798691922 31850496 102 1
copy 9639 3 171798691923 31850496 101 1
copy 9640 3 171798691923 31850496 102 1
copy 9641 3 171798691924 31850496 101 1
copy 9642 3 171798691924 31850496 102 1
copy 9643 3 171798691925 31850496 101 1
copy 9644 3 171798691925 31850496 102 1
copy 9645 3 171798691926 31850496 101 1
copy 9646 3 171798691926 31850496 102 1
copy 9647 3 171798691927 31850496 101 1
copy 9648 3 171798691927 31850496 102 1
copy 9649 3 171798691928 31850496 101 1
copy 9650 3 171798691928 31850496 102 1
copy 9651 3 171798691929 31850496 101 1
copy 9652 3 171798691929 31850496 102 1
copy 9653 3 171798691930 31850496 101 1
copy 9654 3 171798691930 31850496 102 1
copy 9655 3 171798691931 31850496 101 1
copy 9656 3 171798691931 31850496 102 1
copy 9657 3 171798691932 31850496 101 1
copy 9658 3 171798691932 31850496 102 1
copy 9659 3 171798691933 31850496 101 1
copy 9660 3 171798691933 31850496 102 1
copy 9661 3 171798691934 31850496 101 1
copy 9662 3 171798691934 31850496 102 1
copy 9663 3 171798691935 31850496 101 1
copy 9664 3 171798691935 31850496 102 1
copy 9665 3 171798691936 31850496 101 1
copy 9666 3 171798691936 31850496 102 1
copy 9667 3 171798691937 31850496 101 1
copy 9668 3 171798691937 31850496 102 1
copy 9669 3 171798691938 31850496 101 1
copy 9670 3 171798691938 31850496 102 1
copy 9671 3 171798691939 31850496 101 1
copy 9672 3 171798691939 31850496 102 1
copy 9673 3 171798691940 31850496 101 1
copy 9674 3 171798691940 31850496 102 1
copy 9675 3 171798691941 31850496 101 1
copy 9676 3 171798691941 31850496 102 1
copy 9677 3 171798691942 31850496 101 1
copy 9678 3 171798691942 31850496 102 1
copy 9679 3 171798691943 31850496 101 1
copy 9680 3 171798691943 31850496 102 1
copy 9681 3 171798691944 31850496 101 1
copy 9682 3 171798691944 31850496 102 1
copy 9683 3 171798691945 31850496 101 1
copy 9684 3 171798691945 31850496 102 1
copy 9685 3 171798691946 31850496 101 1
copy 9686 3 171798691946 31850496 102 1
copy 9687 3 171798691947 31850496 101 1
copy 9688 3 171798691947 31850496 102 1
copy 9689 3 171798691948 31850496 101 1
copy 9690 3 171798691948 31850496 102 1
copy 9691 3 171798691949 31850496 101 1
copy 9692 3 171798691949 31850496 102 1
copy 9693 3 171798691950 31850496 101 1
copy 9694 3 171798691950 31850496 102 1
copy 9695 3 171798691951 31850496 101 1
copy 9696 3 171798691951 31850496 102 1
copy 9697 3 171798691952 31850496 101 1
copy 9698 3 171798691952 31850496 102 1
copy 9699 3 171798691953 31850496 101 1
copy 9700 3 171798691953 31850496 102 1
copy 9701 3 171798691954 31850496 101 1
copy 9702 3 171798691954 31850496 102 1
copy 9703 3 171798691955 31850496 101 1
copy 9704 3 171798691955 31850496 102 1
copy 9705 3 171798691956 31850496 101 1
copy 9706 3 171798691956 31850496 102 1
copy 9707 3 171798691957 31850496 101 1
copy 9708 3 171798691957 31850496 102 1
copy 9709 3 171798691958 31850496 101 1
copy 9710 3 171798691958 31850496 102 1
copy 9711 3 171798691959 31850496 101 1
copy 9712 3 171798691959 31850496 102 1
copy 9713 3 171798691960 31850496 101 1
copy 9714 3 171798691960 31850496 102 1
copy 9715 3 171798691961 31850496 101 1
copy 9716 3 171798691961 31850496 102 1
copy 9717 3 171798691962 31850496 101 1
copy 9718 3 171798691962 31850496 102 1
copy 9719 3 171798691963 31850496 101 1
copy 9720 3 171798691963 31850496 102 1
copy 9721 3 171798691964 31850496 101 1
copy 9722 3 171798691964 31850496 102 1
copy 9723 3 171798691965 31850496 101 1
copy 9724 3 171798691965 31850496 102 1
copy 9725 3 171798691966 31850496 101 1
copy 9726 3 171798691966 31850496 102 1
copy 9727 3 171798691967 31850496 101 1
copy 9728 3 171798691967 31850496 102 1
copy 9729 3 176093659136 31850496 101 1
copy 9730 3 176093659136 31850496 102 1
copy 9731 3 176093659137 31850496 101 1
copy 9732 3 176093659137 31850496 102 1
copy 9733 3 176093659138 31850496 101 1
copy 9734 3 176093659138 31850496 102 1
copy 9735 3 176093659139 31850496 101 1
copy 9736 3 176093659139 31850496 102 1
copy 9737 3 176093659140 31850496 101 1
copy 9738 3 176093659140 31850496 102 1
copy 9739 3 176093659141 31850496 101 1
copy 9740 3 176093659141 31850496 102 1
copy 9741 3 176093659142 31850496 101 1
copy 9742 3 176093659142 31850496 102 1
copy 9743 3 176093659143 31850496 101 1
copy 9744 3 176093659143 31850496 102 1
copy 9745 3 176093659144 31850496 101 1
copy 9746 3 176093659144 31850496 102 1
copy 9747 3 176093659145 31850496 101 1
copy 9748 3 176093659145 31850496 102 1
copy 9749 3 176093659146 31850496 101 1
copy 9750 3 176093659146 31850496 102 1
copy 9751 3 176093659147 31850496 101 1
copy 9752 3 176093659147 31850496 102 1
copy 9753 3 176093659148 31850496 101 1
copy 9754 3 176093659148 31850496 102 1
copy 9755 3 176093659149 31850496 101 1
copy 9756 3 176093659149 31850496 102 1
copy 9757 3 176093659150 31850496 101 1
copy 9758 3 176093659150 31850496 102 1
copy 9759 3 176093659151 31850496 101 1
copy 9760 3 176093659151 31850496 102 1
copy 9761 3 176093659152 31850496 101 1
copy 9762 3 176093659152 31850496 102 1
copy 9763 3 176093659153 31850496 101 1
copy 9764 3 176093659153 31850496 102 1
copy 9765 3 176093659154 31850496 101 1
copy 9766 3 176093659154 31850496 102 1
copy 9767 3 176093659155 31850496 101 1
copy 9768 3 176093659155 31850496 102 1
copy 9769 3 176093659156 31850496 101 1
copy 9770 3 176093659156 31850496 102 1
copy 9771 3 176093659157 31850496 101 1
copy 9772 3 176093659157 31850496 102 1
copy 9773 3 176093659158 31850496 101 1
copy 9774 3 176093659158 31850496 102 1
copy 9775 3 176093659159 31850496 101 1
copy 9776 3 176093659159 31850496 102 1
copy 9777 3 176093659160 31850496 101 1
copy 9778 3 176093659160 31850496 102 1
copy 9779 3 176093659161 31850496 101 1
copy 9780 3 176093659161 31850496 102 1
copy 9781 3 176093659162 31850496 101 1
copy 9782 3 176093659162 31850496 102 1
copy 9783 3 176093659163 31850496 101 1
copy 9784 3 176093659163 31850496 102 1
copy 9785 3 176093659164 31850496 101 1
copy 9786 3 176093659164 31850496 102 1
copy 9787 3 176093659165 31850496 101 1
copy 9788 3 176093659165 31850496 102 1
copy 9789 3 176093659166 31850496 101 1
copy 9790 3 176093659166 31850496 102 1
copy 9791 3 176093659167 31850496 101 1
copy 9792 3 176093659167 31850496 102 1
copy 9793 3 176093659168 31850496 101 1
copy 9794 3 176093659168 31850496 102 1
copy 9795 3 176093659169 31850496 101 1
copy 9796 3 176093659169 31850496 102 1
copy 9797 3 176093659170 31850496 101 1
copy 9798 3 176093659170 31850496 102 1
copy 9799 3 176093659171 31850496 101 1
copy 9800 3 176093659171 31850496 102 1
copy 9801 3 176093659172 31850496 101 1
copy 9802 3 176093659172 31850496 102 1
copy 9803 3 176093659173 31850496 101 1
copy 9804 3 176093659173 31850496 102 1
copy 9805 3 176093659174 31850496 101 1
copy 9806 3 176093659174 31850496 102 1
copy 9807 3 176093659175 31850496 101 1
copy 9808 3 176093659175 31850496 102 1
copy 9809 3 176093659176 31850496 101 1
copy 9810 3 176093659176 31850496 102 1
copy 9811 3 176093659177 31850496 101 1
copy 9812 3 176093659177 31850496 102 1
copy 9813 3 176093659178 31850496 101 1
copy 9814 3 176093659178 31850496 102 1
copy 9815 3 176093659179 31850496 101 1
copy 9816 3 176093659179 31850496 102 1
copy 9817 3 176093659180 31850496 101 1
copy 9818 3 176093659180 31850496 102 1
copy 9819 3 176093659181 31850496 101 1
copy 9820 3 176093659181 31850496 102 1
copy 9821 3 176093659182 31850496 101 1
copy 9822 3 176093659182 31850496 102 1
copy 9823 3 176093659183 31850496 101 1
copy 9824 3 176093659183 31850496 102 1
copy 9825 3 176093659184 31850496 101 1
copy 9826 3 176093659184 31850496 102 1
copy 9827 3 176093659185 31850496 101 1
copy 9828 3 176093659185 31850496 102 1
copy 9829 3 176093659186 31850496 101 1
copy 9830 3 176093659186 31850496 102 1
copy 9831 3 176093659187 31850496 101 1
copy 9832 3 176093659187 31850496 102 1
copy 9833 3 176093659188 31850496 101 1
copy 9834 3 176093659188 31850496 102 1
copy 9835 3 176093659189 31850496 101 1
copy 9836 3 176093659189 31850496 102 1
copy 9837 3 176093659190 31850496 101 1
copy 9838 3 176093659190 31850496 102 1
copy 9839 3 176093659191 31850496 101 1
copy 9840 3 176093659191 31850496 102 1
copy 9841 3 176093659192 31850496 101 1
copy 9842 3 176093659192 31850496 102 1
copy 9843 3 176093659193 31850496 101 1
copy 9844 3 176093659193 31850496 102 1
copy 9845 3 176093659194 31850496 101 1
copy 9846 3 176093659194 31850496 102 1
copy 9847 3 176093659195 31850496 101 1
copy 9848 3 176093659195 31850496 102 1
copy 9849 3 176093659196 31850496 101 1
copy 9850 3 176093659196 31850496 102 1
copy 9851 3 176093659197 31850496 101 1
copy 9852 3 176093659197 31850496 102 1
copy 9853 3 176093659198 31850496 101 1
copy 9854 3 176093659198 31850496 102 1
copy 9855 3 176093659199 31850496 101 1
copy 9856 3 176093659199 31850496 102 1
copy 9857 3 176093659200 31850496 101 1
copy 9858 3 176093659200 31850496 102 1
copy 9859 3 176093659201 31850496 101 1
copy 9860 3 176093659201 31850496 102 1
copy 9861 3 176093659202 31850496 101 1
copy 9862 3 176093659202 31850496 102 1
copy 9863 3 176093659203 31850496 101 1
copy 9864 3 176093659203 31850496 102 1
copy 9865 3 176093659204 31850496 101 1
copy 9866 3 176093659204 31850496 102 1
copy 9867 3 176093659205 31850496 101 1
copy 9868 3 176093659205 31850496 102 1
copy 9869 3 176093659206 31850496 101 1
copy 9870 3 176093659206 31850496 102 1
copy 9871 3 176093659207 31850496 101 1
copy 9872 3 176093659207 31850496 102 1
copy 9873 3 176093659208 31850496 101 1
copy 9874 3 176093659208 31850496 102 1
copy 9875 3 176093659209 31850496 101 1
copy 9876 3 176093659209 31850496 102 1
copy 9877 3 176093659210 31850496 101 1
copy 9878 3 176093659210 31850496 102 1
copy 9879 3 176093659211 31850496 101 1
copy 9880 3 176093659211 31850496 102 1
copy 9881 3 176093659212 31850496 101 1
copy 9882 3 176093659212 31850496 102 1
copy 9883 3 176093659213 31850496 101 1
copy 9884 3 176093659213 31850496 102 1
copy 9885 3 176093659214 31850496 101 1
copy 9886 3 176093659214 31850496 102 1
copy 9887 3 176093659215 31850496 101 1
copy 9888 3 176093659215 31850496 102 1
copy 9889 3 176093659216 31850496 101 1
copy 9890 3 176093659216 31850496 102 1
copy 9891 3 176093659217 31850496 101 1
copy 9892 3 176093659217 31850496 102 1
copy 9893 3 176093659218 31850496 101 1
copy 9894 3 176093659218 31850496 102 1
copy 9895 3 176093659219 31850496 101 1
copy 9896 3 176093659219 31850496 102 1
copy 9897 3 176093659220 31850496 101 1
copy 9898 3 176093659220 31850496 102 1
copy 9899 3 176093659221 31850496 101 1
copy 9900 3 176093659221 31850496 102 1
copy 9901 3 176093659222 31850496 101 1
copy 9902 3 176093659222 31850496 102 1
copy 9903 3 176093659223 31850496 101 1
copy 9904 3 176093659223 31850496 102 1
copy 9905 3 176093659224 31850496 101 1
copy 9906 3 176093659224 31850496 102 1
copy 9907 3 176093659225 31850496 101 1
copy 9908 3 176093659225 31850496 102 1
copy 9909 3 176093659226 31850496 101 1
copy 9910 3 176093659226 31850496 102 1
copy 9911 3 176093659227 31850496 101 1
copy 9912 3 176093659227 31850496 102 1
copy 9913 3 176093659228 31850496 101 1
copy 9914 3 176093659228 31850496 102 1
copy 9915 3 176093659229 31850496 101 1
copy 9916 3 176093659229 31850496 102 1
copy 9917 3 176093659230 31850496 101 1
copy 9918 3 176093659230 31850496 102 1
copy 9919 3 176093659231 31850496 101 1
copy 9920 3 176093659231 31850496 102 1
copy 9921 3 176093659232 31850496 101 1
copy 9922 3 176093659232 31850496 102 1
copy 9923 3 176093659233 31850496 101 1
copy 9924 3 176093659233 31850496 102 1
copy 9925 3 176093659234 31850496 101 1
copy 9926 3 176093659234 31850496 102 1
copy 9927 3 176093659235 31850496 101 1
copy 9928 3 176093659235 31850496 102 1
copy 9929 3 176093659236 31850496 101 1
copy 9930 3 176093659236 31850496 102 1
copy 9931 3 176093659237 31850496 101 1
copy 9932 3 176093659237 31850496 102 1
copy 9933 3 176093659238 31850496 101 1
copy 9934 3 176093659238 31850496 102 1
copy 9935 3 176093659239 31850496 101 1
copy 9936 3 176093659239 31850496 102 1
copy 9937 3 176093659240 31850496 101 1
copy 9938 3 176093659240 31850496 102 1
copy 9939 3 176093659241 31850496 101 1
copy 9940 3 176093659241 31850496 102 1
copy 9941 3 176093659242 31850496 101 1
copy 9942 3 176093659242 31850496 102 1
copy 9943 3 176093659243 31850496 101 1
copy 9944 3 176093659243 31850496 102 1
copy 9945 3 176093659244 31850496 101 1
copy 9946 3 176093659244 31850496 102 1
copy 9947 3 176093659245 31850496 101 1
copy 9948 3 176093659245 31850496 102 1
copy 9949 3 176093659246 31850496 101 1
copy 9950 3 176093659246 31850496 102 1
copy 9951 3 176093659247 31850496 101 1
copy 9952 3 176093659247 31850496 102 1
copy 9953 3 176093659248 31850496 101 1
copy 9954 3 176093659248 31850496 102 1
copy 9955 3 176093659249 31850496 101 1
copy 9956 3 176093659249 31850496 102 1
copy 9957 3 176093659250 31850496 101 1
copy 9958 3 176093659250 31850496 102 1
copy 9959 3 176093659251 31850496 101 1
copy 9960 3 176093659251 31850496 102 1
copy 9961 3 176093659252 31850496 101 1
copy 9962 3 176093659252 31850496 102 1
copy 9963 3 176093659253 31850496 101 1
copy 9964 3 176093659253 31850496 102 1
copy 9965 3 176093659254 31850496 101 1
copy 9966 3 176093659254 31850496 102 1
copy 9967 3 176093659255 31850496 101 1
copy 9968 3 176093659255 31850496 102 1
copy 9969 3 176093659256 31850496 101 1
copy 9970 3 176093659256 31850496 102 1
copy 9971 3 176093659257 31850496 101 1
copy 9972 3 176093659257 31850496 102 1
copy 9973 3 176093659258 31850496 101 1
copy 9974 3 176093659258 31850496 102 1
copy 9975 3 176093659259 31850496 101 1
copy 9976 3 176093659259 31850496 102 1
copy 9977 3 176093659260 31850496 101 1
copy 9978 3 176093659260 31850496 102 1
copy 9979 3 176093659261 31850496 101 1
copy 9980 3 176093659261 31850496 102 1
copy 9981 3 176093659262 31850496 101 1
copy 9982 3 176093659262 31850496 102 1
copy 9983 3 176093659263 31850496 101 1
copy 9984 3 176093659263 31850496 102 1
copy 9985 3 180388626432 31850496 101 1
copy 9986 3 180388626432 31850496 102 1
copy 9987 3 180388626433 31850496 101 1
copy 9988 3 180388626433 31850496 102 1
copy 9989 3 180388626434 31850496 101 1
copy 9990 3 180388626434 31850496 102 1
copy 9991 3 180388626435 31850496 101 1
copy 9992 3 180388626435 31850496 102 1
copy 9993 3 180388626436 31850496 101 1
copy 9994 3 180388626436 31850496 102 1
copy 9995 3 180388626437 31850496 101 1
copy 9996 3 180388626437 31850496 102 1
copy 9997 3 180388626438 31850496 101 1
copy 9998 3 180388626438 31850496 102 1
copy 9999 3 180388626439 31850496 101 1
copy 10000 3 180388626439 31850496 102 1
copy 10001 3 180388626440 31850496 101 1
copy 10002 3 180388626440 31850496 102 1
copy 10003 3 180388626441 31850496 101 1
copy 10004 3 180388626441 31850496 102 1
copy 10005 3 180388626442 31850496 101 1
copy 10006 3 180388626442 31850496 102 1
copy 10007 3 180388626443 31850496 101 1
copy 10008 3 180388626443 31850496 102 1
copy 10009 3 180388626444 31850496 101 1
copy 10010 3 180388626444 31850496 102 1
copy 10011 3 180388626445 31850496 101 1
copy 10012 3 180388626445 31850496 102 1
copy 10013 3 180388626446 31850496 101 1
copy 10014 3 180388626446 31850496 102 1
copy 10015 3 180388626447 31850496 101 1
copy 10016 3 180388626447 31850496 102 1
copy 10017 3 180388626448 31850496 101 1
copy 10018 3 180388626448 31850496 102 1
copy 10019 3 180388626449 31850496 101 1
copy 10020 3 180388626449 31850496 102 1
copy 10021 3 180388626450 31850496 101 1
copy 10022 3 180388626450 31850496 102 1
copy 10023 3 180388626451 31850496 101 1
copy 10024 3 180388626451 31850496 102 1
copy 10025 3 180388626452 31850496 101 1
copy 10026 3 180388626452 31850496 102 1
copy 10027 3 180388626453 31850496 101 1
copy 10028 3 180388626453 31850496 102 1
copy 10029 3 180388626454 31850496 101 1
copy 10030 3 180388626454 31850496 102 1
copy 10031 3 180388626455 31850496 101 1
copy 10032 3 180388626455 31850496 102 1
copy 10033 3 180388626456 31850496 101 1
copy 10034 3 180388626456 31850496 102 1
copy 10035 3 180388626457 31850496 101 1
copy 10036 3 180388626457 31850496 102 1
copy 10037 3 180388626458 31850496 101 1
copy 10038 3 180388626458 31850496 102 1
copy 10039 3 180388626459 31850496 101 1
copy 10040 3 180388626459 31850496 102 1
copy 10041 3 180388626460 31850496 101 1
copy 10042 3 180388626460 31850496 102 1
copy 10043 3 180388626461 31850496 101 1
copy 10044 3 180388626461 31850496 102 1
copy 10045 3 180388626462 31850496 101 1
copy 10046 3 180388626462 31850496 102 1
copy 10047 3 180388626463 31850496 101 1
copy 10048 3 180388626463 31850496 102 1
copy 10049 3 180388626464 31850496 101 1
copy 10050 3 180388626464 31850496 102 1
copy 10051 3 180388626465 31850496 101 1
copy 10052 3 180388626465 31850496 102 1
copy 10053 3 180388626466 31850496 101 1
copy 10054 3 180388626466 31850496 102 1
copy 10055 3 180388626467 31850496 101 1
copy 10056 3 180388626467 31850496 102 1
copy 10057 3 180388626468 31850496 101 1
copy 10058 3 180388626468 31850496 102 1
copy 10059 3 180388626469 31850496 101 1
copy 10060 3 180388626469 31850496 102 1
copy 10061 3 180388626470 31850496 101 1
copy 10062 3 180388626470 31850496 102 1
copy 10063 3 180388626471 31850496 101 1
copy 10064 3 180388626471 31850496 102 1
copy 10065 3 180388626472 31850496 101 1
copy 10066 3 180388626472 31850496 102 1
copy 10067 3 180388626473 31850496 101 1
copy 10068 3 180388626473 31850496 102 1
copy 10069 3 180388626474 31850496 101 1
copy 10070 3 180388626474 31850496 102 1
copy 10071 3 180388626475 31850496 101 1
copy 10072 3 180388626475 31850496 102 1
copy 10073 3 180388626476 31850496 101 1
copy 10074 3 180388626476 31850496 102 1
copy 10075 3 180388626477 31850496 101 1
copy 10076 3 180388626477 31850496 102 1
copy 10077 3 180388626478 31850496 101 1
copy 10078 3 180388626478 31850496 102 1
copy 10079 3 180388626479 31850496 101 1
copy 10080 3 180388626479 31850496 102 1
copy 10081 3 180388626480 31850496 101 1
copy 10082 3 180388626480 31850496 102 1
copy 10083 3 180388626481 31850496 101 1
copy 10084 3 180388626481 31850496 102 1
copy 10085 3 180388626482 31850496 101 1
copy 10086 3 180388626482 31850496 102 1
copy 10087 3 180388626483 31850496 101 1
copy 10088 3 180388626483 31850496 102 1
copy 10089 3 180388626484 31850496 101 1
copy 10090 3 180388626484 31850496 102 1
copy 10091 3 180388626485 31850496 101 1
copy 10092 3 180388626485 31850496 102 1
copy 10093 3 180388626486 31850496 101 1
copy 10094 3 180388626486 31850496 102 1
copy 10095 3 180388626487 31850496 101 1
copy 10096 3 180388626487 31850496 102 1
copy 10097 3 180388626488 31850496 101 1
copy 10098 3 180388626488 31850496 102 1
copy 10099 3 180388626489 31850496 101 1
copy 10100 3 180388626489 31850496 102 1
copy 10101 3 180388626490 31850496 101 1
copy 10102 3 180388626490 31850496 102 1
copy 10103 3 180388626491 31850496 101 1
copy 10104 3 180388626491 31850496 102 1
copy 10105 3 180388626492 31850496 101 1
copy 10106 3 180388626492 31850496 102 1
copy 10107 3 180388626493 31850496 101 1
copy 10108 3 180388626493 31850496 102 1
copy 10109 3 180388626494 31850496 101 1
copy 10110 3 180388626494 31850496 102 1
copy 10111 3 180388626495 31850496 101 1
copy 10112 3 180388626495 31850496 102 1
copy 10113 3 180388626496 31850496 101 1
copy 10114 3 180388626496 31850496 102 1
copy 10115 3 180388626497 31850496 101 1
copy 10116 3 180388626497 31850496 102 1
copy 10117 3 180388626498 31850496 101 1
copy 10118 3 180388626498 31850496 102 1
copy 10119 3 180388626499 31850496 101 1
copy 10120 3 180388626499 31850496 102 1
copy 10121 3 180388626500 31850496 101 1
copy 10122 3 180388626500 31850496 102 1
copy 10123 3 180388626501 31850496 101 1
copy 10124 3 180388626501 31850496 102 1
copy 10125 3 180388626502 31850496 101 1
copy 10126 3 180388626502 31850496 102 1
copy 10127 3 180388626503 31850496 101 1
copy 10128 3 180388626503 31850496 102 1
copy 10129 3 180388626504 31850496 101 1
copy 10130 3 180388626504 31850496 102 1
copy 10131 3 180388626505 31850496 101 1
copy 10132 3 180388626505 31850496 102 1
copy 10133 3 180388626506 31850496 101 1
copy 10134 3 180388626506 31850496 102 1
copy 10135 3 180388626507 31850496 101 1
copy 10136 3 180388626507 31850496 102 1
copy 10137 3 180388626508 31850496 101 1
copy 10138 3 180388626508 31850496 102 1
copy 10139 3 180388626509 31850496 101 1
copy 10140 3 180388626509 31850496 102 1
copy 10141 3 180388626510 31850496 101 1
copy 10142 3 180388626510 31850496 102 1
copy 10143 3 180388626511 31850496 101 1
copy 10144 3 180388626511 31850496 102 1
copy 10145 3 180388626512 31850496 101 1
copy 10146 3 180388626512 31850496 102 1
copy 10147 3 180388626513 31850496 101 1
copy 10148 3 180388626513 31850496 102 1
copy 10149 3 180388626514 31850496 101 1
copy 10150 3 180388626514 31850496 102 1
copy 10151 3 180388626515 31850496 101 1
copy 10152 3 180388626515 31850496 102 1
copy 10153 3 180388626516 31850496 101 1
copy 10154 3 180388626516 31850496 102 1
copy 10155 3 180388626517 31850496 101 1
copy 10156 3 180388626517 31850496 102 1
copy 10157 3 180388626518 31850496 101 1
copy 10158 3 180388626518 31850496 102 1
copy 10159 3 180388626519 31850496 101 1
copy 10160 3 180388626519 31850496 102 1
copy 10161 3 180388626520 31850496 101 1
copy 10162 3 180388626520 31850496 102 1
copy 10163 3 180388626521 31850496 101 1
copy 10164 3 180388626521 31850496 102 1
copy 10165 3 180388626522 31850496 101 1
copy 10166 3 180388626522 31850496 102 1
copy 10167 3 180388626523 31850496 101 1
copy 10168 3 180388626523 31850496 102 1
copy 10169 3 180388626524 31850496 101 1
copy 10170 3 180388626524 31850496 102 1
copy 10171 3 180388626525 31850496 101 1
copy 10172 3 180388626525 31850496 102 1
copy 10173 3 180388626526 31850496 101 1
copy 10174 3 180388626526 31850496 102 1
copy 10175 3 180388626527 31850496 101 1
copy 10176 3 180388626527 31850496 102 1
copy 10177 3 180388626528 31850496 101 1
copy 10178 3 180388626528 31850496 102 1
copy 10179 3 180388626529 31850496 101 1
copy 10180 3 180388626529 31850496 102 1
copy 10181 3 180388626530 31850496 101 1
copy 10182 3 180388626530 31850496 102 1
copy 10183 3 180388626531 31850496 101 1
copy 10184 3 180388626531 31850496 102 1
copy 10185 3 180388626532 31850496 101 1
copy 10186 3 180388626532 31850496 102 1
copy 10187 3 180388626533 31850496 101 1
copy 10188 3 180388626533 31850496 102 1
copy 10189 3 180388626534 31850496 101 1
copy 10190 3 180388626534 31850496 102 1
copy 10191 3 180388626535 31850496 101 1
copy 10192 3 180388626535 31850496 102 1
copy 10193 3 180388626536 31850496 101 1
copy 10194 3 180388626536 31850496 102 1
copy 10195 3 180388626537 31850496 101 1
copy 10196 3 180388626537 31850496 102 1
copy 10197 3 180388626538 31850496 101 1
copy 10198 3 180388626538 31850496 102 1
copy 10199 3 180388626539 31850496 101 1
copy 10200 3 180388626539 31850496 102 1
copy 10201 3 180388626540 31850496 101 1
copy 10202 3 180388626540 31850496 102 1
copy 10203 3 180388626541 31850496 101 1
copy 10204 3 180388626541 31850496 102 1
copy 10205 3 180388626542 31850496 101 1
copy 10206 3 180388626542 31850496 102 1
copy 10207 3 180388626543 31850496 101 1
copy 10208 3 180388626543 31850496 102 1
copy 10209 3 180388626544 31850496 101 1
copy 10210 3 180388626544 31850496 102 1
copy 10211 3 180388626545 31850496 101 1
copy 10212 3 180388626545 31850496 102 1
copy 10213 3 180388626546 31850496 101 1
copy 10214 3 180388626546 31850496 102 1
copy 10215 3 180388626547 31850496 101 1
copy 10216 3 180388626547 31850496 102 1
copy 10217 3 180388626548 31850496 101 1
copy 10218 3 180388626548 31850496 102 1
copy 10219 3 180388626549 31850496 101 1
copy 10220 3 180388626549 31850496 102 1
copy 10221 3 180388626550 31850496 101 1
copy 10222 3 180388626550 31850496 102 1
copy 10223 3 180388626551 31850496 101 1
copy 10224 3 180388626551 31850496 102 1
copy 10225 3 180388626552 31850496 101 1
copy 10226 3 180388626552 31850496 102 1
copy 10227 3 180388626553 31850496 101 1
copy 10228 3 180388626553 31850496 102 1
copy 10229 3 180388626554 31850496 101 1
copy 10230 3 180388626554 31850496 102 1
copy 10231 3 180388626555 31850496 101 1
copy 10232 3 180388626555 31850496 102 1
copy 10233 3 180388626556 31850496 101 1
copy 10234 3 180388626556 31850496 102 1
copy 10235 3 180388626557 31850496 101 1
copy 10236 3 180388626557 31850496 102 1
copy 10237 3 180388626558 31850496 101 1
copy 10238 3 180388626558 31850496 102 1
copy 10239 3 180388626559 31850496 101 1
copy 10240 3 180388626559 31850496 102 1
copy 10241 3 184683593728 31850496 101 1
copy 10242 3 184683593728 31850496 102 1
copy 10243 3 184683593729 31850496 101 1
copy 10244 3 184683593729 31850496 102 1
copy 10245 3 184683593730 31850496 101 1
copy 10246 3 184683593730 31850496 102 1
copy 10247 3 184683593731 31850496 101 1
copy 10248 3 184683593731 31850496 102 1
copy 10249 3 184683593732 31850496 101 1
copy 10250 3 184683593732 31850496 102 1
copy 10251 3 184683593733 31850496 101 1
copy 10252 3 184683593733 31850496 102 1
copy 10253 3 184683593734 31850496 101 1
copy 10254 3 184683593734 31850496 102 1
copy 10255 3 184683593735 31850496 101 1
copy 10256 3 184683593735 31850496 102 1
copy 10257 3 184683593736 31850496 101 1
copy 10258 3 184683593736 31850496 102 1
copy 10259 3 184683593737 31850496 101 1
copy 10260 3 184683593737 31850496 102 1
copy 10261 3 184683593738 31850496 101 1
copy 10262 3 184683593738 31850496 102 1
copy 10263 3 184683593739 31850496 101 1
copy 10264 3 184683593739 31850496 102 1
copy 10265 3 184683593740 31850496 101 1
copy 10266 3 184683593740 31850496 102 1
copy 10267 3 184683593741 31850496 101 1
copy 10268 3 184683593741 31850496 102 1
copy 10269 3 184683593742 31850496 101 1
copy 10270 3 184683593742 31850496 102 1
copy 10271 3 184683593743 31850496 101 1
copy 10272 3 184683593743 31850496 102 1
copy 10273 3 184683593744 31850496 101 1
copy 10274 3 184683593744 31850496 102 1
copy 10275 3 184683593745 31850496 101 1
copy 10276 3 184683593745 31850496 102 1
copy 10277 3 184683593746 31850496 101 1
copy 10278 3 184683593746 31850496 102 1
copy 10279 3 184683593747 31850496 101 1
copy 10280 3 184683593747 31850496 102 1
copy 10281 3 184683593748 31850496 101 1
copy 10282 3 184683593748 31850496 102 1
copy 10283 3 184683593749 31850496 101 1
copy 10284 3 184683593749 31850496 102 1
copy 10285 3 184683593750 31850496 101 1
copy 10286 3 184683593750 31850496 102 1
copy 10287 3 184683593751 31850496 101 1
copy 10288 3 184683593751 31850496 102 1
copy 10289 3 184683593752 31850496 101 1
copy 10290 3 184683593752 31850496 102 1
copy 10291 3 184683593753 31850496 101 1
copy 10292 3 184683593753 31850496 102 1
copy 10293 3 184683593754 31850496 101 1
copy 10294 3 184683593754 31850496 102 1
copy 10295 3 184683593755 31850496 101 1
copy 10296 3 184683593755 31850496 102 1
copy 10297 3 184683593756 31850496 101 1
copy 10298 3 184683593756 31850496 102 1
copy 10299 3 184683593757 31850496 101 1
copy 10300 3 184683593757 31850496 102 1
copy 10301 3 184683593758 31850496 101 1
copy 10302 3 184683593758 31850496 102 1
copy 10303 3 184683593759 31850496 101 1
copy 10304 3 184683593759 31850496 102 1
copy 10305 3 184683593760 31850496 101 1
copy 10306 3 184683593760 31850496 102 1
copy 10307 3 184683593761 31850496 101 1
copy 10308 3 184683593761 31850496 102 1
copy 10309 3 184683593762 31850496 101 1
copy 10310 3 184683593762 31850496 102 1
copy 10311 3 184683593763 31850496 101 1
copy 10312 3 184683593763 31850496 102 1
copy 10313 3 184683593764 31850496 101 1
copy 10314 3 184683593764 31850496 102 1
copy 10315 3 184683593765 31850496 101 1
copy 10316 3 184683593765 31850496 102 1
copy 10317 3 184683593766 31850496 101 1
copy 10318 3 184683593766 31850496 102 1
copy 10319 3 184683593767 31850496 101 1
copy 10320 3 184683593767 31850496 102 1
copy 10321 3 184683593768 31850496 101 1
copy 10322 3 184683593768 31850496 102 1
copy 10323 3 184683593769 31850496 101 1
copy 10324 3 184683593769 31850496 102 1
copy 10325 3 184683593770 31850496 101 1
copy 10326 3 184683593770 31850496 102 1
copy 10327 3 184683593771 31850496 101 1
copy 10328 3 184683593771 31850496 102 1
copy 10329 3 184683593772 31850496 101 1
copy 10330 3 184683593772 31850496 102 1
copy 10331 3 184683593773 31850496 101 1
copy 10332 3 184683593773 31850496 102 1
copy 10333 3 184683593774 31850496 101 1
copy 10334 3 184683593774 31850496 102 1
copy 10335 3 184683593775 31850496 101 1
copy 10336 3 184683593775 31850496 102 1
copy 10337 3 184683593776 31850496 101 1
copy 10338 3 184683593776 31850496 102 1
copy 10339 3 184683593777 31850496 101 1
copy 10340 3 184683593777 31850496 102 1
copy 10341 3 184683593778 31850496 101 1
copy 10342 3 184683593778 31850496 102 1
copy 10343 3 184683593779 31850496 101 1
copy 10344 3 184683593779 31850496 102 1
copy 10345 3 184683593780 31850496 101 1
copy 10346 3 184683593780 31850496 102 1
copy 10347 3 184683593781 31850496 101 1
copy 10348 3 184683593781 31850496 102 1
copy 10349 3 184683593782 31850496 101 1
copy 10350 3 184683593782 31850496 102 1
copy 10351 3 184683593783 31850496 101 1
copy 10352 3 184683593783 31850496 102 1
copy 10353 3 184683593784 31850496 101 1
copy 10354 3 184683593784 31850496 102 1
copy 10355 3 184683593785 31850496 101 1
copy 10356 3 184683593785 31850496 102 1
copy 10357 3 184683593786 31850496 101 1
copy 10358 3 184683593786 31850496 102 1
copy 10359 3 184683593787 31850496 101 1
copy 10360 3 184683593787 31850496 102 1
copy 10361 3 184683593788 31850496 101 1
copy 10362 3 184683593788 31850496 102 1
copy 10363 3 184683593789 31850496 101 1
copy 10364 3 184683593789 31850496 102 1
copy 10365 3 184683593790 31850496 101 1
copy 10366 3 184683593790 31850496 102 1
copy 10367 3 184683593791 31850496 101 1
copy 10368 3 184683593791 31850496 102 1
copy 10369 3 184683593792 31850496 101 1
copy 10370 3 184683593792 31850496 102 1
copy 10371 3 184683593793 31850496 101 1
copy 10372 3 184683593793 31850496 102 1
copy 10373 3 184683593794 31850496 101 1
copy 10374 3 184683593794 31850496 102 1
copy 10375 3 184683593795 31850496 101 1
copy 10376 3 184683593795 31850496 102 1
copy 10377 3 184683593796 31850496 101 1
copy 10378 3 184683593796 31850496 102 1
copy 10379 3 184683593797 31850496 101 1
copy 10380 3 184683593797 31850496 102 1
copy 10381 3 184683593798 31850496 101 1
copy 10382 3 184683593798 31850496 102 1
copy 10383 3 184683593799 31850496 101 1
copy 10384 3 184683593799 31850496 102 1
copy 10385 3 184683593800 31850496 101 1
copy 10386 3 184683593800 31850496 102 1
copy 10387 3 184683593801 31850496 101 1
copy 10388 3 184683593801 31850496 102 1
copy 10389 3 184683593802 31850496 101 1
copy 10390 3 184683593802 31850496 102 1
copy 10391 3 184683593803 31850496 101 1
copy 10392 3 184683593803 31850496 102 1
copy 10393 3 184683593804 31850496 101 1
copy 10394 3 184683593804 31850496 102 1
copy 10395 3 184683593805 31850496 101 1
copy 10396 3 184683593805 31850496 102 1
copy 10397 3 184683593806 31850496 101 1
copy 10398 3 184683593806 31850496 102 1
copy 10399 3 184683593807 31850496 101 1
copy 10400 3 184683593807 31850496 102 1
copy 10401 3 184683593808 31850496 101 1
copy 10402 3 184683593808 31850496 102 1
copy 10403 3 184683593809 31850496 101 1
copy 10404 3 184683593809 31850496 102 1
copy 10405 3 184683593810 31850496 101 1
copy 10406 3 184683593810 31850496 102 1
copy 10407 3 184683593811 31850496 101 1
copy 10408 3 184683593811 31850496 102 1
copy 10409 3 184683593812 31850496 101 1
copy 10410 3 184683593812 31850496 102 1
copy 10411 3 184683593813 31850496 101 1
copy 10412 3 184683593813 31850496 102 1
copy 10413 3 184683593814 31850496 101 1
copy 10414 3 184683593814 31850496 102 1
copy 10415 3 184683593815 31850496 101 1
copy 10416 3 184683593815 31850496 102 1
copy 10417 3 184683593816 31850496 101 1
copy 10418 3 184683593816 31850496 102 1
copy 10419 3 184683593817 31850496 101 1
copy 10420 3 184683593817 31850496 102 1
copy 10421 3 184683593818 31850496 101 1
copy 10422 3 184683593818 31850496 102 1
copy 10423 3 184683593819 31850496 101 1
copy 10424 3 184683593819 31850496 102 1
copy 10425 3 184683593820 31850496 101 1
copy 10426 3 184683593820 31850496 102 1
copy 10427 3 184683593821 31850496 101 1
copy 10428 3 184683593821 31850496 102 1
copy 10429 3 184683593822 31850496 101 1
copy 10430 3 184683593822 31850496 102 1
copy 10431 3 184683593823 31850496 101 1
copy 10432 3 184683593823 31850496 102 1
copy 10433 3 184683593824 31850496 101 1
copy 10434 3 184683593824 31850496 102 1
copy 10435 3 184683593825 31850496 101 1
copy 10436 3 184683593825 31850496 102 1
copy 10437 3 184683593826 31850496 101 1
copy 10438 3 184683593826 31850496 102 1
copy 10439 3 184683593827 31850496 101 1
copy 10440 3 184683593827 31850496 102 1
copy 10441 3 184683593828 31850496 101 1
copy 10442 3 184683593828 31850496 102 1
copy 10443 3 184683593829 31850496 101 1
copy 10444 3 184683593829 31850496 102 1
copy 10445 3 184683593830 31850496 101 1
copy 10446 3 184683593830 31850496 102 1
copy 10447 3 184683593831 31850496 101 1
copy 10448 3 184683593831 31850496 102 1
copy 10449 3 184683593832 31850496 101 1
copy 10450 3 184683593832 31850496 102 1
copy 10451 3 184683593833 31850496 101 1
copy 10452 3 184683593833 31850496 102 1
copy 10453 3 184683593834 31850496 101 1
copy 10454 3 184683593834 31850496 102 1
copy 10455 3 184683593835 31850496 101 1
copy 10456 3 184683593835 31850496 102 1
copy 10457 3 184683593836 31850496 101 1
copy 10458 3 184683593836 31850496 102 1
copy 10459 3 184683593837 31850496 101 1
copy 10460 3 184683593837 31850496 102 1
copy 10461 3 184683593838 31850496 101 1
copy 10462 3 184683593838 31850496 102 1
copy 10463 3 184683593839 31850496 101 1
copy 10464 3 184683593839 31850496 102 1
copy 10465 3 184683593840 31850496 101 1
copy 10466 3 184683593840 31850496 102 1
copy 10467 3 184683593841 31850496 101 1
copy 10468 3 184683593841 31850496 102 1
copy 10469 3 184683593842 31850496 101 1
copy 10470 3 184683593842 31850496 102 1
copy 10471 3 184683593843 31850496 101 1
copy 10472 3 184683593843 31850496 102 1
copy 10473 3 184683593844 31850496 101 1
copy 10474 3 184683593844 31850496 102 1
copy 10475 3 184683593845 31850496 101 1
copy 10476 3 184683593845 31850496 102 1
copy 10477 3 184683593846 31850496 101 1
copy 10478 3 184683593846 31850496 102 1
copy 10479 3 184683593847 31850496 101 1
copy 10480 3 184683593847 31850496 102 1
copy 10481 3 184683593848 31850496 101 1
copy 10482 3 184683593848 31850496 102 1
copy 10483 3 184683593849 31850496 101 1
copy 10484 3 184683593849 31850496 102 1
copy 10485 3 184683593850 31850496 101 1
copy 10486 3 184683593850 31850496 102 1
copy 10487 3 184683593851 31850496 101 1
copy 10488 3 184683593851 31850496 102 1
copy 10489 3 184683593852 31850496 101 1
copy 10490 3 184683593852 31850496 102 1
copy 10491 3 184683593853 31850496 101 1
copy 10492 3 184683593853 31850496 102 1
copy 10493 3 184683593854 31850496 101 1
copy 10494 3 184683593854 31850496 102 1
copy 10495 3 184683593855 31850496 101 1
copy 10496 3 184683593855 31850496 102 1
copy 10497 3 188978561024 31850496 101 1
copy 10498 3 188978561024 31850496 102 1
copy 10499 3 188978561025 31850496 101 1
copy 10500 3 188978561025 31850496 102 1
copy 10501 3 188978561026 31850496 101 1
copy 10502 3 188978561026 31850496 102 1
copy 10503 3 188978561027 31850496 101 1
copy 10504 3 188978561027 31850496 102 1
copy 10505 3 188978561028 31850496 101 1
copy 10506 3 188978561028 31850496 102 1
copy 10507 3 188978561029 31850496 101 1
copy 10508 3 188978561029 31850496 102 1
copy 10509 3 188978561030 31850496 101 1
copy 10510 3 188978561030 31850496 102 1
copy 10511 3 188978561031 31850496 101 1
copy 10512 3 188978561031 31850496 102 1
copy 10513 3 188978561032 31850496 101 1
copy 10514 3 188978561032 31850496 102 1
copy 10515 3 188978561033 31850496 101 1
copy 10516 3 188978561033 31850496 102 1
copy 10517 3 188978561034 31850496 101 1
copy 10518 3 188978561034 31850496 102 1
copy 10519 3 188978561035 31850496 101 1
copy 10520 3 188978561035 31850496 102 1
copy 10521 3 188978561036 31850496 101 1
copy 10522 3 188978561036 31850496 102 1
copy 10523 3 188978561037 31850496 101 1
copy 10524 3 188978561037 31850496 102 1
copy 10525 3 188978561038 31850496 101 1
copy 10526 3 188978561038 31850496 102 1
copy 10527 3 188978561039 31850496 101 1
copy 10528 3 188978561039 31850496 102 1
copy 10529 3 188978561040 31850496 101 1
copy 10530 3 188978561040 31850496 102 1
copy 10531 3 188978561041 31850496 101 1
copy 10532 3 188978561041 31850496 102 1
copy 10533 3 188978561042 31850496 101 1
copy 10534 3 188978561042 31850496 102 1
copy 10535 3 188978561043 31850496 101 1
copy 10536 3 188978561043 31850496 102 1
copy 10537 3 188978561044 31850496 101 1
copy 10538 3 188978561044 31850496 102 1
copy 10539 3 188978561045 31850496 101 1
copy 10540 3 188978561045 31850496 102 1
copy 10541 3 188978561046 31850496 101 1
copy 10542 3 188978561046 31850496 102 1
copy 10543 3 188978561047 31850496 101 1
copy 10544 3 188978561047 31850496 102 1
copy 10545 3 188978561048 31850496 101 1
copy 10546 3 188978561048 31850496 102 1
copy 10547 3 188978561049 31850496 101 1
copy 10548 3 188978561049 31850496 102 1
copy 10549 3 188978561050 31850496 101 1
copy 10550 3 188978561050 31850496 102 1
copy 10551 3 188978561051 31850496 101 1
copy 10552 3 188978561051 31850496 102 1
copy 10553 3 188978561052 31850496 101 1
copy 10554 3 188978561052 31850496 102 1
copy 10555 3 188978561053 31850496 101 1
copy 10556 3 188978561053 31850496 102 1
copy 10557 3 188978561054 31850496 101 1
copy 10558 3 188978561054 31850496 102 1
copy 10559 3 188978561055 31850496 101 1
copy 10560 3 188978561055 31850496 102 1
copy 10561 3 188978561056 31850496 101 1
copy 10562 3 188978561056 31850496 102 1
copy 10563 3 188978561057 31850496 101 1
copy 10564 3 188978561057 31850496 102 1
copy 10565 3 188978561058 31850496 101 1
copy 10566 3 188978561058 31850496 102 1
copy 10567 3 188978561059 31850496 101 1
copy 10568 3 188978561059 31850496 102 1
copy 10569 3 188978561060 31850496 101 1
copy 10570 3 188978561060 31850496 102 1
copy 10571 3 188978561061 31850496 101 1
copy 10572 3 188978561061 31850496 102 1
copy 10573 3 188978561062 31850496 101 1
copy 10574 3 188978561062 31850496 102 1
copy 10575 3 188978561063 31850496 101 1
copy 10576 3 188978561063 31850496 102 1
copy 10577 3 188978561064 31850496 101 1
copy 10578 3 188978561064 31850496 102 1
copy 10579 3 188978561065 31850496 101 1
copy 10580 3 188978561065 31850496 102 1
copy 10581 3 188978561066 31850496 101 1
copy 10582 3 188978561066 31850496 102 1
copy 10583 3 188978561067 31850496 101 1
copy 10584 3 188978561067 31850496 102 1
copy 10585 3 188978561068 31850496 101 1
copy 10586 3 188978561068 31850496 102 1
copy 10587 3 188978561069 31850496 101 1
copy 10588 3 188978561069 31850496 102 1
copy 10589 3 188978561070 31850496 101 1
copy 10590 3 188978561070 31850496 102 1
copy 10591 3 188978561071 31850496 101 1
copy 10592 3 188978561071 31850496 102 1
copy 10593 3 188978561072 31850496 101 1
copy 10594 3 188978561072 31850496 102 1
copy 10595 3 188978561073 31850496 101 1
copy 10596 3 188978561073 31850496 102 1
copy 10597 3 188978561074 31850496 101 1
copy 10598 3 188978561074 31850496 102 1
copy 10599 3 188978561075 31850496 101 1
copy 10600 3 188978561075 31850496 102 1
copy 10601 3 188978561076 31850496 101 1
copy 10602 3 188978561076 31850496 102 1
copy 10603 3 188978561077 31850496 101 1
copy 10604 3 188978561077 31850496 102 1
copy 10605 3 188978561078 31850496 101 1
copy 10606 3 188978561078 31850496 102 1
copy 10607 3 188978561079 31850496 101 1
copy 10608 3 188978561079 31850496 102 1
copy 10609 3 188978561080 31850496 101 1
copy 10610 3 188978561080 31850496 102 1
copy 10611 3 188978561081 31850496 101 1
copy 10612 3 188978561081 31850496 102 1
copy 10613 3 188978561082 31850496 101 1
copy 10614 3 188978561082 31850496 102 1
copy 10615 3 188978561083 31850496 101 1
copy 10616 3 188978561083 31850496 102 1
copy 10617 3 188978561084 31850496 101 1
copy 10618 3 188978561084 31850496 102 1
copy 10619 3 188978561085 31850496 101 1
copy 10620 3 188978561085 31850496 102 1
copy 10621 3 188978561086 31850496 101 1
copy 10622 3 188978561086 31850496 102 1
copy 10623 3 188978561087 31850496 101 1
copy 10624 3 188978561087 31850496 102 1
copy 10625 3 188978561088 31850496 101 1
copy 10626 3 188978561088 31850496 102 1
copy 10627 3 188978561089 31850496 101 1
copy 10628 3 188978561089 31850496 102 1
copy 10629 3 188978561090 31850496 101 1
copy 10630 3 188978561090 31850496 102 1
copy 10631 3 188978561091 31850496 101 1
copy 10632 3 188978561091 31850496 102 1
copy 10633 3 188978561092 31850496 101 1
copy 10634 3 188978561092 31850496 102 1
copy 10635 3 188978561093 31850496 101 1
copy 10636 3 188978561093 31850496 102 1
copy 10637 3 188978561094 31850496 101 1
copy 10638 3 188978561094 31850496 102 1
copy 10639 3 188978561095 31850496 101 1
copy 10640 3 188978561095 31850496 102 1
copy 10641 3 188978561096 31850496 101 1
copy 10642 3 188978561096 31850496 102 1
copy 10643 3 188978561097 31850496 101 1
copy 10644 3 188978561097 31850496 102 1
copy 10645 3 188978561098 31850496 101 1
copy 10646 3 188978561098 31850496 102 1
copy 10647 3 188978561099 31850496 101 1
copy 10648 3 188978561099 31850496 102 1
copy 10649 3 188978561100 31850496 101 1
copy 10650 3 188978561100 31850496 102 1
copy 10651 3 188978561101 31850496 101 1
copy 10652 3 188978561101 31850496 102 1
copy 10653 3 188978561102 31850496 101 1
copy 10654 3 188978561102 31850496 102 1
copy 10655 3 188978561103 31850496 101 1
copy 10656 3 188978561103 31850496 102 1
copy 10657 3 188978561104 31850496 101 1
copy 10658 3 188978561104 31850496 102 1
copy 10659 3 188978561105 31850496 101 1
copy 10660 3 188978561105 31850496 102 1
copy 10661 3 188978561106 31850496 101 1
copy 10662 3 188978561106 31850496 102 1
copy 10663 3 188978561107 31850496 101 1
copy 10664 3 188978561107 31850496 102 1
copy 10665 3 188978561108 31850496 101 1
copy 10666 3 188978561108 31850496 102 1
copy 10667 3 188978561109 31850496 101 1
copy 10668 3 188978561109 31850496 102 1
copy 10669 3 188978561110 31850496 101 1
copy 10670 3 188978561110 31850496 102 1
copy 10671 3 188978561111 31850496 101 1
copy 10672 3 188978561111 31850496 102 1
copy 10673 3 188978561112 31850496 101 1
copy 10674 3 188978561112 31850496 102 1
copy 10675 3 188978561113 31850496 101 1
copy 10676 3 188978561113 31850496 102 1
copy 10677 3 188978561114 31850496 101 1
copy 10678 3 188978561114 31850496 102 1
copy 10679 3 188978561115 31850496 101 1
copy 10680 3 188978561115 31850496 102 1
copy 10681 3 188978561116 31850496 101 1
copy 10682 3 188978561116 31850496 102 1
copy 10683 3 188978561117 31850496 101 1
copy 10684 3 188978561117 31850496 102 1
copy 10685 3 188978561118 31850496 101 1
copy 10686 3 188978561118 31850496 102 1
copy 10687 3 188978561119 31850496 101 1
copy 10688 3 188978561119 31850496 102 1
copy 10689 3 188978561120 31850496 101 1
copy 10690 3 188978561120 31850496 102 1
copy 10691 3 188978561121 31850496 101 1
copy 10692 3 188978561121 31850496 102 1
copy 10693 3 188978561122 31850496 101 1
copy 10694 3 188978561122 31850496 102 1
copy 10695 3 188978561123 31850496 101 1
copy 10696 3 188978561123 31850496 102 1
copy 10697 3 188978561124 31850496 101 1
copy 10698 3 188978561124 31850496 102 1
copy 10699 3 188978561125 31850496 101 1
copy 10700 3 188978561125 31850496 102 1
copy 10701 3 188978561126 31850496 101 1
copy 10702 3 188978561126 31850496 102 1
copy 10703 3 188978561127 31850496 101 1
copy 10704 3 188978561127 31850496 102 1
copy 10705 3 188978561128 31850496 101 1
copy 10706 3 188978561128 31850496 102 1
copy 10707 3 188978561129 31850496 101 1
copy 10708 3 188978561129 31850496 102 1
copy 10709 3 188978561130 31850496 101 1
copy 10710 3 188978561130 31850496 102 1
copy 10711 3 188978561131 31850496 101 1
copy 10712 3 188978561131 31850496 102 1
copy 10713 3 188978561132 31850496 101 1
copy 10714 3 188978561132 31850496 102 1
copy 10715 3 188978561133 31850496 101 1
copy 10716 3 188978561133 31850496 102 1
copy 10717 3 188978561134 31850496 101 1
copy 10718 3 188978561134 31850496 102 1
copy 10719 3 188978561135 31850496 101 1
copy 10720 3 188978561135 31850496 102 1
copy 10721 3 188978561136 31850496 101 1
copy 10722 3 188978561136 31850496 102 1
copy 10723 3 188978561137 31850496 101 1
copy 10724 3 188978561137 31850496 102 1
copy 10725 3 188978561138 31850496 101 1
copy 10726 3 188978561138 31850496 102 1
copy 10727 3 188978561139 31850496 101 1
copy 10728 3 188978561139 31850496 102 1
copy 10729 3 188978561140 31850496 101 1
copy 10730 3 188978561140 31850496 102 1
copy 10731 3 188978561141 31850496 101 1
copy 10732 3 188978561141 31850496 102 1
copy 10733 3 188978561142 31850496 101 1
copy 10734 3 188978561142 31850496 102 1
copy 10735 3 188978561143 31850496 101 1
copy 10736 3 188978561143 31850496 102 1
copy 10737 3 188978561144 31850496 101 1
copy 10738 3 188978561144 31850496 102 1
copy 10739 3 188978561145 31850496 101 1
copy 10740 3 188978561145 31850496 102 1
copy 10741 3 188978561146 31850496 101 1
copy 10742 3 188978561146 31850496 102 1
copy 10743 3 188978561147 31850496 101 1
copy 10744 3 188978561147 31850496 102 1
copy 10745 3 188978561148 31850496 101 1
copy 10746 3 188978561148 31850496 102 1
copy 10747 3 188978561149 31850496 101 1
copy 10748 3 188978561149 31850496 102 1
copy 10749 3 188978561150 31850496 101 1
copy 10750 3 188978561150 31850496 102 1
copy 10751 3 188978561151 31850496 101 1
copy 10752 3 188978561151 31850496 102 1
copy 10753 3 193273528320 31850496 101 1
copy 10754 3 193273528320 31850496 102 1
copy 10755 3 193273528321 31850496 101 1
copy 10756 3 193273528321 31850496 102 1
copy 10757 3 193273528322 31850496 101 1
copy 10758 3 193273528322 31850496 102 1
copy 10759 3 193273528323 31850496 101 1
copy 10760 3 193273528323 31850496 102 1
copy 10761 3 193273528324 31850496 101 1
copy 10762 3 193273528324 31850496 102 1
copy 10763 3 193273528325 31850496 101 1
copy 10764 3 193273528325 31850496 102 1
copy 10765 3 193273528326 31850496 101 1
copy 10766 3 193273528326 31850496 102 1
copy 10767 3 193273528327 31850496 101 1
copy 10768 3 193273528327 31850496 102 1
copy 10769 3 193273528328 31850496 101 1
copy 10770 3 193273528328 31850496 102 1
copy 10771 3 193273528329 31850496 101 1
copy 10772 3 193273528329 31850496 102 1
copy 10773 3 193273528330 31850496 101 1
copy 10774 3 193273528330 31850496 102 1
copy 10775 3 193273528331 31850496 101 1
copy 10776 3 193273528331 31850496 102 1
copy 10777 3 193273528332 31850496 101 1
copy 10778 3 193273528332 31850496 102 1
copy 10779 3 193273528333 31850496 101 1
copy 10780 3 193273528333 31850496 102 1
copy 10781 3 193273528334 31850496 101 1
copy 10782 3 193273528334 31850496 102 1
copy 10783 3 193273528335 31850496 101 1
copy 10784 3 193273528335 31850496 102 1
copy 10785 3 193273528336 31850496 101 1
copy 10786 3 193273528336 31850496 102 1
copy 10787 3 193273528337 31850496 101 1
copy 10788 3 193273528337 31850496 102 1
copy 10789 3 193273528338 31850496 101 1
copy 10790 3 193273528338 31850496 102 1
copy 10791 3 193273528339 31850496 101 1
copy 10792 3 193273528339 31850496 102 1
copy 10793 3 193273528340 31850496 101 1
copy 10794 3 193273528340 31850496 102 1
copy 10795 3 193273528341 31850496 101 1
copy 10796 3 193273528341 31850496 102 1
copy 10797 3 193273528342 31850496 101 1
copy 10798 3 193273528342 31850496 102 1
copy 10799 3 193273528343 31850496 101 1
copy 10800 3 193273528343 31850496 102 1
copy 10801 3 193273528344 31850496 101 1
copy 10802 3 193273528344 31850496 102 1
copy 10803 3 193273528345 31850496 101 1
copy 10804 3 193273528345 31850496 102 1
copy 10805 3 193273528346 31850496 101 1
copy 10806 3 193273528346 31850496 102 1
copy 10807 3 193273528347 31850496 101 1
copy 10808 3 193273528347 31850496 102 1
copy 10809 3 193273528348 31850496 101 1
copy 10810 3 193273528348 31850496 102 1
copy 10811 3 193273528349 31850496 101 1
copy 10812 3 193273528349 31850496 102 1
copy 10813 3 193273528350 31850496 101 1
copy 10814 3 193273528350 31850496 102 1
copy 10815 3 193273528351 31850496 101 1
copy 10816 3 193273528351 31850496 102 1
copy 10817 3 193273528352 31850496 101 1
copy 10818 3 193273528352 31850496 102 1
copy 10819 3 193273528353 31850496 101 1
copy 10820 3 193273528353 31850496 102 1
copy 10821 3 193273528354 31850496 101 1
copy 10822 3 193273528354 31850496 102 1
copy 10823 3 193273528355 31850496 101 1
copy 10824 3 193273528355 31850496 102 1
copy 10825 3 193273528356 31850496 101 1
copy 10826 3 193273528356 31850496 102 1
copy 10827 3 193273528357 31850496 101 1
copy 10828 3 193273528357 31850496 102 1
copy 10829 3 193273528358 31850496 101 1
copy 10830 3 193273528358 31850496 102 1
copy 10831 3 193273528359 31850496 101 1
copy 10832 3 193273528359 31850496 102 1
copy 10833 3 193273528360 31850496 101 1
copy 10834 3 193273528360 31850496 102 1
copy 10835 3 193273528361 31850496 101 1
copy 10836 3 193273528361 31850496 102 1
copy 10837 3 193273528362 31850496 101 1
copy 10838 3 193273528362 31850496 102 1
copy 10839 3 193273528363 31850496 101 1
copy 10840 3 193273528363 31850496 102 1
copy 10841 3 193273528364 31850496 101 1
copy 10842 3 193273528364 31850496 102 1
copy 10843 3 193273528365 31850496 101 1
copy 10844 3 193273528365 31850496 102 1
copy 10845 3 193273528366 31850496 101 1
copy 10846 3 193273528366 31850496 102 1
copy 10847 3 193273528367 31850496 101 1
copy 10848 3 193273528367 31850496 102 1
copy 10849 3 193273528368 31850496 101 1
copy 10850 3 193273528368 31850496 102 1
copy 10851 3 193273528369 31850496 101 1
copy 10852 3 193273528369 31850496 102 1
copy 10853 3 193273528370 31850496 101 1
copy 10854 3 193273528370 31850496 102 1
copy 10855 3 193273528371 31850496 101 1
copy 10856 3 193273528371 31850496 102 1
copy 10857 3 193273528372 31850496 101 1
copy 10858 3 193273528372 31850496 102 1
copy 10859 3 193273528373 31850496 101 1
copy 10860 3 193273528373 31850496 102 1
copy 10861 3 193273528374 31850496 101 1
copy 10862 3 193273528374 31850496 102 1
copy 10863 3 193273528375 31850496 101 1
copy 10864 3 193273528375 31850496 102 1
copy 10865 3 193273528376 31850496 101 1
copy 10866 3 193273528376 31850496 102 1
copy 10867 3 193273528377 31850496 101 1
copy 10868 3 193273528377 31850496 102 1
copy 10869 3 193273528378 31850496 101 1
copy 10870 3 193273528378 31850496 102 1
copy 10871 3 193273528379 31850496 101 1
copy 10872 3 193273528379 31850496 102 1
copy 10873 3 193273528380 31850496 101 1
copy 10874 3 193273528380 31850496 102 1
copy 10875 3 193273528381 31850496 101 1
copy 10876 3 193273528381 31850496 102 1
copy 10877 3 193273528382 31850496 101 1
copy 10878 3 193273528382 31850496 102 1
copy 10879 3 193273528383 31850496 101 1
copy 10880 3 193273528383 31850496 102 1
copy 10881 3 193273528384 31850496 101 1
copy 10882 3 193273528384 31850496 102 1
copy 10883 3 193273528385 31850496 101 1
copy 10884 3 193273528385 31850496 102 1
copy 10885 3 193273528386 31850496 101 1
copy 10886 3 193273528386 31850496 102 1
copy 10887 3 193273528387 31850496 101 1
copy 10888 3 193273528387 31850496 102 1
copy 10889 3 193273528388 31850496 101 1
copy 10890 3 193273528388 31850496 102 1
copy 10891 3 193273528389 31850496 101 1
copy 10892 3 193273528389 31850496 102 1
copy 10893 3 193273528390 31850496 101 1
copy 10894 3 193273528390 31850496 102 1
copy 10895 3 193273528391 31850496 101 1
copy 10896 3 193273528391 31850496 102 1
copy 10897 3 193273528392 31850496 101 1
copy 10898 3 193273528392 31850496 102 1
copy 10899 3 193273528393 31850496 101 1
copy 10900 3 193273528393 31850496 102 1
copy 10901 3 193273528394 31850496 101 1
copy 10902 3 193273528394 31850496 102 1
copy 10903 3 193273528395 31850496 101 1
copy 10904 3 193273528395 31850496 102 1
copy 10905 3 193273528396 31850496 101 1
copy 10906 3 193273528396 31850496 102 1
copy 10907 3 193273528397 31850496 101 1
copy 10908 3 193273528397 31850496 102 1
copy 10909 3 193273528398 31850496 101 1
copy 10910 3 193273528398 31850496 102 1
copy 10911 3 193273528399 31850496 101 1
copy 10912 3 193273528399 31850496 102 1
copy 10913 3 193273528400 31850496 101 1
copy 10914 3 193273528400 31850496 102 1
copy 10915 3 193273528401 31850496 101 1
copy 10916 3 193273528401 31850496 102 1
copy 10917 3 193273528402 31850496 101 1
copy 10918 3 193273528402 31850496 102 1
copy 10919 3 193273528403 31850496 101 1
copy 10920 3 193273528403 31850496 102 1
copy 10921 3 193273528404 31850496 101 1
copy 10922 3 193273528404 31850496 102 1
copy 10923 3 193273528405 31850496 101 1
copy 10924 3 193273528405 31850496 102 1
copy 10925 3 193273528406 31850496 101 1
copy 10926 3 193273528406 31850496 102 1
copy 10927 3 193273528407 31850496 101 1
copy 10928 3 193273528407 31850496 102 1
copy 10929 3 193273528408 31850496 101 1
copy 10930 3 193273528408 31850496 102 1
copy 10931 3 193273528409 31850496 101 1
copy 10932 3 193273528409 31850496 102 1
copy 10933 3 193273528410 31850496 101 1
copy 10934 3 193273528410 31850496 102 1
copy 10935 3 193273528411 31850496 101 1
copy 10936 3 193273528411 31850496 102 1
copy 10937 3 193273528412 31850496 101 1
copy 10938 3 193273528412 31850496 102 1
copy 10939 3 193273528413 31850496 101 1
copy 10940 3 193273528413 31850496 102 1
copy 10941 3 193273528414 31850496 101 1
copy 10942 3 193273528414 31850496 102 1
copy 10943 3 193273528415 31850496 101 1
copy 10944 3 193273528415 31850496 102 1
copy 10945 3 193273528416 31850496 101 1
copy 10946 3 193273528416 31850496 102 1
copy 10947 3 193273528417 31850496 101 1
copy 10948 3 193273528417 31850496 102 1
copy 10949 3 193273528418 31850496 101 1
copy 10950 3 193273528418 31850496 102 1
copy 10951 3 193273528419 31850496 101 1
copy 10952 3 193273528419 31850496 102 1
copy 10953 3 193273528420 31850496 101 1
copy 10954 3 193273528420 31850496 102 1
copy 10955 3 193273528421 31850496 101 1
copy 10956 3 193273528421 31850496 102 1
copy 10957 3 193273528422 31850496 101 1
copy 10958 3 193273528422 31850496 102 1
copy 10959 3 193273528423 31850496 101 1
copy 10960 3 193273528423 31850496 102 1
copy 10961 3 193273528424 31850496 101 1
copy 10962 3 193273528424 31850496 102 1
copy 10963 3 193273528425 31850496 101 1
copy 10964 3 193273528425 31850496 102 1
copy 10965 3 193273528426 31850496 101 1
copy 10966 3 193273528426 31850496 102 1
copy 10967 3 193273528427 31850496 101 1
copy 10968 3 193273528427 31850496 102 1
copy 10969 3 193273528428 31850496 101 1
copy 10970 3 193273528428 31850496 102 1
copy 10971 3 193273528429 31850496 101 1
copy 10972 3 193273528429 31850496 102 1
copy 10973 3 193273528430 31850496 101 1
copy 10974 3 193273528430 31850496 102 1
copy 10975 3 193273528431 31850496 101 1
copy 10976 3 193273528431 31850496 102 1
copy 10977 3 193273528432 31850496 101 1
copy 10978 3 193273528432 31850496 102 1
copy 10979 3 193273528433 31850496 101 1
copy 10980 3 193273528433 31850496 102 1
copy 10981 3 193273528434 31850496 101 1
copy 10982 3 193273528434 31850496 102 1
copy 10983 3 193273528435 31850496 101 1
copy 10984 3 193273528435 31850496 102 1
copy 10985 3 193273528436 31850496 101 1
copy 10986 3 193273528436 31850496 102 1
copy 10987 3 193273528437 31850496 101 1
copy 10988 3 193273528437 31850496 102 1
copy 10989 3 193273528438 31850496 101 1
copy 10990 3 193273528438 31850496 102 1
copy 10991 3 193273528439 31850496 101 1
copy 10992 3 193273528439 31850496 102 1
copy 10993 3 193273528440 31850496 101 1
copy 10994 3 193273528440 31850496 102 1
copy 10995 3 193273528441 31850496 101 1
copy 10996 3 193273528441 31850496 102 1
copy 10997 3 193273528442 31850496 101 1
copy 10998 3 193273528442 31850496 102 1
copy 10999 3 193273528443 31850496 101 1
copy 11000 3 193273528443 31850496 102 1
copy 11001 3 193273528444 31850496 101 1
copy 11002 3 193273528444 31850496 102 1
copy 11003 3 193273528445 31850496 101 1
copy 11004 3 193273528445 31850496 102 1
copy 11005 3 193273528446 31850496 101 1
copy 11006 3 193273528446 31850496 102 1
copy 11007 3 193273528447 31850496 101 1
copy 11008 3 193273528447 31850496 102 1
copy 11009 3 197568495616 31850496 101 1
copy 11010 3 197568495616 31850496 102 1
copy 11011 3 197568495617 31850496 101 1
copy 11012 3 197568495617 31850496 102 1
copy 11013 3 197568495618 31850496 101 1
copy 11014 3 197568495618 31850496 102 1
copy 11015 3 197568495619 31850496 101 1
copy 11016 3 197568495619 31850496 102 1
copy 11017 3 197568495620 31850496 101 1
copy 11018 3 197568495620 31850496 102 1
copy 11019 3 197568495621 31850496 101 1
copy 11020 3 197568495621 31850496 102 1
copy 11021 3 197568495622 31850496 101 1
copy 11022 3 197568495622 31850496 102 1
copy 11023 3 197568495623 31850496 101 1
copy 11024 3 197568495623 31850496 102 1
copy 11025 3 197568495624 31850496 101 1
copy 11026 3 197568495624 31850496 102 1
copy 11027 3 197568495625 31850496 101 1
copy 11028 3 197568495625 31850496 102 1
copy 11029 3 197568495626 31850496 101 1
copy 11030 3 197568495626 31850496 102 1
copy 11031 3 197568495627 31850496 101 1
copy 11032 3 197568495627 31850496 102 1
copy 11033 3 197568495628 31850496 101 1
copy 11034 3 197568495628 31850496 102 1
copy 11035 3 197568495629 31850496 101 1
copy 11036 3 197568495629 31850496 102 1
copy 11037 3 197568495630 31850496 101 1
copy 11038 3 197568495630 31850496 102 1
copy 11039 3 197568495631 31850496 101 1
copy 11040 3 197568495631 31850496 102 1
copy 11041 3 197568495632 31850496 101 1
copy 11042 3 197568495632 31850496 102 1
copy 11043 3 197568495633 31850496 101 1
copy 11044 3 197568495633 31850496 102 1
copy 11045 3 197568495634 31850496 101 1
copy 11046 3 197568495634 31850496 102 1
copy 11047 3 197568495635 31850496 101 1
copy 11048 3 197568495635 31850496 102 1
copy 11049 3 197568495636 31850496 101 1
copy 11050 3 197568495636 31850496 102 1
copy 11051 3 197568495637 31850496 101 1
copy 11052 3 197568495637 31850496 102 1
copy 11053 3 197568495638 31850496 101 1
copy 11054 3 197568495638 31850496 102 1
copy 11055 3 197568495639 31850496 101 1
copy 11056 3 197568495639 31850496 102 1
copy 11057 3 197568495640 31850496 101 1
copy 11058 3 197568495640 31850496 102 1
copy 11059 3 197568495641 31850496 101 1
copy 11060 3 197568495641 31850496 102 1
copy 11061 3 197568495642 31850496 101 1
copy 11062 3 197568495642 31850496 102 1
copy 11063 3 197568495643 31850496 101 1
copy 11064 3 197568495643 31850496 102 1
copy 11065 3 197568495644 31850496 101 1
copy 11066 3 197568495644 31850496 102 1
copy 11067 3 197568495645 31850496 101 1
copy 11068 3 197568495645 31850496 102 1
copy 11069 3 197568495646 31850496 101 1
copy 11070 3 197568495646 31850496 102 1
copy 11071 3 197568495647 31850496 101 1
copy 11072 3 197568495647 31850496 102 1
copy 11073 3 197568495648 31850496 101 1
copy 11074 3 197568495648 31850496 102 1
copy 11075 3 197568495649 31850496 101 1
copy 11076 3 197568495649 31850496 102 1
copy 11077 3 197568495650 31850496 101 1
copy 11078 3 197568495650 31850496 102 1
copy 11079 3 197568495651 31850496 101 1
copy 11080 3 197568495651 31850496 102 1
copy 11081 3 197568495652 31850496 101 1
copy 11082 3 197568495652 31850496 102 1
copy 11083 3 197568495653 31850496 101 1
copy 11084 3 197568495653 31850496 102 1
copy 11085 3 197568495654 31850496 101 1
copy 11086 3 197568495654 31850496 102 1
copy 11087 3 197568495655 31850496 101 1
copy 11088 3 197568495655 31850496 102 1
copy 11089 3 197568495656 31850496 101 1
copy 11090 3 197568495656 31850496 102 1
copy 11091 3 197568495657 31850496 101 1
copy 11092 3 197568495657 31850496 102 1
copy 11093 3 197568495658 31850496 101 1
copy 11094 3 197568495658 31850496 102 1
copy 11095 3 197568495659 31850496 101 1
copy 11096 3 197568495659 31850496 102 1
copy 11097 3 197568495660 31850496 101 1
copy 11098 3 197568495660 31850496 102 1
copy 11099 3 197568495661 31850496 101 1
copy 11100 3 197568495661 31850496 102 1
copy 11101 3 197568495662 31850496 101 1
copy 11102 3 197568495662 31850496 102 1
copy 11103 3 197568495663 31850496 101 1
copy 11104 3 197568495663 31850496 102 1
copy 11105 3 197568495664 31850496 101 1
copy 11106 3 197568495664 31850496 102 1
copy 11107 3 197568495665 31850496 101 1
copy 11108 3 197568495665 31850496 102 1
copy 11109 3 197568495666 31850496 101 1
copy 11110 3 197568495666 31850496 102 1
copy 11111 3 197568495667 31850496 101 1
copy 11112 3 197568495667 31850496 102 1
copy 11113 3 197568495668 31850496 101 1
copy 11114 3 197568495668 31850496 102 1
copy 11115 3 197568495669 31850496 101 1
copy 11116 3 197568495669 31850496 102 1
copy 11117 3 197568495670 31850496 101 1
copy 11118 3 197568495670 31850496 102 1
copy 11119 3 197568495671 31850496 101 1
copy 11120 3 197568495671 31850496 102 1
copy 11121 3 197568495672 31850496 101 1
copy 11122 3 197568495672 31850496 102 1
copy 11123 3 197568495673 31850496 101 1
copy 11124 3 197568495673 31850496 102 1
copy 11125 3 197568495674 31850496 101 1
copy 11126 3 197568495674 31850496 102 1
copy 11127 3 197568495675 31850496 101 1
copy 11128 3 197568495675 31850496 102 1
copy 11129 3 197568495676 31850496 101 1
copy 11130 3 197568495676 31850496 102 1
copy 11131 3 197568495677 31850496 101 1
copy 11132 3 197568495677 31850496 102 1
copy 11133 3 197568495678 31850496 101 1
copy 11134 3 197568495678 31850496 102 1
copy 11135 3 197568495679 31850496 101 1
copy 11136 3 197568495679 31850496 102 1
copy 11137 3 197568495680 31850496 101 1
copy 11138 3 197568495680 31850496 102 1
copy 11139 3 197568495681 31850496 101 1
copy 11140 3 197568495681 31850496 102 1
copy 11141 3 197568495682 31850496 101 1
copy 11142 3 197568495682 31850496 102 1
copy 11143 3 197568495683 31850496 101 1
copy 11144 3 197568495683 31850496 102 1
copy 11145 3 197568495684 31850496 101 1
copy 11146 3 197568495684 31850496 102 1
copy 11147 3 197568495685 31850496 101 1
copy 11148 3 197568495685 31850496 102 1
copy 11149 3 197568495686 31850496 101 1
copy 11150 3 197568495686 31850496 102 1
copy 11151 3 197568495687 31850496 101 1
copy 11152 3 197568495687 31850496 102 1
copy 11153 3 197568495688 31850496 101 1
copy 11154 3 197568495688 31850496 102 1
copy 11155 3 197568495689 31850496 101 1
copy 11156 3 197568495689 31850496 102 1
copy 11157 3 197568495690 31850496 101 1
copy 11158 3 197568495690 31850496 102 1
copy 11159 3 197568495691 31850496 101 1
copy 11160 3 197568495691 31850496 102 1
copy 11161 3 197568495692 31850496 101 1
copy 11162 3 197568495692 31850496 102 1
copy 11163 3 197568495693 31850496 101 1
copy 11164 3 197568495693 31850496 102 1
copy 11165 3 197568495694 31850496 101 1
copy 11166 3 197568495694 31850496 102 1
copy 11167 3 197568495695 31850496 101 1
copy 11168 3 197568495695 31850496 102 1
copy 11169 3 197568495696 31850496 101 1
copy 11170 3 197568495696 31850496 102 1
copy 11171 3 197568495697 31850496 101 1
copy 11172 3 197568495697 31850496 102 1
copy 11173 3 197568495698 31850496 101 1
copy 11174 3 197568495698 31850496 102 1
copy 11175 3 197568495699 31850496 101 1
copy 11176 3 197568495699 31850496 102 1
copy 11177 3 197568495700 31850496 101 1
copy 11178 3 197568495700 31850496 102 1
copy 11179 3 197568495701 31850496 101 1
copy 11180 3 197568495701 31850496 102 1
copy 11181 3 197568495702 31850496 101 1
copy 11182 3 197568495702 31850496 102 1
copy 11183 3 197568495703 31850496 101 1
copy 11184 3 197568495703 31850496 102 1
copy 11185 3 197568495704 31850496 101 1
copy 11186 3 197568495704 31850496 102 1
copy 11187 3 197568495705 31850496 101 1
copy 11188 3 197568495705 31850496 102 1
copy 11189 3 197568495706 31850496 101 1
copy 11190 3 197568495706 31850496 102 1
copy 11191 3 197568495707 31850496 101 1
copy 11192 3 197568495707 31850496 102 1
copy 11193 3 197568495708 31850496 101 1
copy 11194 3 197568495708 31850496 102 1
copy 11195 3 197568495709 31850496 101 1
copy 11196 3 197568495709 31850496 102 1
copy 11197 3 197568495710 31850496 101 1
copy 11198 3 197568495710 31850496 102 1
copy 11199 3 197568495711 31850496 101 1
copy 11200 3 197568495711 31850496 102 1
copy 11201 3 197568495712 31850496 101 1
copy 11202 3 197568495712 31850496 102 1
copy 11203 3 197568495713 31850496 101 1
copy 11204 3 197568495713 31850496 102 1
copy 11205 3 197568495714 31850496 101 1
copy 11206 3 197568495714 31850496 102 1
copy 11207 3 197568495715 31850496 101 1
copy 11208 3 197568495715 31850496 102 1
copy 11209 3 197568495716 31850496 101 1
copy 11210 3 197568495716 31850496 102 1
copy 11211 3 197568495717 31850496 101 1
copy 11212 3 197568495717 31850496 102 1
copy 11213 3 197568495718 31850496 101 1
copy 11214 3 197568495718 31850496 102 1
copy 11215 3 197568495719 31850496 101 1
copy 11216 3 197568495719 31850496 102 1
copy 11217 3 197568495720 31850496 101 1
copy 11218 3 197568495720 31850496 102 1
copy 11219 3 197568495721 31850496 101 1
copy 11220 3 197568495721 31850496 102 1
copy 11221 3 197568495722 31850496 101 1
copy 11222 3 197568495722 31850496 102 1
copy 11223 3 197568495723 31850496 101 1
copy 11224 3 197568495723 31850496 102 1
copy 11225 3 197568495724 31850496 101 1
copy 11226 3 197568495724 31850496 102 1
copy 11227 3 197568495725 31850496 101 1
copy 11228 3 197568495725 31850496 102 1
copy 11229 3 197568495726 31850496 101 1
copy 11230 3 197568495726 31850496 102 1
copy 11231 3 197568495727 31850496 101 1
copy 11232 3 197568495727 31850496 102 1
copy 11233 3 197568495728 31850496 101 1
copy 11234 3 197568495728 31850496 102 1
copy 11235 3 197568495729 31850496 101 1
copy 11236 3 197568495729 31850496 102 1
copy 11237 3 197568495730 31850496 101 1
copy 11238 3 197568495730 31850496 102 1
copy 11239 3 197568495731 31850496 101 1
copy 11240 3 197568495731 31850496 102 1
copy 11241 3 197568495732 31850496 101 1
copy 11242 3 197568495732 31850496 102 1
copy 11243 3 197568495733 31850496 101 1
copy 11244 3 197568495733 31850496 102 1
copy 11245 3 197568495734 31850496 101 1
copy 11246 3 197568495734 31850496 102 1
copy 11247 3 197568495735 31850496 101 1
copy 11248 3 197568495735 31850496 102 1
copy 11249 3 197568495736 31850496 101 1
copy 11250 3 197568495736 31850496 102 1
copy 11251 3 197568495737 31850496 101 1
copy 11252 3 197568495737 31850496 102 1
copy 11253 3 197568495738 31850496 101 1
copy 11254 3 197568495738 31850496 102 1
copy 11255 3 197568495739 31850496 101 1
copy 11256 3 197568495739 31850496 102 1
copy 11257 3 197568495740 31850496 101 1
copy 11258 3 197568495740 31850496 102 1
copy 11259 3 197568495741 31850496 101 1
copy 11260 3 197568495741 31850496 102 1
copy 11261 3 197568495742 31850496 101 1
copy 11262 3 197568495742 31850496 102 1
copy 11263 3 197568495743 31850496 101 1
copy 11264 3 197568495743 31850496 102 1
copy 11265 3 201863462912 31850496 101 1
copy 11266 3 201863462912 31850496 102 1
copy 11267 3 201863462913 31850496 101 1
copy 11268 3 201863462913 31850496 102 1
copy 11269 3 201863462914 31850496 101 1
copy 11270 3 201863462914 31850496 102 1
copy 11271 3 201863462915 31850496 101 1
copy 11272 3 201863462915 31850496 102 1
copy 11273 3 201863462916 31850496 101 1
copy 11274 3 201863462916 31850496 102 1
copy 11275 3 201863462917 31850496 101 1
copy 11276 3 201863462917 31850496 102 1
copy 11277 3 201863462918 31850496 101 1
copy 11278 3 201863462918 31850496 102 1
copy 11279 3 201863462919 31850496 101 1
copy 11280 3 201863462919 31850496 102 1
copy 11281 3 201863462920 31850496 101 1
copy 11282 3 201863462920 31850496 102 1
copy 11283 3 201863462921 31850496 101 1
copy 11284 3 201863462921 31850496 102 1
copy 11285 3 201863462922 31850496 101 1
copy 11286 3 201863462922 31850496 102 1
copy 11287 3 201863462923 31850496 101 1
copy 11288 3 201863462923 31850496 102 1
copy 11289 3 201863462924 31850496 101 1
copy 11290 3 201863462924 31850496 102 1
copy 11291 3 201863462925 31850496 101 1
copy 11292 3 201863462925 31850496 102 1
copy 11293 3 201863462926 31850496 101 1
copy 11294 3 201863462926 31850496 102 1
copy 11295 3 201863462927 31850496 101 1
copy 11296 3 201863462927 31850496 102 1
copy 11297 3 201863462928 31850496 101 1
copy 11298 3 201863462928 31850496 102 1
copy 11299 3 201863462929 31850496 101 1
copy 11300 3 201863462929 31850496 102 1
copy 11301 3 201863462930 31850496 101 1
copy 11302 3 201863462930 31850496 102 1
copy 11303 3 201863462931 31850496 101 1
copy 11304 3 201863462931 31850496 102 1
copy 11305 3 201863462932 31850496 101 1
copy 11306 3 201863462932 31850496 102 1
copy 11307 3 201863462933 31850496 101 1
copy 11308 3 201863462933 31850496 102 1
copy 11309 3 201863462934 31850496 101 1
copy 11310 3 201863462934 31850496 102 1
copy 11311 3 201863462935 31850496 101 1
copy 11312 3 201863462935 31850496 102 1
copy 11313 3 201863462936 31850496 101 1
copy 11314 3 201863462936 31850496 102 1
copy 11315 3 201863462937 31850496 101 1
copy 11316 3 201863462937 31850496 102 1
copy 11317 3 201863462938 31850496 101 1
copy 11318 3 201863462938 31850496 102 1
copy 11319 3 201863462939 31850496 101 1
copy 11320 3 201863462939 31850496 102 1
copy 11321 3 201863462940 31850496 101 1
copy 11322 3 201863462940 31850496 102 1
copy 11323 3 201863462941 31850496 101 1
copy 11324 3 201863462941 31850496 102 1
copy 11325 3 201863462942 31850496 101 1
copy 11326 3 201863462942 31850496 102 1
copy 11327 3 201863462943 31850496 101 1
copy 11328 3 201863462943 31850496 102 1
copy 11329 3 201863462944 31850496 101 1
copy 11330 3 201863462944 31850496 102 1
copy 11331 3 201863462945 31850496 101 1
copy 11332 3 201863462945 31850496 102 1
copy 11333 3 201863462946 31850496 101 1
copy 11334 3 201863462946 31850496 102 1
copy 11335 3 201863462947 31850496 101 1
copy 11336 3 201863462947 31850496 102 1
copy 11337 3 201863462948 31850496 101 1
copy 11338 3 201863462948 31850496 102 1
copy 11339 3 201863462949 31850496 101 1
copy 11340 3 201863462949 31850496 102 1
copy 11341 3 201863462950 31850496 101 1
copy 11342 3 201863462950 31850496 102 1
copy 11343 3 201863462951 31850496 101 1
copy 11344 3 201863462951 31850496 102 1
copy 11345 3 201863462952 31850496 101 1
copy 11346 3 201863462952 31850496 102 1
copy 11347 3 201863462953 31850496 101 1
copy 11348 3 201863462953 31850496 102 1
copy 11349 3 201863462954 31850496 101 1
copy 11350 3 201863462954 31850496 102 1
copy 11351 3 201863462955 31850496 101 1
copy 11352 3 201863462955 31850496 102 1
copy 11353 3 201863462956 31850496 101 1
copy 11354 3 201863462956 31850496 102 1
copy 11355 3 201863462957 31850496 101 1
copy 11356 3 201863462957 31850496 102 1
copy 11357 3 201863462958 31850496 101 1
copy 11358 3 201863462958 31850496 102 1
copy 11359 3 201863462959 31850496 101 1
copy 11360 3 201863462959 31850496 102 1
copy 11361 3 201863462960 31850496 101 1
copy 11362 3 201863462960 31850496 102 1
copy 11363 3 201863462961 31850496 101 1
copy 11364 3 201863462961 31850496 102 1
copy 11365 3 201863462962 31850496 101 1
copy 11366 3 201863462962 31850496 102 1
copy 11367 3 201863462963 31850496 101 1
copy 11368 3 201863462963 31850496 102 1
copy 11369 3 201863462964 31850496 101 1
copy 11370 3 201863462964 31850496 102 1
copy 11371 3 201863462965 31850496 101 1
copy 11372 3 201863462965 31850496 102 1
copy 11373 3 201863462966 31850496 101 1
copy 11374 3 201863462966 31850496 102 1
copy 11375 3 201863462967 31850496 101 1
copy 11376 3 201863462967 31850496 102 1
copy 11377 3 201863462968 31850496 101 1
copy 11378 3 201863462968 31850496 102 1
copy 11379 3 201863462969 31850496 101 1
copy 11380 3 201863462969 31850496 102 1
copy 11381 3 201863462970 31850496 101 1
copy 11382 3 201863462970 31850496 102 1
copy 11383 3 201863462971 31850496 101 1
copy 11384 3 201863462971 31850496 102 1
copy 11385 3 201863462972 31850496 101 1
copy 11386 3 201863462972 31850496 102 1
copy 11387 3 201863462973 31850496 101 1
copy 11388 3 201863462973 31850496 102 1
copy 11389 3 201863462974 31850496 101 1
copy 11390 3 201863462974 31850496 102 1
copy 11391 3 201863462975 31850496 101 1
copy 11392 3 201863462975 31850496 102 1
copy 11393 3 201863462976 31850496 101 1
copy 11394 3 201863462976 31850496 102 1
copy 11395 3 201863462977 31850496 101 1
copy 11396 3 201863462977 31850496 102 1
copy 11397 3 201863462978 31850496 101 1
copy 11398 3 201863462978 31850496 102 1
copy 11399 3 201863462979 31850496 101 1
copy 11400 3 201863462979 31850496 102 1
copy 11401 3 201863462980 31850496 101 1
copy 11402 3 201863462980 31850496 102 1
copy 11403 3 201863462981 31850496 101 1
copy 11404 3 201863462981 31850496 102 1
copy 11405 3 201863462982 31850496 101 1
copy 11406 3 201863462982 31850496 102 1
copy 11407 3 201863462983 31850496 101 1
copy 11408 3 201863462983 31850496 102 1
copy 11409 3 201863462984 31850496 101 1
copy 11410 3 201863462984 31850496 102 1
copy 11411 3 201863462985 31850496 101 1
copy 11412 3 201863462985 31850496 102 1
copy 11413 3 201863462986 31850496 101 1
copy 11414 3 201863462986 31850496 102 1
copy 11415 3 201863462987 31850496 101 1
copy 11416 3 201863462987 31850496 102 1
copy 11417 3 201863462988 31850496 101 1
copy 11418 3 201863462988 31850496 102 1
copy 11419 3 201863462989 31850496 101 1
copy 11420 3 201863462989 31850496 102 1
copy 11421 3 201863462990 31850496 101 1
copy 11422 3 201863462990 31850496 102 1
copy 11423 3 201863462991 31850496 101 1
copy 11424 3 201863462991 31850496 102 1
copy 11425 3 201863462992 31850496 101 1
copy 11426 3 201863462992 31850496 102 1
copy 11427 3 201863462993 31850496 101 1
copy 11428 3 201863462993 31850496 102 1
copy 11429 3 201863462994 31850496 101 1
copy 11430 3 201863462994 31850496 102 1
copy 11431 3 201863462995 31850496 101 1
copy 11432 3 201863462995 31850496 102 1
copy 11433 3 201863462996 31850496 101 1
copy 11434 3 201863462996 31850496 102 1
copy 11435 3 201863462997 31850496 101 1
copy 11436 3 201863462997 31850496 102 1
copy 11437 3 201863462998 31850496 101 1
copy 11438 3 201863462998 31850496 102 1
copy 11439 3 201863462999 31850496 101 1
copy 11440 3 201863462999 31850496 102 1
copy 11441 3 201863463000 31850496 101 1
copy 11442 3 201863463000 31850496 102 1
copy 11443 3 201863463001 31850496 101 1
copy 11444 3 201863463001 31850496 102 1
copy 11445 3 201863463002 31850496 101 1
copy 11446 3 201863463002 31850496 102 1
copy 11447 3 201863463003 31850496 101 1
copy 11448 3 201863463003 31850496 102 1
copy 11449 3 201863463004 31850496 101 1
copy 11450 3 201863463004 31850496 102 1
copy 11451 3 201863463005 31850496 101 1
copy 11452 3 201863463005 31850496 102 1
copy 11453 3 201863463006 31850496 101 1
copy 11454 3 201863463006 31850496 102 1
copy 11455 3 201863463007 31850496 101 1
copy 11456 3 201863463007 31850496 102 1
copy 11457 3 201863463008 31850496 101 1
copy 11458 3 201863463008 31850496 102 1
copy 11459 3 201863463009 31850496 101 1
copy 11460 3 201863463009 31850496 102 1
copy 11461 3 201863463010 31850496 101 1
copy 11462 3 201863463010 31850496 102 1
copy 11463 3 201863463011 31850496 101 1
copy 11464 3 201863463011 31850496 102 1
copy 11465 3 201863463012 31850496 101 1
copy 11466 3 201863463012 31850496 102 1
copy 11467 3 201863463013 31850496 101 1
copy 11468 3 201863463013 31850496 102 1
copy 11469 3 201863463014 31850496 101 1
copy 11470 3 201863463014 31850496 102 1
copy 11471 3 201863463015 31850496 101 1
copy 11472 3 201863463015 31850496 102 1
copy 11473 3 201863463016 31850496 101 1
copy 11474 3 201863463016 31850496 102 1
copy 11475 3 201863463017 31850496 101 1
copy 11476 3 201863463017 31850496 102 1
copy 11477 3 201863463018 31850496 101 1
copy 11478 3 201863463018 31850496 102 1
copy 11479 3 201863463019 31850496 101 1
copy 11480 3 201863463019 31850496 102 1
copy 11481 3 201863463020 31850496 101 1
copy 11482 3 201863463020 31850496 102 1
copy 11483 3 201863463021 31850496 101 1
copy 11484 3 201863463021 31850496 102 1
copy 11485 3 201863463022 31850496 101 1
copy 11486 3 201863463022 31850496 102 1
copy 11487 3 201863463023 31850496 101 1
copy 11488 3 201863463023 31850496 102 1
copy 11489 3 201863463024 31850496 101 1
copy 11490 3 201863463024 31850496 102 1
copy 11491 3 201863463025 31850496 101 1
copy 11492 3 201863463025 31850496 102 1
copy 11493 3 201863463026 31850496 101 1
copy 11494 3 201863463026 31850496 102 1
copy 11495 3 201863463027 31850496 101 1
copy 11496 3 201863463027 31850496 102 1
copy 11497 3 201863463028 31850496 101 1
copy 11498 3 201863463028 31850496 102 1
copy 11499 3 201863463029 31850496 101 1
copy 11500 3 201863463029 31850496 102 1
copy 11501 3 201863463030 31850496 101 1
copy 11502 3 201863463030 31850496 102 1
copy 11503 3 201863463031 31850496 101 1
copy 11504 3 201863463031 31850496 102 1
copy 11505 3 201863463032 31850496 101 1
copy 11506 3 201863463032 31850496 102 1
copy 11507 3 201863463033 31850496 101 1
copy 11508 3 201863463033 31850496 102 1
copy 11509 3 201863463034 31850496 101 1
copy 11510 3 201863463034 31850496 102 1
copy 11511 3 201863463035 31850496 101 1
copy 11512 3 201863463035 31850496 102 1
copy 11513 3 201863463036 31850496 101 1
copy 11514 3 201863463036 31850496 102 1
copy 11515 3 201863463037 31850496 101 1
copy 11516 3 201863463037 31850496 102 1
copy 11517 3 201863463038 31850496 101 1
copy 11518 3 201863463038 31850496 102 1
copy 11519 3 201863463039 31850496 101 1
copy 11520 3 201863463039 31850496 102 1
copy 11521 3 206158430208 31850496 101 1
copy 11522 3 206158430208 31850496 102 1
copy 11523 3 206158430209 31850496 101 1
copy 11524 3 206158430209 31850496 102 1
copy 11525 3 206158430210 31850496 101 1
copy 11526 3 206158430210 31850496 102 1
copy 11527 3 206158430211 31850496 101 1
copy 11528 3 206158430211 31850496 102 1
copy 11529 3 206158430212 31850496 101 1
copy 11530 3 206158430212 31850496 102 1
copy 11531 3 206158430213 31850496 101 1
copy 11532 3 206158430213 31850496 102 1
copy 11533 3 206158430214 31850496 101 1
copy 11534 3 206158430214 31850496 102 1
copy 11535 3 206158430215 31850496 101 1
copy 11536 3 206158430215 31850496 102 1
copy 11537 3 206158430216 31850496 101 1
copy 11538 3 206158430216 31850496 102 1
copy 11539 3 206158430217 31850496 101 1
copy 11540 3 206158430217 31850496 102 1
copy 11541 3 206158430218 31850496 101 1
copy 11542 3 206158430218 31850496 102 1
copy 11543 3 206158430219 31850496 101 1
copy 11544 3 206158430219 31850496 102 1
copy 11545 3 206158430220 31850496 101 1
copy 11546 3 206158430220 31850496 102 1
copy 11547 3 206158430221 31850496 101 1
copy 11548 3 206158430221 31850496 102 1
copy 11549 3 206158430222 31850496 101 1
copy 11550 3 206158430222 31850496 102 1
copy 11551 3 206158430223 31850496 101 1
copy 11552 3 206158430223 31850496 102 1
copy 11553 3 206158430224 31850496 101 1
copy 11554 3 206158430224 31850496 102 1
copy 11555 3 206158430225 31850496 101 1
copy 11556 3 206158430225 31850496 102 1
copy 11557 3 206158430226 31850496 101 1
copy 11558 3 206158430226 31850496 102 1
copy 11559 3 206158430227 31850496 101 1
copy 11560 3 206158430227 31850496 102 1
copy 11561 3 206158430228 31850496 101 1
copy 11562 3 206158430228 31850496 102 1
copy 11563 3 206158430229 31850496 101 1
copy 11564 3 206158430229 31850496 102 1
copy 11565 3 206158430230 31850496 101 1
copy 11566 3 206158430230 31850496 102 1
copy 11567 3 206158430231 31850496 101 1
copy 11568 3 206158430231 31850496 102 1
copy 11569 3 206158430232 31850496 101 1
copy 11570 3 206158430232 31850496 102 1
copy 11571 3 206158430233 31850496 101 1
copy 11572 3 206158430233 31850496 102 1
copy 11573 3 206158430234 31850496 101 1
copy 11574 3 206158430234 31850496 102 1
copy 11575 3 206158430235 31850496 101 1
copy 11576 3 206158430235 31850496 102 1
copy 11577 3 206158430236 31850496 101 1
copy 11578 3 206158430236 31850496 102 1
copy 11579 3 206158430237 31850496 101 1
copy 11580 3 206158430237 31850496 102 1
copy 11581 3 206158430238 31850496 101 1
copy 11582 3 206158430238 31850496 102 1
copy 11583 3 206158430239 31850496 101 1
copy 11584 3 206158430239 31850496 102 1
copy 11585 3 206158430240 31850496 101 1
copy 11586 3 206158430240 31850496 102 1
copy 11587 3 206158430241 31850496 101 1
copy 11588 3 206158430241 31850496 102 1
copy 11589 3 206158430242 31850496 101 1
copy 11590 3 206158430242 31850496 102 1
copy 11591 3 206158430243 31850496 101 1
copy 11592 3 206158430243 31850496 102 1
copy 11593 3 206158430244 31850496 101 1
copy 11594 3 206158430244 31850496 102 1
copy 11595 3 206158430245 31850496 101 1
copy 11596 3 206158430245 31850496 102 1
copy 11597 3 206158430246 31850496 101 1
copy 11598 3 206158430246 31850496 102 1
copy 11599 3 206158430247 31850496 101 1
copy 11600 3 206158430247 31850496 102 1
copy 11601 3 206158430248 31850496 101 1
copy 11602 3 206158430248 31850496 102 1
copy 11603 3 206158430249 31850496 101 1
copy 11604 3 206158430249 31850496 102 1
copy 11605 3 206158430250 31850496 101 1
copy 11606 3 206158430250 31850496 102 1
copy 11607 3 206158430251 31850496 101 1
copy 11608 3 206158430251 31850496 102 1
copy 11609 3 206158430252 31850496 101 1
copy 11610 3 206158430252 31850496 102 1
copy 11611 3 206158430253 31850496 101 1
copy 11612 3 206158430253 31850496 102 1
copy 11613 3 206158430254 31850496 101 1
copy 11614 3 206158430254 31850496 102 1
copy 11615 3 206158430255 31850496 101 1
copy 11616 3 206158430255 31850496 102 1
copy 11617 3 206158430256 31850496 101 1
copy 11618 3 206158430256 31850496 102 1
copy 11619 3 206158430257 31850496 101 1
copy 11620 3 206158430257 31850496 102 1
copy 11621 3 206158430258 31850496 101 1
copy 11622 3 206158430258 31850496 102 1
copy 11623 3 206158430259 31850496 101 1
copy 11624 3 206158430259 31850496 102 1
copy 11625 3 206158430260 31850496 101 1
copy 11626 3 206158430260 31850496 102 1
copy 11627 3 206158430261 31850496 101 1
copy 11628 3 206158430261 31850496 102 1
copy 11629 3 206158430262 31850496 101 1
copy 11630 3 206158430262 31850496 102 1
copy 11631 3 206158430263 31850496 101 1
copy 11632 3 206158430263 31850496 102 1
copy 11633 3 206158430264 31850496 101 1
copy 11634 3 206158430264 31850496 102 1
copy 11635 3 206158430265 31850496 101 1
copy 11636 3 206158430265 31850496 102 1
copy 11637 3 206158430266 31850496 101 1
copy 11638 3 206158430266 31850496 102 1
copy 11639 3 206158430267 31850496 101 1
copy 11640 3 206158430267 31850496 102 1
copy 11641 3 206158430268 31850496 101 1
copy 11642 3 206158430268 31850496 102 1
copy 11643 3 206158430269 31850496 101 1
copy 11644 3 206158430269 31850496 102 1
copy 11645 3 206158430270 31850496 101 1
copy 11646 3 206158430270 31850496 102 1
copy 11647 3 206158430271 31850496 101 1
copy 11648 3 206158430271 31850496 102 1
copy 11649 3 206158430272 31850496 101 1
copy 11650 3 206158430272 31850496 102 1
copy 11651 3 206158430273 31850496 101 1
copy 11652 3 206158430273 31850496 102 1
copy 11653 3 206158430274 31850496 101 1
copy 11654 3 206158430274 31850496 102 1
copy 11655 3 206158430275 31850496 101 1
copy 11656 3 206158430275 31850496 102 1
copy 11657 3 206158430276 31850496 101 1
copy 11658 3 206158430276 31850496 102 1
copy 11659 3 206158430277 31850496 101 1
copy 11660 3 206158430277 31850496 102 1
copy 11661 3 206158430278 31850496 101 1
copy 11662 3 206158430278 31850496 102 1
copy 11663 3 206158430279 31850496 101 1
copy 11664 3 206158430279 31850496 102 1
copy 11665 3 206158430280 31850496 101 1
copy 11666 3 206158430280 31850496 102 1
copy 11667 3 206158430281 31850496 101 1
copy 11668 3 206158430281 31850496 102 1
copy 11669 3 206158430282 31850496 101 1
copy 11670 3 206158430282 31850496 102 1
copy 11671 3 206158430283 31850496 101 1
copy 11672 3 206158430283 31850496 102 1
copy 11673 3 206158430284 31850496 101 1
copy 11674 3 206158430284 31850496 102 1
copy 11675 3 206158430285 31850496 101 1
copy 11676 3 206158430285 31850496 102 1
copy 11677 3 206158430286 31850496 101 1
copy 11678 3 206158430286 31850496 102 1
copy 11679 3 206158430287 31850496 101 1
copy 11680 3 206158430287 31850496 102 1
copy 11681 3 206158430288 31850496 101 1
copy 11682 3 206158430288 31850496 102 1
copy 11683 3 206158430289 31850496 101 1
copy 11684 3 206158430289 31850496 102 1
copy 11685 3 206158430290 31850496 101 1
copy 11686 3 206158430290 31850496 102 1
copy 11687 3 206158430291 31850496 101 1
copy 11688 3 206158430291 31850496 102 1
copy 11689 3 206158430292 31850496 101 1
copy 11690 3 206158430292 31850496 102 1
copy 11691 3 206158430293 31850496 101 1
copy 11692 3 206158430293 31850496 102 1
copy 11693 3 206158430294 31850496 101 1
copy 11694 3 206158430294 31850496 102 1
copy 11695 3 206158430295 31850496 101 1
copy 11696 3 206158430295 31850496 102 1
copy 11697 3 206158430296 31850496 101 1
copy 11698 3 206158430296 31850496 102 1
copy 11699 3 206158430297 31850496 101 1
copy 11700 3 206158430297 31850496 102 1
copy 11701 3 206158430298 31850496 101 1
copy 11702 3 206158430298 31850496 102 1
copy 11703 3 206158430299 31850496 101 1
copy 11704 3 206158430299 31850496 102 1
copy 11705 3 206158430300 31850496 101 1
copy 11706 3 206158430300 31850496 102 1
copy 11707 3 206158430301 31850496 101 1
copy 11708 3 206158430301 31850496 102 1
copy 11709 3 206158430302 31850496 101 1
copy 11710 3 206158430302 31850496 102 1
copy 11711 3 206158430303 31850496 101 1
copy 11712 3 206158430303 31850496 102 1
copy 11713 3 206158430304 31850496 101 1
copy 11714 3 206158430304 31850496 102 1
copy 11715 3 206158430305 31850496 101 1
copy 11716 3 206158430305 31850496 102 1
copy 11717 3 206158430306 31850496 101 1
copy 11718 3 206158430306 31850496 102 1
copy 11719 3 206158430307 31850496 101 1
copy 11720 3 206158430307 31850496 102 1
copy 11721 3 206158430308 31850496 101 1
copy 11722 3 206158430308 31850496 102 1
copy 11723 3 206158430309 31850496 101 1
copy 11724 3 206158430309 31850496 102 1
copy 11725 3 206158430310 31850496 101 1
copy 11726 3 206158430310 31850496 102 1
copy 11727 3 206158430311 31850496 101 1
copy 11728 3 206158430311 31850496 102 1
copy 11729 3 206158430312 31850496 101 1
copy 11730 3 206158430312 31850496 102 1
copy 11731 3 206158430313 31850496 101 1
copy 11732 3 206158430313 31850496 102 1
copy 11733 3 206158430314 31850496 101 1
copy 11734 3 206158430314 31850496 102 1
copy 11735 3 206158430315 31850496 101 1
copy 11736 3 206158430315 31850496 102 1
copy 11737 3 206158430316 31850496 101 1
copy 11738 3 206158430316 31850496 102 1
copy 11739 3 206158430317 31850496 101 1
copy 11740 3 206158430317 31850496 102 1
copy 11741 3 206158430318 31850496 101 1
copy 11742 3 206158430318 31850496 102 1
copy 11743 3 206158430319 31850496 101 1
copy 11744 3 206158430319 31850496 102 1
copy 11745 3 206158430320 31850496 101 1
copy 11746 3 206158430320 31850496 102 1
copy 11747 3 206158430321 31850496 101 1
copy 11748 3 206158430321 31850496 102 1
copy 11749 3 206158430322 31850496 101 1
copy 11750 3 206158430322 31850496 102 1
copy 11751 3 206158430323 31850496 101 1
copy 11752 3 206158430323 31850496 102 1
copy 11753 3 206158430324 31850496 101 1
copy 11754 3 206158430324 31850496 102 1
copy 11755 3 206158430325 31850496 101 1
copy 11756 3 206158430325 31850496 102 1
copy 11757 3 206158430326 31850496 101 1
copy 11758 3 206158430326 31850496 102 1
copy 11759 3 206158430327 31850496 101 1
copy 11760 3 206158430327 31850496 102 1
copy 11761 3 206158430328 31850496 101 1
copy 11762 3 206158430328 31850496 102 1
copy 11763 3 206158430329 31850496 101 1
copy 11764 3 206158430329 31850496 102 1
copy 11765 3 206158430330 31850496 101 1
copy 11766 3 206158430330 31850496 102 1
copy 11767 3 206158430331 31850496 101 1
copy 11768 3 206158430331 31850496 102 1
copy 11769 3 206158430332 31850496 101 1
copy 11770 3 206158430332 31850496 102 1
copy 11771 3 206158430333 31850496 101 1
copy 11772 3 206158430333 31850496 102 1
copy 11773 3 206158430334 31850496 101 1
copy 11774 3 206158430334 31850496 102 1
copy 11775 3 206158430335 31850496 101 1
copy 11776 3 206158430335 31850496 102 1
copy 11777 3 210453397504 31850496 101 1
copy 11778 3 210453397504 31850496 102 1
copy 11779 3 210453397505 31850496 101 1
copy 11780 3 210453397505 31850496 102 1
copy 11781 3 210453397506 31850496 101 1
copy 11782 3 210453397506 31850496 102 1
copy 11783 3 210453397507 31850496 101 1
copy 11784 3 210453397507 31850496 102 1
copy 11785 3 210453397508 31850496 101 1
copy 11786 3 210453397508 31850496 102 1
copy 11787 3 210453397509 31850496 101 1
copy 11788 3 210453397509 31850496 102 1
copy 11789 3 210453397510 31850496 101 1
copy 11790 3 210453397510 31850496 102 1
copy 11791 3 210453397511 31850496 101 1
copy 11792 3 210453397511 31850496 102 1
copy 11793 3 210453397512 31850496 101 1
copy 11794 3 210453397512 31850496 102 1
copy 11795 3 210453397513 31850496 101 1
copy 11796 3 210453397513 31850496 102 1
copy 11797 3 210453397514 31850496 101 1
copy 11798 3 210453397514 31850496 102 1
copy 11799 3 210453397515 31850496 101 1
copy 11800 3 210453397515 31850496 102 1
copy 11801 3 210453397516 31850496 101 1
copy 11802 3 210453397516 31850496 102 1
copy 11803 3 210453397517 31850496 101 1
copy 11804 3 210453397517 31850496 102 1
copy 11805 3 210453397518 31850496 101 1
copy 11806 3 210453397518 31850496 102 1
copy 11807 3 210453397519 31850496 101 1
copy 11808 3 210453397519 31850496 102 1
copy 11809 3 210453397520 31850496 101 1
copy 11810 3 210453397520 31850496 102 1
copy 11811 3 210453397521 31850496 101 1
copy 11812 3 210453397521 31850496 102 1
copy 11813 3 210453397522 31850496 101 1
copy 11814 3 210453397522 31850496 102 1
copy 11815 3 210453397523 31850496 101 1
copy 11816 3 210453397523 31850496 102 1
copy 11817 3 210453397524 31850496 101 1
copy 11818 3 210453397524 31850496 102 1
copy 11819 3 210453397525 31850496 101 1
copy 11820 3 210453397525 31850496 102 1
copy 11821 3 210453397526 31850496 101 1
copy 11822 3 210453397526 31850496 102 1
copy 11823 3 210453397527 31850496 101 1
copy 11824 3 210453397527 31850496 102 1
copy 11825 3 210453397528 31850496 101 1
copy 11826 3 210453397528 31850496 102 1
copy 11827 3 210453397529 31850496 101 1
copy 11828 3 210453397529 31850496 102 1
copy 11829 3 210453397530 31850496 101 1
copy 11830 3 210453397530 31850496 102 1
copy 11831 3 210453397531 31850496 101 1
copy 11832 3 210453397531 31850496 102 1
copy 11833 3 210453397532 31850496 101 1
copy 11834 3 210453397532 31850496 102 1
copy 11835 3 210453397533 31850496 101 1
copy 11836 3 210453397533 31850496 102 1
copy 11837 3 210453397534 31850496 101 1
copy 11838 3 210453397534 31850496 102 1
copy 11839 3 210453397535 31850496 101 1
copy 11840 3 210453397535 31850496 102 1
copy 11841 3 210453397536 31850496 101 1
copy 11842 3 210453397536 31850496 102 1
copy 11843 3 210453397537 31850496 101 1
copy 11844 3 210453397537 31850496 102 1
copy 11845 3 210453397538 31850496 101 1
copy 11846 3 210453397538 31850496 102 1
copy 11847 3 210453397539 31850496 101 1
copy 11848 3 210453397539 31850496 102 1
copy 11849 3 210453397540 31850496 101 1
copy 11850 3 210453397540 31850496 102 1
copy 11851 3 210453397541 31850496 101 1
copy 11852 3 210453397541 31850496 102 1
copy 11853 3 210453397542 31850496 101 1
copy 11854 3 210453397542 31850496 102 1
copy 11855 3 210453397543 31850496 101 1
copy 11856 3 210453397543 31850496 102 1
copy 11857 3 210453397544 31850496 101 1
copy 11858 3 210453397544 31850496 102 1
copy 11859 3 210453397545 31850496 101 1
copy 11860 3 210453397545 31850496 102 1
copy 11861 3 210453397546 31850496 101 1
copy 11862 3 210453397546 31850496 102 1
copy 11863 3 210453397547 31850496 101 1
copy 11864 3 210453397547 31850496 102 1
copy 11865 3 210453397548 31850496 101 1
copy 11866 3 210453397548 31850496 102 1
copy 11867 3 210453397549 31850496 101 1
copy 11868 3 210453397549 31850496 102 1
copy 11869 3 210453397550 31850496 101 1
copy 11870 3 210453397550 31850496 102 1
copy 11871 3 210453397551 31850496 101 1
copy 11872 3 210453397551 31850496 102 1
copy 11873 3 210453397552 31850496 101 1
copy 11874 3 210453397552 31850496 102 1
copy 11875 3 210453397553 31850496 101 1
copy 11876 3 210453397553 31850496 102 1
copy 11877 3 210453397554 31850496 101 1
copy 11878 3 210453397554 31850496 102 1
copy 11879 3 210453397555 31850496 101 1
copy 11880 3 210453397555 31850496 102 1
copy 11881 3 210453397556 31850496 101 1
copy 11882 3 210453397556 31850496 102 1
copy 11883 3 210453397557 31850496 101 1
copy 11884 3 210453397557 31850496 102 1
copy 11885 3 210453397558 31850496 101 1
copy 11886 3 210453397558 31850496 102 1
copy 11887 3 210453397559 31850496 101 1
copy 11888 3 210453397559 31850496 102 1
copy 11889 3 210453397560 31850496 101 1
copy 11890 3 210453397560 31850496 102 1
copy 11891 3 210453397561 31850496 101 1
copy 11892 3 210453397561 31850496 102 1
copy 11893 3 210453397562 31850496 101 1
copy 11894 3 210453397562 31850496 102 1
copy 11895 3 210453397563 31850496 101 1
copy 11896 3 210453397563 31850496 102 1
copy 11897 3 210453397564 31850496 101 1
copy 11898 3 210453397564 31850496 102 1
copy 11899 3 210453397565 31850496 101 1
copy 11900 3 210453397565 31850496 102 1
copy 11901 3 210453397566 31850496 101 1
copy 11902 3 210453397566 31850496 102 1
copy 11903 3 210453397567 31850496 101 1
copy 11904 3 210453397567 31850496 102 1
copy 11905 3 210453397568 31850496 101 1
copy 11906 3 210453397568 31850496 102 1
copy 11907 3 210453397569 31850496 101 1
copy 11908 3 210453397569 31850496 102 1
copy 11909 3 210453397570 31850496 101 1
copy 11910 3 210453397570 31850496 102 1
copy 11911 3 210453397571 31850496 101 1
copy 11912 3 210453397571 31850496 102 1
copy 11913 3 210453397572 31850496 101 1
copy 11914 3 210453397572 31850496 102 1
copy 11915 3 210453397573 31850496 101 1
copy 11916 3 210453397573 31850496 102 1
copy 11917 3 210453397574 31850496 101 1
copy 11918 3 210453397574 31850496 102 1
copy 11919 3 210453397575 31850496 101 1
copy 11920 3 210453397575 31850496 102 1
copy 11921 3 210453397576 31850496 101 1
copy 11922 3 210453397576 31850496 102 1
copy 11923 3 210453397577 31850496 101 1
copy 11924 3 210453397577 31850496 102 1
copy 11925 3 210453397578 31850496 101 1
copy 11926 3 210453397578 31850496 102 1
copy 11927 3 210453397579 31850496 101 1
copy 11928 3 210453397579 31850496 102 1
copy 11929 3 210453397580 31850496 101 1
copy 11930 3 210453397580 31850496 102 1
copy 11931 3 210453397581 31850496 101 1
copy 11932 3 210453397581 31850496 102 1
copy 11933 3 210453397582 31850496 101 1
copy 11934 3 210453397582 31850496 102 1
copy 11935 3 210453397583 31850496 101 1
copy 11936 3 210453397583 31850496 102 1
copy 11937 3 210453397584 31850496 101 1
copy 11938 3 210453397584 31850496 102 1
copy 11939 3 210453397585 31850496 101 1
copy 11940 3 210453397585 31850496 102 1
copy 11941 3 210453397586 31850496 101 1
copy 11942 3 210453397586 31850496 102 1
copy 11943 3 210453397587 31850496 101 1
copy 11944 3 210453397587 31850496 102 1
copy 11945 3 210453397588 31850496 101 1
copy 11946 3 210453397588 31850496 102 1
copy 11947 3 210453397589 31850496 101 1
copy 11948 3 210453397589 31850496 102 1
copy 11949 3 210453397590 31850496 101 1
copy 11950 3 210453397590 31850496 102 1
copy 11951 3 210453397591 31850496 101 1
copy 11952 3 210453397591 31850496 102 1
copy 11953 3 210453397592 31850496 101 1
copy 11954 3 210453397592 31850496 102 1
copy 11955 3 210453397593 31850496 101 1
copy 11956 3 210453397593 31850496 102 1
copy 11957 3 210453397594 31850496 101 1
copy 11958 3 210453397594 31850496 102 1
copy 11959 3 210453397595 31850496 101 1
copy 11960 3 210453397595 31850496 102 1
copy 11961 3 210453397596 31850496 101 1
copy 11962 3 210453397596 31850496 102 1
copy 11963 3 210453397597 31850496 101 1
copy 11964 3 210453397597 31850496 102 1
copy 11965 3 210453397598 31850496 101 1
copy 11966 3 210453397598 31850496 102 1
copy 11967 3 210453397599 31850496 101 1
copy 11968 3 210453397599 31850496 102 1
copy 11969 3 210453397600 31850496 101 1
copy 11970 3 210453397600 31850496 102 1
copy 11971 3 210453397601 31850496 101 1
copy 11972 3 210453397601 31850496 102 1
copy 11973 3 210453397602 31850496 101 1
copy 11974 3 210453397602 31850496 102 1
copy 11975 3 210453397603 31850496 101 1
copy 11976 3 210453397603 31850496 102 1
copy 11977 3 210453397604 31850496 101 1
copy 11978 3 210453397604 31850496 102 1
copy 11979 3 210453397605 31850496 101 1
copy 11980 3 210453397605 31850496 102 1
copy 11981 3 210453397606 31850496 101 1
copy 11982 3 210453397606 31850496 102 1
copy 11983 3 210453397607 31850496 101 1
copy 11984 3 210453397607 31850496 102 1
copy 11985 3 210453397608 31850496 101 1
copy 11986 3 210453397608 31850496 102 1
copy 11987 3 210453397609 31850496 101 1
copy 11988 3 210453397609 31850496 102 1
copy 11989 3 210453397610 31850496 101 1
copy 11990 3 210453397610 31850496 102 1
copy 11991 3 210453397611 31850496 101 1
copy 11992 3 210453397611 31850496 102 1
copy 11993 3 210453397612 31850496 101 1
copy 11994 3 210453397612 31850496 102 1
copy 11995 3 210453397613 31850496 101 1
copy 11996 3 210453397613 31850496 102 1
copy 11997 3 210453397614 31850496 101 1
copy 11998 3 210453397614 31850496 102 1
copy 11999 3 210453397615 31850496 101 1
copy 12000 3 210453397615 31850496 102 1
copy 12001 3 210453397616 31850496 101 1
copy 12002 3 210453397616 31850496 102 1
copy 12003 3 210453397617 31850496 101 1
copy 12004 3 210453397617 31850496 102 1
copy 12005 3 210453397618 31850496 101 1
copy 12006 3 210453397618 31850496 102 1
copy 12007 3 210453397619 31850496 101 1
copy 12008 3 210453397619 31850496 102 1
copy 12009 3 210453397620 31850496 101 1
copy 12010 3 210453397620 31850496 102 1
copy 12011 3 210453397621 31850496 101 1
copy 12012 3 210453397621 31850496 102 1
copy 12013 3 210453397622 31850496 101 1
copy 12014 3 210453397622 31850496 102 1
copy 12015 3 210453397623 31850496 101 1
copy 12016 3 210453397623 31850496 102 1
copy 12017 3 210453397624 31850496 101 1
copy 12018 3 210453397624 31850496 102 1
copy 12019 3 210453397625 31850496 101 1
copy 12020 3 210453397625 31850496 102 1
copy 12021 3 210453397626 31850496 101 1
copy 12022 3 210453397626 31850496 102 1
copy 12023 3 210453397627 31850496 101 1
copy 12024 3 210453397627 31850496 102 1
copy 12025 3 210453397628 31850496 101 1
copy 12026 3 210453397628 31850496 102 1
copy 12027 3 210453397629 31850496 101 1
copy 12028 3 210453397629 31850496 102 1
copy 12029 3 210453397630 31850496 101 1
copy 12030 3 210453397630 31850496 102 1
copy 12031 3 210453397631 31850496 101 1
copy 12032 3 210453397631 31850496 102 1
copy 12033 3 214748364800 31850496 101 1
copy 12034 3 214748364800 31850496 102 1
copy 12035 3 214748364801 31850496 101 1
copy 12036 3 214748364801 31850496 102 1
copy 12037 3 214748364802 31850496 101 1
copy 12038 3 214748364802 31850496 102 1
copy 12039 3 214748364803 31850496 101 1
copy 12040 3 214748364803 31850496 102 1
copy 12041 3 214748364804 31850496 101 1
copy 12042 3 214748364804 31850496 102 1
copy 12043 3 214748364805 31850496 101 1
copy 12044 3 214748364805 31850496 102 1
copy 12045 3 214748364806 31850496 101 1
copy 12046 3 214748364806 31850496 102 1
copy 12047 3 214748364807 31850496 101 1
copy 12048 3 214748364807 31850496 102 1
copy 12049 3 214748364808 31850496 101 1
copy 12050 3 214748364808 31850496 102 1
copy 12051 3 214748364809 31850496 101 1
copy 12052 3 214748364809 31850496 102 1
copy 12053 3 214748364810 31850496 101 1
copy 12054 3 214748364810 31850496 102 1
copy 12055 3 214748364811 31850496 101 1
copy 12056 3 214748364811 31850496 102 1
copy 12057 3 214748364812 31850496 101 1
copy 12058 3 214748364812 31850496 102 1
copy 12059 3 214748364813 31850496 101 1
copy 12060 3 214748364813 31850496 102 1
copy 12061 3 214748364814 31850496 101 1
copy 12062 3 214748364814 31850496 102 1
copy 12063 3 214748364815 31850496 101 1
copy 12064 3 214748364815 31850496 102 1
copy 12065 3 214748364816 31850496 101 1
copy 12066 3 214748364816 31850496 102 1
copy 12067 3 214748364817 31850496 101 1
copy 12068 3 214748364817 31850496 102 1
copy 12069 3 214748364818 31850496 101 1
copy 12070 3 214748364818 31850496 102 1
copy 12071 3 214748364819 31850496 101 1
copy 12072 3 214748364819 31850496 102 1
copy 12073 3 214748364820 31850496 101 1
copy 12074 3 214748364820 31850496 102 1
copy 12075 3 214748364821 31850496 101 1
copy 12076 3 214748364821 31850496 102 1
copy 12077 3 214748364822 31850496 101 1
copy 12078 3 214748364822 31850496 102 1
copy 12079 3 214748364823 31850496 101 1
copy 12080 3 214748364823 31850496 102 1
copy 12081 3 214748364824 31850496 101 1
copy 12082 3 214748364824 31850496 102 1
copy 12083 3 214748364825 31850496 101 1
copy 12084 3 214748364825 31850496 102 1
copy 12085 3 214748364826 31850496 101 1
copy 12086 3 214748364826 31850496 102 1
copy 12087 3 214748364827 31850496 101 1
copy 12088 3 214748364827 31850496 102 1
copy 12089 3 214748364828 31850496 101 1
copy 12090 3 214748364828 31850496 102 1
copy 12091 3 214748364829 31850496 101 1
copy 12092 3 214748364829 31850496 102 1
copy 12093 3 214748364830 31850496 101 1
copy 12094 3 214748364830 31850496 102 1
copy 12095 3 214748364831 31850496 101 1
copy 12096 3 214748364831 31850496 102 1
copy 12097 3 214748364832 31850496 101 1
copy 12098 3 214748364832 31850496 102 1
copy 12099 3 214748364833 31850496 101 1
copy 12100 3 214748364833 31850496 102 1
copy 12101 3 214748364834 31850496 101 1
copy 12102 3 214748364834 31850496 102 1
copy 12103 3 214748364835 31850496 101 1
copy 12104 3 214748364835 31850496 102 1
copy 12105 3 214748364836 31850496 101 1
copy 12106 3 214748364836 31850496 102 1
copy 12107 3 214748364837 31850496 101 1
copy 12108 3 214748364837 31850496 102 1
copy 12109 3 214748364838 31850496 101 1
copy 12110 3 214748364838 31850496 102 1
copy 12111 3 214748364839 31850496 101 1
copy 12112 3 214748364839 31850496 102 1
copy 12113 3 214748364840 31850496 101 1
copy 12114 3 214748364840 31850496 102 1
copy 12115 3 214748364841 31850496 101 1
copy 12116 3 214748364841 31850496 102 1
copy 12117 3 214748364842 31850496 101 1
copy 12118 3 214748364842 31850496 102 1
copy 12119 3 214748364843 31850496 101 1
copy 12120 3 214748364843 31850496 102 1
copy 12121 3 214748364844 31850496 101 1
copy 12122 3 214748364844 31850496 102 1
copy 12123 3 214748364845 31850496 101 1
copy 12124 3 214748364845 31850496 102 1
copy 12125 3 214748364846 31850496 101 1
copy 12126 3 214748364846 31850496 102 1
copy 12127 3 214748364847 31850496 101 1
copy 12128 3 214748364847 31850496 102 1
copy 12129 3 214748364848 31850496 101 1
copy 12130 3 214748364848 31850496 102 1
copy 12131 3 214748364849 31850496 101 1
copy 12132 3 214748364849 31850496 102 1
copy 12133 3 214748364850 31850496 101 1
copy 12134 3 214748364850 31850496 102 1
copy 12135 3 214748364851 31850496 101 1
copy 12136 3 214748364851 31850496 102 1
copy 12137 3 214748364852 31850496 101 1
copy 12138 3 214748364852 31850496 102 1
copy 12139 3 214748364853 31850496 101 1
copy 12140 3 214748364853 31850496 102 1
copy 12141 3 214748364854 31850496 101 1
copy 12142 3 214748364854 31850496 102 1
copy 12143 3 214748364855 31850496 101 1
copy 12144 3 214748364855 31850496 102 1
copy 12145 3 214748364856 31850496 101 1
copy 12146 3 214748364856 31850496 102 1
copy 12147 3 214748364857 31850496 101 1
copy 12148 3 214748364857 31850496 102 1
copy 12149 3 214748364858 31850496 101 1
copy 12150 3 214748364858 31850496 102 1
copy 12151 3 214748364859 31850496 101 1
copy 12152 3 214748364859 31850496 102 1
copy 12153 3 214748364860 31850496 101 1
copy 12154 3 214748364860 31850496 102 1
copy 12155 3 214748364861 31850496 101 1
copy 12156 3 214748364861 31850496 102 1
copy 12157 3 214748364862 31850496 101 1
copy 12158 3 214748364862 31850496 102 1
copy 12159 3 214748364863 31850496 101 1
copy 12160 3 214748364863 31850496 102 1
copy 12161 3 214748364864 31850496 101 1
copy 12162 3 214748364864 31850496 102 1
copy 12163 3 214748364865 31850496 101 1
copy 12164 3 214748364865 31850496 102 1
copy 12165 3 214748364866 31850496 101 1
copy 12166 3 214748364866 31850496 102 1
copy 12167 3 214748364867 31850496 101 1
copy 12168 3 214748364867 31850496 102 1
copy 12169 3 214748364868 31850496 101 1
copy 12170 3 214748364868 31850496 102 1
copy 12171 3 214748364869 31850496 101 1
copy 12172 3 214748364869 31850496 102 1
copy 12173 3 214748364870 31850496 101 1
copy 12174 3 214748364870 31850496 102 1
copy 12175 3 214748364871 31850496 101 1
copy 12176 3 214748364871 31850496 102 1
copy 12177 3 214748364872 31850496 101 1
copy 12178 3 214748364872 31850496 102 1
copy 12179 3 214748364873 31850496 101 1
copy 12180 3 214748364873 31850496 102 1
copy 12181 3 214748364874 31850496 101 1
copy 12182 3 214748364874 31850496 102 1
copy 12183 3 214748364875 31850496 101 1
copy 12184 3 214748364875 31850496 102 1
copy 12185 3 214748364876 31850496 101 1
copy 12186 3 214748364876 31850496 102 1
copy 12187 3 214748364877 31850496 101 1
copy 12188 3 214748364877 31850496 102 1
copy 12189 3 214748364878 31850496 101 1
copy 12190 3 214748364878 31850496 102 1
copy 12191 3 214748364879 31850496 101 1
copy 12192 3 214748364879 31850496 102 1
copy 12193 3 214748364880 31850496 101 1
copy 12194 3 214748364880 31850496 102 1
copy 12195 3 214748364881 31850496 101 1
copy 12196 3 214748364881 31850496 102 1
copy 12197 3 214748364882 31850496 101 1
copy 12198 3 214748364882 31850496 102 1
copy 12199 3 214748364883 31850496 101 1
copy 12200 3 214748364883 31850496 102 1
copy 12201 3 214748364884 31850496 101 1
copy 12202 3 214748364884 31850496 102 1
copy 12203 3 214748364885 31850496 101 1
copy 12204 3 214748364885 31850496 102 1
copy 12205 3 214748364886 31850496 101 1
copy 12206 3 214748364886 31850496 102 1
copy 12207 3 214748364887 31850496 101 1
copy 12208 3 214748364887 31850496 102 1
copy 12209 3 214748364888 31850496 101 1
copy 12210 3 214748364888 31850496 102 1
copy 12211 3 214748364889 31850496 101 1
copy 12212 3 214748364889 31850496 102 1
copy 12213 3 214748364890 31850496 101 1
copy 12214 3 214748364890 31850496 102 1
copy 12215 3 214748364891 31850496 101 1
copy 12216 3 214748364891 31850496 102 1
copy 12217 3 214748364892 31850496 101 1
copy 12218 3 214748364892 31850496 102 1
copy 12219 3 214748364893 31850496 101 1
copy 12220 3 214748364893 31850496 102 1
copy 12221 3 214748364894 31850496 101 1
copy 12222 3 214748364894 31850496 102 1
copy 12223 3 214748364895 31850496 101 1
copy 12224 3 214748364895 31850496 102 1
copy 12225 3 214748364896 31850496 101 1
copy 12226 3 214748364896 31850496 102 1
copy 12227 3 214748364897 31850496 101 1
copy 12228 3 214748364897 31850496 102 1
copy 12229 3 214748364898 31850496 101 1
copy 12230 3 214748364898 31850496 102 1
copy 12231 3 214748364899 31850496 101 1
copy 12232 3 214748364899 31850496 102 1
copy 12233 3 214748364900 31850496 101 1
copy 12234 3 214748364900 31850496 102 1
copy 12235 3 214748364901 31850496 101 1
copy 12236 3 214748364901 31850496 102 1
copy 12237 3 214748364902 31850496 101 1
copy 12238 3 214748364902 31850496 102 1
copy 12239 3 214748364903 31850496 101 1
copy 12240 3 214748364903 31850496 102 1
copy 12241 3 214748364904 31850496 101 1
copy 12242 3 214748364904 31850496 102 1
copy 12243 3 214748364905 31850496 101 1
copy 12244 3 214748364905 31850496 102 1
copy 12245 3 214748364906 31850496 101 1
copy 12246 3 214748364906 31850496 102 1
copy 12247 3 214748364907 31850496 101 1
copy 12248 3 214748364907 31850496 102 1
copy 12249 3 214748364908 31850496 101 1
copy 12250 3 214748364908 31850496 102 1
copy 12251 3 214748364909 31850496 101 1
copy 12252 3 214748364909 31850496 102 1
copy 12253 3 214748364910 31850496 101 1
copy 12254 3 214748364910 31850496 102 1
copy 12255 3 214748364911 31850496 101 1
copy 12256 3 214748364911 31850496 102 1
copy 12257 3 214748364912 31850496 101 1
copy 12258 3 214748364912 31850496 102 1
copy 12259 3 214748364913 31850496 101 1
copy 12260 3 214748364913 31850496 102 1
copy 12261 3 214748364914 31850496 101 1
copy 12262 3 214748364914 31850496 102 1
copy 12263 3 214748364915 31850496 101 1
copy 12264 3 214748364915 31850496 102 1
copy 12265 3 214748364916 31850496 101 1
copy 12266 3 214748364916 31850496 102 1
copy 12267 3 214748364917 31850496 101 1
copy 12268 3 214748364917 31850496 102 1
copy 12269 3 214748364918 31850496 101 1
copy 12270 3 214748364918 31850496 102 1
copy 12271 3 214748364919 31850496 101 1
copy 12272 3 214748364919 31850496 102 1
copy 12273 3 214748364920 31850496 101 1
copy 12274 3 214748364920 31850496 102 1
copy 12275 3 214748364921 31850496 101 1
copy 12276 3 214748364921 31850496 102 1
copy 12277 3 214748364922 31850496 101 1
copy 12278 3 214748364922 31850496 102 1
copy 12279 3 214748364923 31850496 101 1
copy 12280 3 214748364923 31850496 102 1
copy 12281 3 214748364924 31850496 101 1
copy 12282 3 214748364924 31850496 102 1
copy 12283 3 214748364925 31850496 101 1
copy 12284 3 214748364925 31850496 102 1
copy 12285 3 214748364926 31850496 101 1
copy 12286 3 214748364926 31850496 102 1
copy 12287 3 214748364927 31850496 101 1
copy 12288 3 214748364927 31850496 102 1
copy 12289 3 219043332096 31850496 101 1
copy 12290 3 219043332096 31850496 102 1
copy 12291 3 219043332097 31850496 101 1
copy 12292 3 219043332097 31850496 102 1
copy 12293 3 219043332098 31850496 101 1
copy 12294 3 219043332098 31850496 102 1
copy 12295 3 219043332099 31850496 101 1
copy 12296 3 219043332099 31850496 102 1
copy 12297 3 219043332100 31850496 101 1
copy 12298 3 219043332100 31850496 102 1
copy 12299 3 219043332101 31850496 101 1
copy 12300 3 219043332101 31850496 102 1
copy 12301 3 219043332102 31850496 101 1
copy 12302 3 219043332102 31850496 102 1
copy 12303 3 219043332103 31850496 101 1
copy 12304 3 219043332103 31850496 102 1
copy 12305 3 219043332104 31850496 101 1
copy 12306 3 219043332104 31850496 102 1
copy 12307 3 219043332105 31850496 101 1
copy 12308 3 219043332105 31850496 102 1
copy 12309 3 219043332106 31850496 101 1
copy 12310 3 219043332106 31850496 102 1
copy 12311 3 219043332107 31850496 101 1
copy 12312 3 219043332107 31850496 102 1
copy 12313 3 219043332108 31850496 101 1
copy 12314 3 219043332108 31850496 102 1
copy 12315 3 219043332109 31850496 101 1
copy 12316 3 219043332109 31850496 102 1
copy 12317 3 219043332110 31850496 101 1
copy 12318 3 219043332110 31850496 102 1
copy 12319 3 219043332111 31850496 101 1
copy 12320 3 219043332111 31850496 102 1
copy 12321 3 219043332112 31850496 101 1
copy 12322 3 219043332112 31850496 102 1
copy 12323 3 219043332113 31850496 101 1
copy 12324 3 219043332113 31850496 102 1
copy 12325 3 219043332114 31850496 101 1
copy 12326 3 219043332114 31850496 102 1
copy 12327 3 219043332115 31850496 101 1
copy 12328 3 219043332115 31850496 102 1
copy 12329 3 219043332116 31850496 101 1
copy 12330 3 219043332116 31850496 102 1
copy 12331 3 219043332117 31850496 101 1
copy 12332 3 219043332117 31850496 102 1
copy 12333 3 219043332118 31850496 101 1
copy 12334 3 219043332118 31850496 102 1
copy 12335 3 219043332119 31850496 101 1
copy 12336 3 219043332119 31850496 102 1
copy 12337 3 219043332120 31850496 101 1
copy 12338 3 219043332120 31850496 102 1
copy 12339 3 219043332121 31850496 101 1
copy 12340 3 219043332121 31850496 102 1
copy 12341 3 219043332122 31850496 101 1
copy 12342 3 219043332122 31850496 102 1
copy 12343 3 219043332123 31850496 101 1
copy 12344 3 219043332123 31850496 102 1
copy 12345 3 219043332124 31850496 101 1
copy 12346 3 219043332124 31850496 102 1
copy 12347 3 219043332125 31850496 101 1
copy 12348 3 219043332125 31850496 102 1
copy 12349 3 219043332126 31850496 101 1
copy 12350 3 219043332126 31850496 102 1
copy 12351 3 219043332127 31850496 101 1
copy 12352 3 219043332127 31850496 102 1
copy 12353 3 219043332128 31850496 101 1
copy 12354 3 219043332128 31850496 102 1
copy 12355 3 219043332129 31850496 101 1
copy 12356 3 219043332129 31850496 102 1
copy 12357 3 219043332130 31850496 101 1
copy 12358 3 219043332130 31850496 102 1
copy 12359 3 219043332131 31850496 101 1
copy 12360 3 219043332131 31850496 102 1
copy 12361 3 219043332132 31850496 101 1
copy 12362 3 219043332132 31850496 102 1
copy 12363 3 219043332133 31850496 101 1
copy 12364 3 219043332133 31850496 102 1
copy 12365 3 219043332134 31850496 101 1
copy 12366 3 219043332134 31850496 102 1
copy 12367 3 219043332135 31850496 101 1
copy 12368 3 219043332135 31850496 102 1
copy 12369 3 219043332136 31850496 101 1
copy 12370 3 219043332136 31850496 102 1
copy 12371 3 219043332137 31850496 101 1
copy 12372 3 219043332137 31850496 102 1
copy 12373 3 219043332138 31850496 101 1
copy 12374 3 219043332138 31850496 102 1
copy 12375 3 219043332139 31850496 101 1
copy 12376 3 219043332139 31850496 102 1
copy 12377 3 219043332140 31850496 101 1
copy 12378 3 219043332140 31850496 102 1
copy 12379 3 219043332141 31850496 101 1
copy 12380 3 219043332141 31850496 102 1
copy 12381 3 219043332142 31850496 101 1
copy 12382 3 219043332142 31850496 102 1
copy 12383 3 219043332143 31850496 101 1
copy 12384 3 219043332143 31850496 102 1
copy 12385 3 219043332144 31850496 101 1
copy 12386 3 219043332144 31850496 102 1
copy 12387 3 219043332145 31850496 101 1
copy 12388 3 219043332145 31850496 102 1
copy 12389 3 219043332146 31850496 101 1
copy 12390 3 219043332146 31850496 102 1
copy 12391 3 219043332147 31850496 101 1
copy 12392 3 219043332147 31850496 102 1
copy 12393 3 219043332148 31850496 101 1
copy 12394 3 219043332148 31850496 102 1
copy 12395 3 219043332149 31850496 101 1
copy 12396 3 219043332149 31850496 102 1
copy 12397 3 219043332150 31850496 101 1
copy 12398 3 219043332150 31850496 102 1
copy 12399 3 219043332151 31850496 101 1
copy 12400 3 219043332151 31850496 102 1
copy 12401 3 219043332152 31850496 101 1
copy 12402 3 219043332152 31850496 102 1
copy 12403 3 219043332153 31850496 101 1
copy 12404 3 219043332153 31850496 102 1
copy 12405 3 219043332154 31850496 101 1
copy 12406 3 219043332154 31850496 102 1
copy 12407 3 219043332155 31850496 101 1
copy 12408 3 219043332155 31850496 102 1
copy 12409 3 219043332156 31850496 101 1
copy 12410 3 219043332156 31850496 102 1
copy 12411 3 219043332157 31850496 101 1
copy 12412 3 219043332157 31850496 102 1
copy 12413 3 219043332158 31850496 101 1
copy 12414 3 219043332158 31850496 102 1
copy 12415 3 219043332159 31850496 101 1
copy 12416 3 219043332159 31850496 102 1
copy 12417 3 219043332160 31850496 101 1
copy 12418 3 219043332160 31850496 102 1
copy 12419 3 219043332161 31850496 101 1
copy 12420 3 219043332161 31850496 102 1
copy 12421 3 219043332162 31850496 101 1
copy 12422 3 219043332162 31850496 102 1
copy 12423 3 219043332163 31850496 101 1
copy 12424 3 219043332163 31850496 102 1
copy 12425 3 219043332164 31850496 101 1
copy 12426 3 219043332164 31850496 102 1
copy 12427 3 219043332165 31850496 101 1
copy 12428 3 219043332165 31850496 102 1
copy 12429 3 219043332166 31850496 101 1
copy 12430 3 219043332166 31850496 102 1
copy 12431 3 219043332167 31850496 101 1
copy 12432 3 219043332167 31850496 102 1
copy 12433 3 219043332168 31850496 101 1
copy 12434 3 219043332168 31850496 102 1
copy 12435 3 219043332169 31850496 101 1
copy 12436 3 219043332169 31850496 102 1
copy 12437 3 219043332170 31850496 101 1
copy 12438 3 219043332170 31850496 102 1
copy 12439 3 219043332171 31850496 101 1
copy 12440 3 219043332171 31850496 102 1
copy 12441 3 219043332172 31850496 101 1
copy 12442 3 219043332172 31850496 102 1
copy 12443 3 219043332173 31850496 101 1
copy 12444 3 219043332173 31850496 102 1
copy 12445 3 219043332174 31850496 101 1
copy 12446 3 219043332174 31850496 102 1
copy 12447 3 219043332175 31850496 101 1
copy 12448 3 219043332175 31850496 102 1
copy 12449 3 219043332176 31850496 101 1
copy 12450 3 219043332176 31850496 102 1
copy 12451 3 219043332177 31850496 101 1
copy 12452 3 219043332177 31850496 102 1
copy 12453 3 219043332178 31850496 101 1
copy 12454 3 219043332178 31850496 102 1
copy 12455 3 219043332179 31850496 101 1
copy 12456 3 219043332179 31850496 102 1
copy 12457 3 219043332180 31850496 101 1
copy 12458 3 219043332180 31850496 102 1
copy 12459 3 219043332181 31850496 101 1
copy 12460 3 219043332181 31850496 102 1
copy 12461 3 219043332182 31850496 101 1
copy 12462 3 219043332182 31850496 102 1
copy 12463 3 219043332183 31850496 101 1
copy 12464 3 219043332183 31850496 102 1
copy 12465 3 219043332184 31850496 101 1
copy 12466 3 219043332184 31850496 102 1
copy 12467 3 219043332185 31850496 101 1
copy 12468 3 219043332185 31850496 102 1
copy 12469 3 219043332186 31850496 101 1
copy 12470 3 219043332186 31850496 102 1
copy 12471 3 219043332187 31850496 101 1
copy 12472 3 219043332187 31850496 102 1
copy 12473 3 219043332188 31850496 101 1
copy 12474 3 219043332188 31850496 102 1
copy 12475 3 219043332189 31850496 101 1
copy 12476 3 219043332189 31850496 102 1
copy 12477 3 219043332190 31850496 101 1
copy 12478 3 219043332190 31850496 102 1
copy 12479 3 219043332191 31850496 101 1
copy 12480 3 219043332191 31850496 102 1
copy 12481 3 219043332192 31850496 101 1
copy 12482 3 219043332192 31850496 102 1
copy 12483 3 219043332193 31850496 101 1
copy 12484 3 219043332193 31850496 102 1
copy 12485 3 219043332194 31850496 101 1
copy 12486 3 219043332194 31850496 102 1
copy 12487 3 219043332195 31850496 101 1
copy 12488 3 219043332195 31850496 102 1
copy 12489 3 219043332196 31850496 101 1
copy 12490 3 219043332196 31850496 102 1
copy 12491 3 219043332197 31850496 101 1
copy 12492 3 219043332197 31850496 102 1
copy 12493 3 219043332198 31850496 101 1
copy 12494 3 219043332198 31850496 102 1
copy 12495 3 219043332199 31850496 101 1
copy 12496 3 219043332199 31850496 102 1
copy 12497 3 219043332200 31850496 101 1
copy 12498 3 219043332200 31850496 102 1
copy 12499 3 219043332201 31850496 101 1
copy 12500 3 219043332201 31850496 102 1
copy 12501 3 219043332202 31850496 101 1
copy 12502 3 219043332202 31850496 102 1
copy 12503 3 219043332203 31850496 101 1
copy 12504 3 219043332203 31850496 102 1
copy 12505 3 219043332204 31850496 101 1
copy 12506 3 219043332204 31850496 102 1
copy 12507 3 219043332205 31850496 101 1
copy 12508 3 219043332205 31850496 102 1
copy 12509 3 219043332206 31850496 101 1
copy 12510 3 219043332206 31850496 102 1
copy 12511 3 219043332207 31850496 101 1
copy 12512 3 219043332207 31850496 102 1
copy 12513 3 219043332208 31850496 101 1
copy 12514 3 219043332208 31850496 102 1
copy 12515 3 219043332209 31850496 101 1
copy 12516 3 219043332209 31850496 102 1
copy 12517 3 219043332210 31850496 101 1
copy 12518 3 219043332210 31850496 102 1
copy 12519 3 219043332211 31850496 101 1
copy 12520 3 219043332211 31850496 102 1
copy 12521 3 219043332212 31850496 101 1
copy 12522 3 219043332212 31850496 102 1
copy 12523 3 219043332213 31850496 101 1
copy 12524 3 219043332213 31850496 102 1
copy 12525 3 219043332214 31850496 101 1
copy 12526 3 219043332214 31850496 102 1
copy 12527 3 219043332215 31850496 101 1
copy 12528 3 219043332215 31850496 102 1
copy 12529 3 219043332216 31850496 101 1
copy 12530 3 219043332216 31850496 102 1
copy 12531 3 219043332217 31850496 101 1
copy 12532 3 219043332217 31850496 102 1
copy 12533 3 219043332218 31850496 101 1
copy 12534 3 219043332218 31850496 102 1
copy 12535 3 219043332219 31850496 101 1
copy 12536 3 219043332219 31850496 102 1
copy 12537 3 219043332220 31850496 101 1
copy 12538 3 219043332220 31850496 102 1
copy 12539 3 219043332221 31850496 101 1
copy 12540 3 219043332221 31850496 102 1
copy 12541 3 219043332222 31850496 101 1
copy 12542 3 219043332222 31850496 102 1
copy 12543 3 219043332223 31850496 101 1
copy 12544 3 219043332223 31850496 102 1
copy 12545 3 223338299392 31850496 101 1
copy 12546 3 223338299392 31850496 102 1
copy 12547 3 223338299393 31850496 101 1
copy 12548 3 223338299393 31850496 102 1
copy 12549 3 223338299394 31850496 101 1
copy 12550 3 223338299394 31850496 102 1
copy 12551 3 223338299395 31850496 101 1
copy 12552 3 223338299395 31850496 102 1
copy 12553 3 223338299396 31850496 101 1
copy 12554 3 223338299396 31850496 102 1
copy 12555 3 223338299397 31850496 101 1
copy 12556 3 223338299397 31850496 102 1
copy 12557 3 223338299398 31850496 101 1
copy 12558 3 223338299398 31850496 102 1
copy 12559 3 223338299399 31850496 101 1
copy 12560 3 223338299399 31850496 102 1
copy 12561 3 223338299400 31850496 101 1
copy 12562 3 223338299400 31850496 102 1
copy 12563 3 223338299401 31850496 101 1
copy 12564 3 223338299401 31850496 102 1
copy 12565 3 223338299402 31850496 101 1
copy 12566 3 223338299402 31850496 102 1
copy 12567 3 223338299403 31850496 101 1
copy 12568 3 223338299403 31850496 102 1
copy 12569 3 223338299404 31850496 101 1
copy 12570 3 223338299404 31850496 102 1
copy 12571 3 223338299405 31850496 101 1
copy 12572 3 223338299405 31850496 102 1
copy 12573 3 223338299406 31850496 101 1
copy 12574 3 223338299406 31850496 102 1
copy 12575 3 223338299407 31850496 101 1
copy 12576 3 223338299407 31850496 102 1
copy 12577 3 223338299408 31850496 101 1
copy 12578 3 223338299408 31850496 102 1
copy 12579 3 223338299409 31850496 101 1
copy 12580 3 223338299409 31850496 102 1
copy 12581 3 223338299410 31850496 101 1
copy 12582 3 223338299410 31850496 102 1
copy 12583 3 223338299411 31850496 101 1
copy 12584 3 223338299411 31850496 102 1
copy 12585 3 223338299412 31850496 101 1
copy 12586 3 223338299412 31850496 102 1
copy 12587 3 223338299413 31850496 101 1
copy 12588 3 223338299413 31850496 102 1
copy 12589 3 223338299414 31850496 101 1
copy 12590 3 223338299414 31850496 102 1
copy 12591 3 223338299415 31850496 101 1
copy 12592 3 223338299415 31850496 102 1
copy 12593 3 223338299416 31850496 101 1
copy 12594 3 223338299416 31850496 102 1
copy 12595 3 223338299417 31850496 101 1
copy 12596 3 223338299417 31850496 102 1
copy 12597 3 223338299418 31850496 101 1
copy 12598 3 223338299418 31850496 102 1
copy 12599 3 223338299419 31850496 101 1
copy 12600 3 223338299419 31850496 102 1
copy 12601 3 223338299420 31850496 101 1
copy 12602 3 223338299420 31850496 102 1
copy 12603 3 223338299421 31850496 101 1
copy 12604 3 223338299421 31850496 102 1
copy 12605 3 223338299422 31850496 101 1
copy 12606 3 223338299422 31850496 102 1
copy 12607 3 223338299423 31850496 101 1
copy 12608 3 223338299423 31850496 102 1
copy 12609 3 223338299424 31850496 101 1
copy 12610 3 223338299424 31850496 102 1
copy 12611 3 223338299425 31850496 101 1
copy 12612 3 223338299425 31850496 102 1
copy 12613 3 223338299426 31850496 101 1
copy 12614 3 223338299426 31850496 102 1
copy 12615 3 223338299427 31850496 101 1
copy 12616 3 223338299427 31850496 102 1
copy 12617 3 223338299428 31850496 101 1
copy 12618 3 223338299428 31850496 102 1
copy 12619 3 223338299429 31850496 101 1
copy 12620 3 223338299429 31850496 102 1
copy 12621 3 223338299430 31850496 101 1
copy 12622 3 223338299430 31850496 102 1
copy 12623 3 223338299431 31850496 101 1
copy 12624 3 223338299431 31850496 102 1
copy 12625 3 223338299432 31850496 101 1
copy 12626 3 223338299432 31850496 102 1
copy 12627 3 223338299433 31850496 101 1
copy 12628 3 223338299433 31850496 102 1
copy 12629 3 223338299434 31850496 101 1
copy 12630 3 223338299434 31850496 102 1
copy 12631 3 223338299435 31850496 101 1
copy 12632 3 223338299435 31850496 102 1
copy 12633 3 223338299436 31850496 101 1
copy 12634 3 223338299436 31850496 102 1
copy 12635 3 223338299437 31850496 101 1
copy 12636 3 223338299437 31850496 102 1
copy 12637 3 223338299438 31850496 101 1
copy 12638 3 223338299438 31850496 102 1
copy 12639 3 223338299439 31850496 101 1
copy 12640 3 223338299439 31850496 102 1
copy 12641 3 223338299440 31850496 101 1
copy 12642 3 223338299440 31850496 102 1
copy 12643 3 223338299441 31850496 101 1
copy 12644 3 223338299441 31850496 102 1
copy 12645 3 223338299442 31850496 101 1
copy 12646 3 223338299442 31850496 102 1
copy 12647 3 223338299443 31850496 101 1
copy 12648 3 223338299443 31850496 102 1
copy 12649 3 223338299444 31850496 101 1
copy 12650 3 223338299444 31850496 102 1
copy 12651 3 223338299445 31850496 101 1
copy 12652 3 223338299445 31850496 102 1
copy 12653 3 223338299446 31850496 101 1
copy 12654 3 223338299446 31850496 102 1
copy 12655 3 223338299447 31850496 101 1
copy 12656 3 223338299447 31850496 102 1
copy 12657 3 223338299448 31850496 101 1
copy 12658 3 223338299448 31850496 102 1
copy 12659 3 223338299449 31850496 101 1
copy 12660 3 223338299449 31850496 102 1
copy 12661 3 223338299450 31850496 101 1
copy 12662 3 223338299450 31850496 102 1
copy 12663 3 223338299451 31850496 101 1
copy 12664 3 223338299451 31850496 102 1
copy 12665 3 223338299452 31850496 101 1
copy 12666 3 223338299452 31850496 102 1
copy 12667 3 223338299453 31850496 101 1
copy 12668 3 223338299453 31850496 102 1
copy 12669 3 223338299454 31850496 101 1
copy 12670 3 223338299454 31850496 102 1
copy 12671 3 223338299455 31850496 101 1
copy 12672 3 223338299455 31850496 102 1
copy 12673 3 223338299456 31850496 101 1
copy 12674 3 223338299456 31850496 102 1
copy 12675 3 223338299457 31850496 101 1
copy 12676 3 223338299457 31850496 102 1
copy 12677 3 223338299458 31850496 101 1
copy 12678 3 223338299458 31850496 102 1
copy 12679 3 223338299459 31850496 101 1
copy 12680 3 223338299459 31850496 102 1
copy 12681 3 223338299460 31850496 101 1
copy 12682 3 223338299460 31850496 102 1
copy 12683 3 223338299461 31850496 101 1
copy 12684 3 223338299461 31850496 102 1
copy 12685 3 223338299462 31850496 101 1
copy 12686 3 223338299462 31850496 102 1
copy 12687 3 223338299463 31850496 101 1
copy 12688 3 223338299463 31850496 102 1
copy 12689 3 223338299464 31850496 101 1
copy 12690 3 223338299464 31850496 102 1
copy 12691 3 223338299465 31850496 101 1
copy 12692 3 223338299465 31850496 102 1
copy 12693 3 223338299466 31850496 101 1
copy 12694 3 223338299466 31850496 102 1
copy 12695 3 223338299467 31850496 101 1
copy 12696 3 223338299467 31850496 102 1
copy 12697 3 223338299468 31850496 101 1
copy 12698 3 223338299468 31850496 102 1
copy 12699 3 223338299469 31850496 101 1
copy 12700 3 223338299469 31850496 102 1
copy 12701 3 223338299470 31850496 101 1
copy 12702 3 223338299470 31850496 102 1
copy 12703 3 223338299471 31850496 101 1
copy 12704 3 223338299471 31850496 102 1
copy 12705 3 223338299472 31850496 101 1
copy 12706 3 223338299472 31850496 102 1
copy 12707 3 223338299473 31850496 101 1
copy 12708 3 223338299473 31850496 102 1
copy 12709 3 223338299474 31850496 101 1
copy 12710 3 223338299474 31850496 102 1
copy 12711 3 223338299475 31850496 101 1
copy 12712 3 223338299475 31850496 102 1
copy 12713 3 223338299476 31850496 101 1
copy 12714 3 223338299476 31850496 102 1
copy 12715 3 223338299477 31850496 101 1
copy 12716 3 223338299477 31850496 102 1
copy 12717 3 223338299478 31850496 101 1
copy 12718 3 223338299478 31850496 102 1
copy 12719 3 223338299479 31850496 101 1
copy 12720 3 223338299479 31850496 102 1
copy 12721 3 223338299480 31850496 101 1
copy 12722 3 223338299480 31850496 102 1
copy 12723 3 223338299481 31850496 101 1
copy 12724 3 223338299481 31850496 102 1
copy 12725 3 223338299482 31850496 101 1
copy 12726 3 223338299482 31850496 102 1
copy 12727 3 223338299483 31850496 101 1
copy 12728 3 223338299483 31850496 102 1
copy 12729 3 223338299484 31850496 101 1
copy 12730 3 223338299484 31850496 102 1
copy 12731 3 223338299485 31850496 101 1
copy 12732 3 223338299485 31850496 102 1
copy 12733 3 223338299486 31850496 101 1
copy 12734 3 223338299486 31850496 102 1
copy 12735 3 223338299487 31850496 101 1
copy 12736 3 223338299487 31850496 102 1
copy 12737 3 223338299488 31850496 101 1
copy 12738 3 223338299488 31850496 102 1
copy 12739 3 223338299489 31850496 101 1
copy 12740 3 223338299489 31850496 102 1
copy 12741 3 223338299490 31850496 101 1
copy 12742 3 223338299490 31850496 102 1
copy 12743 3 223338299491 31850496 101 1
copy 12744 3 223338299491 31850496 102 1
copy 12745 3 223338299492 31850496 101 1
copy 12746 3 223338299492 31850496 102 1
copy 12747 3 223338299493 31850496 101 1
copy 12748 3 223338299493 31850496 102 1
copy 12749 3 223338299494 31850496 101 1
copy 12750 3 223338299494 31850496 102 1
copy 12751 3 223338299495 31850496 101 1
copy 12752 3 223338299495 31850496 102 1
copy 12753 3 223338299496 31850496 101 1
copy 12754 3 223338299496 31850496 102 1
copy 12755 3 223338299497 31850496 101 1
copy 12756 3 223338299497 31850496 102 1
copy 12757 3 223338299498 31850496 101 1
copy 12758 3 223338299498 31850496 102 1
copy 12759 3 223338299499 31850496 101 1
copy 12760 3 223338299499 31850496 102 1
copy 12761 3 223338299500 31850496 101 1
copy 12762 3 223338299500 31850496 102 1
copy 12763 3 223338299501 31850496 101 1
copy 12764 3 223338299501 31850496 102 1
copy 12765 3 223338299502 31850496 101 1
copy 12766 3 223338299502 31850496 102 1
copy 12767 3 223338299503 31850496 101 1
copy 12768 3 223338299503 31850496 102 1
copy 12769 3 223338299504 31850496 101 1
copy 12770 3 223338299504 31850496 102 1
copy 12771 3 223338299505 31850496 101 1
copy 12772 3 223338299505 31850496 102 1
copy 12773 3 223338299506 31850496 101 1
copy 12774 3 223338299506 31850496 102 1
copy 12775 3 223338299507 31850496 101 1
copy 12776 3 223338299507 31850496 102 1
copy 12777 3 223338299508 31850496 101 1
copy 12778 3 223338299508 31850496 102 1
copy 12779 3 223338299509 31850496 101 1
copy 12780 3 223338299509 31850496 102 1
copy 12781 3 223338299510 31850496 101 1
copy 12782 3 223338299510 31850496 102 1
copy 12783 3 223338299511 31850496 101 1
copy 12784 3 223338299511 31850496 102 1
copy 12785 3 223338299512 31850496 101 1
copy 12786 3 223338299512 31850496 102 1
copy 12787 3 223338299513 31850496 101 1
copy 12788 3 223338299513 31850496 102 1
copy 12789 3 223338299514 31850496 101 1
copy 12790 3 223338299514 31850496 102 1
copy 12791 3 223338299515 31850496 101 1
copy 12792 3 223338299515 31850496 102 1
copy 12793 3 223338299516 31850496 101 1
copy 12794 3 223338299516 31850496 102 1
copy 12795 3 223338299517 31850496 101 1
copy 12796 3 223338299517 31850496 102 1
copy 12797 3 223338299518 31850496 101 1
copy 12798 3 223338299518 31850496 102 1
copy 12799 3 223338299519 31850496 101 1
copy 12800 3 223338299519 31850496 102 1
copy 12801 3 227633266688 31850496 101 1
copy 12802 3 227633266688 31850496 102 1
copy 12803 3 227633266689 31850496 101 1
copy 12804 3 227633266689 31850496 102 1
copy 12805 3 227633266690 31850496 101 1
copy 12806 3 227633266690 31850496 102 1
copy 12807 3 227633266691 31850496 101 1
copy 12808 3 227633266691 31850496 102 1
copy 12809 3 227633266692 31850496 101 1
copy 12810 3 227633266692 31850496 102 1
copy 12811 3 227633266693 31850496 101 1
copy 12812 3 227633266693 31850496 102 1
copy 12813 3 227633266694 31850496 101 1
copy 12814 3 227633266694 31850496 102 1
copy 12815 3 227633266695 31850496 101 1
copy 12816 3 227633266695 31850496 102 1
copy 12817 3 227633266696 31850496 101 1
copy 12818 3 227633266696 31850496 102 1
copy 12819 3 227633266697 31850496 101 1
copy 12820 3 227633266697 31850496 102 1
copy 12821 3 227633266698 31850496 101 1
copy 12822 3 227633266698 31850496 102 1
copy 12823 3 227633266699 31850496 101 1
copy 12824 3 227633266699 31850496 102 1
copy 12825 3 227633266700 31850496 101 1
copy 12826 3 227633266700 31850496 102 1
copy 12827 3 227633266701 31850496 101 1
copy 12828 3 227633266701 31850496 102 1
copy 12829 3 227633266702 31850496 101 1
copy 12830 3 227633266702 31850496 102 1
copy 12831 3 227633266703 31850496 101 1
copy 12832 3 227633266703 31850496 102 1
copy 12833 3 227633266704 31850496 101 1
copy 12834 3 227633266704 31850496 102 1
copy 12835 3 227633266705 31850496 101 1
copy 12836 3 227633266705 31850496 102 1
copy 12837 3 227633266706 31850496 101 1
copy 12838 3 227633266706 31850496 102 1
copy 12839 3 227633266707 31850496 101 1
copy 12840 3 227633266707 31850496 102 1
copy 12841 3 227633266708 31850496 101 1
copy 12842 3 227633266708 31850496 102 1
copy 12843 3 227633266709 31850496 101 1
copy 12844 3 227633266709 31850496 102 1
copy 12845 3 227633266710 31850496 101 1
copy 12846 3 227633266710 31850496 102 1
copy 12847 3 227633266711 31850496 101 1
copy 12848 3 227633266711 31850496 102 1
copy 12849 3 227633266712 31850496 101 1
copy 12850 3 227633266712 31850496 102 1
copy 12851 3 227633266713 31850496 101 1
copy 12852 3 227633266713 31850496 102 1
copy 12853 3 227633266714 31850496 101 1
copy 12854 3 227633266714 31850496 102 1
copy 12855 3 227633266715 31850496 101 1
copy 12856 3 227633266715 31850496 102 1
copy 12857 3 227633266716 31850496 101 1
copy 12858 3 227633266716 31850496 102 1
copy 12859 3 227633266717 31850496 101 1
copy 12860 3 227633266717 31850496 102 1
copy 12861 3 227633266718 31850496 101 1
copy 12862 3 227633266718 31850496 102 1
copy 12863 3 227633266719 31850496 101 1
copy 12864 3 227633266719 31850496 102 1
copy 12865 3 227633266720 31850496 101 1
copy 12866 3 227633266720 31850496 102 1
copy 12867 3 227633266721 31850496 101 1
copy 12868 3 227633266721 31850496 102 1
copy 12869 3 227633266722 31850496 101 1
copy 12870 3 227633266722 31850496 102 1
copy 12871 3 227633266723 31850496 101 1
copy 12872 3 227633266723 31850496 102 1
copy 12873 3 227633266724 31850496 101 1
copy 12874 3 227633266724 31850496 102 1
copy 12875 3 227633266725 31850496 101 1
copy 12876 3 227633266725 31850496 102 1
copy 12877 3 227633266726 31850496 101 1
copy 12878 3 227633266726 31850496 102 1
copy 12879 3 227633266727 31850496 101 1
copy 12880 3 227633266727 31850496 102 1
copy 12881 3 227633266728 31850496 101 1
copy 12882 3 227633266728 31850496 102 1
copy 12883 3 227633266729 31850496 101 1
copy 12884 3 227633266729 31850496 102 1
copy 12885 3 227633266730 31850496 101 1
copy 12886 3 227633266730 31850496 102 1
copy 12887 3 227633266731 31850496 101 1
copy 12888 3 227633266731 31850496 102 1
copy 12889 3 227633266732 31850496 101 1
copy 12890 3 227633266732 31850496 102 1
copy 12891 3 227633266733 31850496 101 1
copy 12892 3 227633266733 31850496 102 1
copy 12893 3 227633266734 31850496 101 1
copy 12894 3 227633266734 31850496 102 1
copy 12895 3 227633266735 31850496 101 1
copy 12896 3 227633266735 31850496 102 1
copy 12897 3 227633266736 31850496 101 1
copy 12898 3 227633266736 31850496 102 1
copy 12899 3 227633266737 31850496 101 1
copy 12900 3 227633266737 31850496 102 1
copy 12901 3 227633266738 31850496 101 1
copy 12902 3 227633266738 31850496 102 1
copy 12903 3 227633266739 31850496 101 1
copy 12904 3 227633266739 31850496 102 1
copy 12905 3 227633266740 31850496 101 1
copy 12906 3 227633266740 31850496 102 1
copy 12907 3 227633266741 31850496 101 1
copy 12908 3 227633266741 31850496 102 1
copy 12909 3 227633266742 31850496 101 1
copy 12910 3 227633266742 31850496 102 1
copy 12911 3 227633266743 31850496 101 1
copy 12912 3 227633266743 31850496 102 1
copy 12913 3 227633266744 31850496 101 1
copy 12914 3 227633266744 31850496 102 1
copy 12915 3 227633266745 31850496 101 1
copy 12916 3 227633266745 31850496 102 1
copy 12917 3 227633266746 31850496 101 1
copy 12918 3 227633266746 31850496 102 1
copy 12919 3 227633266747 31850496 101 1
copy 12920 3 227633266747 31850496 102 1
copy 12921 3 227633266748 31850496 101 1
copy 12922 3 227633266748 31850496 102 1
copy 12923 3 227633266749 31850496 101 1
copy 12924 3 227633266749 31850496 102 1
copy 12925 3 227633266750 31850496 101 1
copy 12926 3 227633266750 31850496 102 1
copy 12927 3 227633266751 31850496 101 1
copy 12928 3 227633266751 31850496 102 1
copy 12929 3 227633266752 31850496 101 1
copy 12930 3 227633266752 31850496 102 1
copy 12931 3 227633266753 31850496 101 1
copy 12932 3 227633266753 31850496 102 1
copy 12933 3 227633266754 31850496 101 1
copy 12934 3 227633266754 31850496 102 1
copy 12935 3 227633266755 31850496 101 1
copy 12936 3 227633266755 31850496 102 1
copy 12937 3 227633266756 31850496 101 1
copy 12938 3 227633266756 31850496 102 1
copy 12939 3 227633266757 31850496 101 1
copy 12940 3 227633266757 31850496 102 1
copy 12941 3 227633266758 31850496 101 1
copy 12942 3 227633266758 31850496 102 1
copy 12943 3 227633266759 31850496 101 1
copy 12944 3 227633266759 31850496 102 1
copy 12945 3 227633266760 31850496 101 1
copy 12946 3 227633266760 31850496 102 1
copy 12947 3 227633266761 31850496 101 1
copy 12948 3 227633266761 31850496 102 1
copy 12949 3 227633266762 31850496 101 1
copy 12950 3 227633266762 31850496 102 1
copy 12951 3 227633266763 31850496 101 1
copy 12952 3 227633266763 31850496 102 1
copy 12953 3 227633266764 31850496 101 1
copy 12954 3 227633266764 31850496 102 1
copy 12955 3 227633266765 31850496 101 1
copy 12956 3 227633266765 31850496 102 1
copy 12957 3 227633266766 31850496 101 1
copy 12958 3 227633266766 31850496 102 1
copy 12959 3 227633266767 31850496 101 1
copy 12960 3 227633266767 31850496 102 1
copy 12961 3 227633266768 31850496 101 1
copy 12962 3 227633266768 31850496 102 1
copy 12963 3 227633266769 31850496 101 1
copy 12964 3 227633266769 31850496 102 1
copy 12965 3 227633266770 31850496 101 1
copy 12966 3 227633266770 31850496 102 1
copy 12967 3 227633266771 31850496 101 1
copy 12968 3 227633266771 31850496 102 1
copy 12969 3 227633266772 31850496 101 1
copy 12970 3 227633266772 31850496 102 1
copy 12971 3 227633266773 31850496 101 1
copy 12972 3 227633266773 31850496 102 1
copy 12973 3 227633266774 31850496 101 1
copy 12974 3 227633266774 31850496 102 1
copy 12975 3 227633266775 31850496 101 1
copy 12976 3 227633266775 31850496 102 1
copy 12977 3 227633266776 31850496 101 1
copy 12978 3 227633266776 31850496 102 1
copy 12979 3 227633266777 31850496 101 1
copy 12980 3 227633266777 31850496 102 1
copy 12981 3 227633266778 31850496 101 1
copy 12982 3 227633266778 31850496 102 1
copy 12983 3 227633266779 31850496 101 1
copy 12984 3 227633266779 31850496 102 1
copy 12985 3 227633266780 31850496 101 1
copy 12986 3 227633266780 31850496 102 1
copy 12987 3 227633266781 31850496 101 1
copy 12988 3 227633266781 31850496 102 1
copy 12989 3 227633266782 31850496 101 1
copy 12990 3 227633266782 31850496 102 1
copy 12991 3 227633266783 31850496 101 1
copy 12992 3 227633266783 31850496 102 1
copy 12993 3 227633266784 31850496 101 1
copy 12994 3 227633266784 31850496 102 1
copy 12995 3 227633266785 31850496 101 1
copy 12996 3 227633266785 31850496 102 1
copy 12997 3 227633266786 31850496 101 1
copy 12998 3 227633266786 31850496 102 1
copy 12999 3 227633266787 31850496 101 1
copy 13000 3 227633266787 31850496 102 1
copy 13001 3 227633266788 31850496 101 1
copy 13002 3 227633266788 31850496 102 1
copy 13003 3 227633266789 31850496 101 1
copy 13004 3 227633266789 31850496 102 1
copy 13005 3 227633266790 31850496 101 1
copy 13006 3 227633266790 31850496 102 1
copy 13007 3 227633266791 31850496 101 1
copy 13008 3 227633266791 31850496 102 1
copy 13009 3 227633266792 31850496 101 1
copy 13010 3 227633266792 31850496 102 1
copy 13011 3 227633266793 31850496 101 1
copy 13012 3 227633266793 31850496 102 1
copy 13013 3 227633266794 31850496 101 1
copy 13014 3 227633266794 31850496 102 1
copy 13015 3 227633266795 31850496 101 1
copy 13016 3 227633266795 31850496 102 1
copy 13017 3 227633266796 31850496 101 1
copy 13018 3 227633266796 31850496 102 1
copy 13019 3 227633266797 31850496 101 1
copy 13020 3 227633266797 31850496 102 1
copy 13021 3 227633266798 31850496 101 1
copy 13022 3 227633266798 31850496 102 1
copy 13023 3 227633266799 31850496 101 1
copy 13024 3 227633266799 31850496 102 1
copy 13025 3 227633266800 31850496 101 1
copy 13026 3 227633266800 31850496 102 1
copy 13027 3 227633266801 31850496 101 1
copy 13028 3 227633266801 31850496 102 1
copy 13029 3 227633266802 31850496 101 1
copy 13030 3 227633266802 31850496 102 1
copy 13031 3 227633266803 31850496 101 1
copy 13032 3 227633266803 31850496 102 1
copy 13033 3 227633266804 31850496 101 1
copy 13034 3 227633266804 31850496 102 1
copy 13035 3 227633266805 31850496 101 1
copy 13036 3 227633266805 31850496 102 1
copy 13037 3 227633266806 31850496 101 1
copy 13038 3 227633266806 31850496 102 1
copy 13039 3 227633266807 31850496 101 1
copy 13040 3 227633266807 31850496 102 1
copy 13041 3 227633266808 31850496 101 1
copy 13042 3 227633266808 31850496 102 1
copy 13043 3 227633266809 31850496 101 1
copy 13044 3 227633266809 31850496 102 1
copy 13045 3 227633266810 31850496 101 1
copy 13046 3 227633266810 31850496 102 1
copy 13047 3 227633266811 31850496 101 1
copy 13048 3 227633266811 31850496 102 1
copy 13049 3 227633266812 31850496 101 1
copy 13050 3 227633266812 31850496 102 1
copy 13051 3 227633266813 31850496 101 1
copy 13052 3 227633266813 31850496 102 1
copy 13053 3 227633266814 31850496 101 1
copy 13054 3 227633266814 31850496 102 1
copy 13055 3 227633266815 31850496 101 1
copy 13056 3 227633266815 31850496 102 1
copy 13057 3 231928233984 31850496 101 1
copy 13058 3 231928233984 31850496 102 1
copy 13059 3 231928233985 31850496 101 1
copy 13060 3 231928233985 31850496 102 1
copy 13061 3 231928233986 31850496 101 1
copy 13062 3 231928233986 31850496 102 1
copy 13063 3 231928233987 31850496 101 1
copy 13064 3 231928233987 31850496 102 1
copy 13065 3 231928233988 31850496 101 1
copy 13066 3 231928233988 31850496 102 1
copy 13067 3 231928233989 31850496 101 1
copy 13068 3 231928233989 31850496 102 1
copy 13069 3 231928233990 31850496 101 1
copy 13070 3 231928233990 31850496 102 1
copy 13071 3 231928233991 31850496 101 1
copy 13072 3 231928233991 31850496 102 1
copy 13073 3 231928233992 31850496 101 1
copy 13074 3 231928233992 31850496 102 1
copy 13075 3 231928233993 31850496 101 1
copy 13076 3 231928233993 31850496 102 1
copy 13077 3 231928233994 31850496 101 1
copy 13078 3 231928233994 31850496 102 1
copy 13079 3 231928233995 31850496 101 1
copy 13080 3 231928233995 31850496 102 1
copy 13081 3 231928233996 31850496 101 1
copy 13082 3 231928233996 31850496 102 1
copy 13083 3 231928233997 31850496 101 1
copy 13084 3 231928233997 31850496 102 1
copy 13085 3 231928233998 31850496 101 1
copy 13086 3 231928233998 31850496 102 1
copy 13087 3 231928233999 31850496 101 1
copy 13088 3 231928233999 31850496 102 1
copy 13089 3 231928234000 31850496 101 1
copy 13090 3 231928234000 31850496 102 1
copy 13091 3 231928234001 31850496 101 1
copy 13092 3 231928234001 31850496 102 1
copy 13093 3 231928234002 31850496 101 1
copy 13094 3 231928234002 31850496 102 1
copy 13095 3 231928234003 31850496 101 1
copy 13096 3 231928234003 31850496 102 1
copy 13097 3 231928234004 31850496 101 1
copy 13098 3 231928234004 31850496 102 1
copy 13099 3 231928234005 31850496 101 1
copy 13100 3 231928234005 31850496 102 1
copy 13101 3 231928234006 31850496 101 1
copy 13102 3 231928234006 31850496 102 1
copy 13103 3 231928234007 31850496 101 1
copy 13104 3 231928234007 31850496 102 1
copy 13105 3 231928234008 31850496 101 1
copy 13106 3 231928234008 31850496 102 1
copy 13107 3 231928234009 31850496 101 1
copy 13108 3 231928234009 31850496 102 1
copy 13109 3 231928234010 31850496 101 1
copy 13110 3 231928234010 31850496 102 1
copy 13111 3 231928234011 31850496 101 1
copy 13112 3 231928234011 31850496 102 1
copy 13113 3 231928234012 31850496 101 1
copy 13114 3 231928234012 31850496 102 1
copy 13115 3 231928234013 31850496 101 1
copy 13116 3 231928234013 31850496 102 1
copy 13117 3 231928234014 31850496 101 1
copy 13118 3 231928234014 31850496 102 1
copy 13119 3 231928234015 31850496 101 1
copy 13120 3 231928234015 31850496 102 1
copy 13121 3 231928234016 31850496 101 1
copy 13122 3 231928234016 31850496 102 1
copy 13123 3 231928234017 31850496 101 1
copy 13124 3 231928234017 31850496 102 1
copy 13125 3 231928234018 31850496 101 1
copy 13126 3 231928234018 31850496 102 1
copy 13127 3 231928234019 31850496 101 1
copy 13128 3 231928234019 31850496 102 1
copy 13129 3 231928234020 31850496 101 1
copy 13130 3 231928234020 31850496 102 1
copy 13131 3 231928234021 31850496 101 1
copy 13132 3 231928234021 31850496 102 1
copy 13133 3 231928234022 31850496 101 1
copy 13134 3 231928234022 31850496 102 1
copy 13135 3 231928234023 31850496 101 1
copy 13136 3 231928234023 31850496 102 1
copy 13137 3 231928234024 31850496 101 1
copy 13138 3 231928234024 31850496 102 1
copy 13139 3 231928234025 31850496 101 1
copy 13140 3 231928234025 31850496 102 1
copy 13141 3 231928234026 31850496 101 1
copy 13142 3 231928234026 31850496 102 1
copy 13143 3 231928234027 31850496 101 1
copy 13144 3 231928234027 31850496 102 1
copy 13145 3 231928234028 31850496 101 1
copy 13146 3 231928234028 31850496 102 1
copy 13147 3 231928234029 31850496 101 1
copy 13148 3 231928234029 31850496 102 1
copy 13149 3 231928234030 31850496 101 1
copy 13150 3 231928234030 31850496 102 1
copy 13151 3 231928234031 31850496 101 1
copy 13152 3 231928234031 31850496 102 1
copy 13153 3 231928234032 31850496 101 1
copy 13154 3 231928234032 31850496 102 1
copy 13155 3 231928234033 31850496 101 1
copy 13156 3 231928234033 31850496 102 1
copy 13157 3 231928234034 31850496 101 1
copy 13158 3 231928234034 31850496 102 1
copy 13159 3 231928234035 31850496 101 1
copy 13160 3 231928234035 31850496 102 1
copy 13161 3 231928234036 31850496 101 1
copy 13162 3 231928234036 31850496 102 1
copy 13163 3 231928234037 31850496 101 1
copy 13164 3 231928234037 31850496 102 1
copy 13165 3 231928234038 31850496 101 1
copy 13166 3 231928234038 31850496 102 1
copy 13167 3 231928234039 31850496 101 1
copy 13168 3 231928234039 31850496 102 1
copy 13169 3 231928234040 31850496 101 1
copy 13170 3 231928234040 31850496 102 1
copy 13171 3 231928234041 31850496 101 1
copy 13172 3 231928234041 31850496 102 1
copy 13173 3 231928234042 31850496 101 1
copy 13174 3 231928234042 31850496 102 1
copy 13175 3 231928234043 31850496 101 1
copy 13176 3 231928234043 31850496 102 1
copy 13177 3 231928234044 31850496 101 1
copy 13178 3 231928234044 31850496 102 1
copy 13179 3 231928234045 31850496 101 1
copy 13180 3 231928234045 31850496 102 1
copy 13181 3 231928234046 31850496 101 1
copy 13182 3 231928234046 31850496 102 1
copy 13183 3 231928234047 31850496 101 1
copy 13184 3 231928234047 31850496 102 1
copy 13185 3 231928234048 31850496 101 1
copy 13186 3 231928234048 31850496 102 1
copy 13187 3 231928234049 31850496 101 1
copy 13188 3 231928234049 31850496 102 1
copy 13189 3 231928234050 31850496 101 1
copy 13190 3 231928234050 31850496 102 1
copy 13191 3 231928234051 31850496 101 1
copy 13192 3 231928234051 31850496 102 1
copy 13193 3 231928234052 31850496 101 1
copy 13194 3 231928234052 31850496 102 1
copy 13195 3 231928234053 31850496 101 1
copy 13196 3 231928234053 31850496 102 1
copy 13197 3 231928234054 31850496 101 1
copy 13198 3 231928234054 31850496 102 1
copy 13199 3 231928234055 31850496 101 1
copy 13200 3 231928234055 31850496 102 1
copy 13201 3 231928234056 31850496 101 1
copy 13202 3 231928234056 31850496 102 1
copy 13203 3 231928234057 31850496 101 1
copy 13204 3 231928234057 31850496 102 1
copy 13205 3 231928234058 31850496 101 1
copy 13206 3 231928234058 31850496 102 1
copy 13207 3 231928234059 31850496 101 1
copy 13208 3 231928234059 31850496 102 1
copy 13209 3 231928234060 31850496 101 1
copy 13210 3 231928234060 31850496 102 1
copy 13211 3 231928234061 31850496 101 1
copy 13212 3 231928234061 31850496 102 1
copy 13213 3 231928234062 31850496 101 1
copy 13214 3 231928234062 31850496 102 1
copy 13215 3 231928234063 31850496 101 1
copy 13216 3 231928234063 31850496 102 1
copy 13217 3 231928234064 31850496 101 1
copy 13218 3 231928234064 31850496 102 1
copy 13219 3 231928234065 31850496 101 1
copy 13220 3 231928234065 31850496 102 1
copy 13221 3 231928234066 31850496 101 1
copy 13222 3 231928234066 31850496 102 1
copy 13223 3 231928234067 31850496 101 1
copy 13224 3 231928234067 31850496 102 1
copy 13225 3 231928234068 31850496 101 1
copy 13226 3 231928234068 31850496 102 1
copy 13227 3 231928234069 31850496 101 1
copy 13228 3 231928234069 31850496 102 1
copy 13229 3 231928234070 31850496 101 1
copy 13230 3 231928234070 31850496 102 1
copy 13231 3 231928234071 31850496 101 1
copy 13232 3 231928234071 31850496 102 1
copy 13233 3 231928234072 31850496 101 1
copy 13234 3 231928234072 31850496 102 1
copy 13235 3 231928234073 31850496 101 1
copy 13236 3 231928234073 31850496 102 1
copy 13237 3 231928234074 31850496 101 1
copy 13238 3 231928234074 31850496 102 1
copy 13239 3 231928234075 31850496 101 1
copy 13240 3 231928234075 31850496 102 1
copy 13241 3 231928234076 31850496 101 1
copy 13242 3 231928234076 31850496 102 1
copy 13243 3 231928234077 31850496 101 1
copy 13244 3 231928234077 31850496 102 1
copy 13245 3 231928234078 31850496 101 1
copy 13246 3 231928234078 31850496 102 1
copy 13247 3 231928234079 31850496 101 1
copy 13248 3 231928234079 31850496 102 1
copy 13249 3 231928234080 31850496 101 1
copy 13250 3 231928234080 31850496 102 1
copy 13251 3 231928234081 31850496 101 1
copy 13252 3 231928234081 31850496 102 1
copy 13253 3 231928234082 31850496 101 1
copy 13254 3 231928234082 31850496 102 1
copy 13255 3 231928234083 31850496 101 1
copy 13256 3 231928234083 31850496 102 1
copy 13257 3 231928234084 31850496 101 1
copy 13258 3 231928234084 31850496 102 1
copy 13259 3 231928234085 31850496 101 1
copy 13260 3 231928234085 31850496 102 1
copy 13261 3 231928234086 31850496 101 1
copy 13262 3 231928234086 31850496 102 1
copy 13263 3 231928234087 31850496 101 1
copy 13264 3 231928234087 31850496 102 1
copy 13265 3 231928234088 31850496 101 1
copy 13266 3 231928234088 31850496 102 1
copy 13267 3 231928234089 31850496 101 1
copy 13268 3 231928234089 31850496 102 1
copy 13269 3 231928234090 31850496 101 1
copy 13270 3 231928234090 31850496 102 1
copy 13271 3 231928234091 31850496 101 1
copy 13272 3 231928234091 31850496 102 1
copy 13273 3 231928234092 31850496 101 1
copy 13274 3 231928234092 31850496 102 1
copy 13275 3 231928234093 31850496 101 1
copy 13276 3 231928234093 31850496 102 1
copy 13277 3 231928234094 31850496 101 1
copy 13278 3 231928234094 31850496 102 1
copy 13279 3 231928234095 31850496 101 1
copy 13280 3 231928234095 31850496 102 1
copy 13281 3 231928234096 31850496 101 1
copy 13282 3 231928234096 31850496 102 1
copy 13283 3 231928234097 31850496 101 1
copy 13284 3 231928234097 31850496 102 1
copy 13285 3 231928234098 31850496 101 1
copy 13286 3 231928234098 31850496 102 1
copy 13287 3 231928234099 31850496 101 1
copy 13288 3 231928234099 31850496 102 1
copy 13289 3 231928234100 31850496 101 1
copy 13290 3 231928234100 31850496 102 1
copy 13291 3 231928234101 31850496 101 1
copy 13292 3 231928234101 31850496 102 1
copy 13293 3 231928234102 31850496 101 1
copy 13294 3 231928234102 31850496 102 1
copy 13295 3 231928234103 31850496 101 1
copy 13296 3 231928234103 31850496 102 1
copy 13297 3 231928234104 31850496 101 1
copy 13298 3 231928234104 31850496 102 1
copy 13299 3 231928234105 31850496 101 1
copy 13300 3 231928234105 31850496 102 1
copy 13301 3 231928234106 31850496 101 1
copy 13302 3 231928234106 31850496 102 1
copy 13303 3 231928234107 31850496 101 1
copy 13304 3 231928234107 31850496 102 1
copy 13305 3 231928234108 31850496 101 1
copy 13306 3 231928234108 31850496 102 1
copy 13307 3 231928234109 31850496 101 1
copy 13308 3 231928234109 31850496 102 1
copy 13309 3 231928234110 31850496 101 1
copy 13310 3 231928234110 31850496 102 1
copy 13311 3 231928234111 31850496 101 1
copy 13312 3 231928234111 31850496 102 1
copy 13313 3 236223201280 31850496 101 1
copy 13314 3 236223201280 31850496 102 1
copy 13315 3 236223201281 31850496 101 1
copy 13316 3 236223201281 31850496 102 1
copy 13317 3 236223201282 31850496 101 1
copy 13318 3 236223201282 31850496 102 1
copy 13319 3 236223201283 31850496 101 1
copy 13320 3 236223201283 31850496 102 1
copy 13321 3 236223201284 31850496 101 1
copy 13322 3 236223201284 31850496 102 1
copy 13323 3 236223201285 31850496 101 1
copy 13324 3 236223201285 31850496 102 1
copy 13325 3 236223201286 31850496 101 1
copy 13326 3 236223201286 31850496 102 1
copy 13327 3 236223201287 31850496 101 1
copy 13328 3 236223201287 31850496 102 1
copy 13329 3 236223201288 31850496 101 1
copy 13330 3 236223201288 31850496 102 1
copy 13331 3 236223201289 31850496 101 1
copy 13332 3 236223201289 31850496 102 1
copy 13333 3 236223201290 31850496 101 1
copy 13334 3 236223201290 31850496 102 1
copy 13335 3 236223201291 31850496 101 1
copy 13336 3 236223201291 31850496 102 1
copy 13337 3 236223201292 31850496 101 1
copy 13338 3 236223201292 31850496 102 1
copy 13339 3 236223201293 31850496 101 1
copy 13340 3 236223201293 31850496 102 1
copy 13341 3 236223201294 31850496 101 1
copy 13342 3 236223201294 31850496 102 1
copy 13343 3 236223201295 31850496 101 1
copy 13344 3 236223201295 31850496 102 1
copy 13345 3 236223201296 31850496 101 1
copy 13346 3 236223201296 31850496 102 1
copy 13347 3 236223201297 31850496 101 1
copy 13348 3 236223201297 31850496 102 1
copy 13349 3 236223201298 31850496 101 1
copy 13350 3 236223201298 31850496 102 1
copy 13351 3 236223201299 31850496 101 1
copy 13352 3 236223201299 31850496 102 1
copy 13353 3 236223201300 31850496 101 1
copy 13354 3 236223201300 31850496 102 1
copy 13355 3 236223201301 31850496 101 1
copy 13356 3 236223201301 31850496 102 1
copy 13357 3 236223201302 31850496 101 1
copy 13358 3 236223201302 31850496 102 1
copy 13359 3 236223201303 31850496 101 1
copy 13360 3 236223201303 31850496 102 1
copy 13361 3 236223201304 31850496 101 1
copy 13362 3 236223201304 31850496 102 1
copy 13363 3 236223201305 31850496 101 1
copy 13364 3 236223201305 31850496 102 1
copy 13365 3 236223201306 31850496 101 1
copy 13366 3 236223201306 31850496 102 1
copy 13367 3 236223201307 31850496 101 1
copy 13368 3 236223201307 31850496 102 1
copy 13369 3 236223201308 31850496 101 1
copy 13370 3 236223201308 31850496 102 1
copy 13371 3 236223201309 31850496 101 1
copy 13372 3 236223201309 31850496 102 1
copy 13373 3 236223201310 31850496 101 1
copy 13374 3 236223201310 31850496 102 1
copy 13375 3 236223201311 31850496 101 1
copy 13376 3 236223201311 31850496 102 1
copy 13377 3 236223201312 31850496 101 1
copy 13378 3 236223201312 31850496 102 1
copy 13379 3 236223201313 31850496 101 1
copy 13380 3 236223201313 31850496 102 1
copy 13381 3 236223201314 31850496 101 1
copy 13382 3 236223201314 31850496 102 1
copy 13383 3 236223201315 31850496 101 1
copy 13384 3 236223201315 31850496 102 1
copy 13385 3 236223201316 31850496 101 1
copy 13386 3 236223201316 31850496 102 1
copy 13387 3 236223201317 31850496 101 1
copy 13388 3 236223201317 31850496 102 1
copy 13389 3 236223201318 31850496 101 1
copy 13390 3 236223201318 31850496 102 1
copy 13391 3 236223201319 31850496 101 1
copy 13392 3 236223201319 31850496 102 1
copy 13393 3 236223201320 31850496 101 1
copy 13394 3 236223201320 31850496 102 1
copy 13395 3 236223201321 31850496 101 1
copy 13396 3 236223201321 31850496 102 1
copy 13397 3 236223201322 31850496 101 1
copy 13398 3 236223201322 31850496 102 1
copy 13399 3 236223201323 31850496 101 1
copy 13400 3 236223201323 31850496 102 1
copy 13401 3 236223201324 31850496 101 1
copy 13402 3 236223201324 31850496 102 1
copy 13403 3 236223201325 31850496 101 1
copy 13404 3 236223201325 31850496 102 1
copy 13405 3 236223201326 31850496 101 1
copy 13406 3 236223201326 31850496 102 1
copy 13407 3 236223201327 31850496 101 1
copy 13408 3 236223201327 31850496 102 1
copy 13409 3 236223201328 31850496 101 1
copy 13410 3 236223201328 31850496 102 1
copy 13411 3 236223201329 31850496 101 1
copy 13412 3 236223201329 31850496 102 1
copy 13413 3 236223201330 31850496 101 1
copy 13414 3 236223201330 31850496 102 1
copy 13415 3 236223201331 31850496 101 1
copy 13416 3 236223201331 31850496 102 1
copy 13417 3 236223201332 31850496 101 1
copy 13418 3 236223201332 31850496 102 1
copy 13419 3 236223201333 31850496 101 1
copy 13420 3 236223201333 31850496 102 1
copy 13421 3 236223201334 31850496 101 1
copy 13422 3 236223201334 31850496 102 1
copy 13423 3 236223201335 31850496 101 1
copy 13424 3 236223201335 31850496 102 1
copy 13425 3 236223201336 31850496 101 1
copy 13426 3 236223201336 31850496 102 1
copy 13427 3 236223201337 31850496 101 1
copy 13428 3 236223201337 31850496 102 1
copy 13429 3 236223201338 31850496 101 1
copy 13430 3 236223201338 31850496 102 1
copy 13431 3 236223201339 31850496 101 1
copy 13432 3 236223201339 31850496 102 1
copy 13433 3 236223201340 31850496 101 1
copy 13434 3 236223201340 31850496 102 1
copy 13435 3 236223201341 31850496 101 1
copy 13436 3 236223201341 31850496 102 1
copy 13437 3 236223201342 31850496 101 1
copy 13438 3 236223201342 31850496 102 1
copy 13439 3 236223201343 31850496 101 1
copy 13440 3 236223201343 31850496 102 1
copy 13441 3 236223201344 31850496 101 1
copy 13442 3 236223201344 31850496 102 1
copy 13443 3 236223201345 31850496 101 1
copy 13444 3 236223201345 31850496 102 1
copy 13445 3 236223201346 31850496 101 1
copy 13446 3 236223201346 31850496 102 1
copy 13447 3 236223201347 31850496 101 1
copy 13448 3 236223201347 31850496 102 1
copy 13449 3 236223201348 31850496 101 1
copy 13450 3 236223201348 31850496 102 1
copy 13451 3 236223201349 31850496 101 1
copy 13452 3 236223201349 31850496 102 1
copy 13453 3 236223201350 31850496 101 1
copy 13454 3 236223201350 31850496 102 1
copy 13455 3 236223201351 31850496 101 1
copy 13456 3 236223201351 31850496 102 1
copy 13457 3 236223201352 31850496 101 1
copy 13458 3 236223201352 31850496 102 1
copy 13459 3 236223201353 31850496 101 1
copy 13460 3 236223201353 31850496 102 1
copy 13461 3 236223201354 31850496 101 1
copy 13462 3 236223201354 31850496 102 1
copy 13463 3 236223201355 31850496 101 1
copy 13464 3 236223201355 31850496 102 1
copy 13465 3 236223201356 31850496 101 1
copy 13466 3 236223201356 31850496 102 1
copy 13467 3 236223201357 31850496 101 1
copy 13468 3 236223201357 31850496 102 1
copy 13469 3 236223201358 31850496 101 1
copy 13470 3 236223201358 31850496 102 1
copy 13471 3 236223201359 31850496 101 1
copy 13472 3 236223201359 31850496 102 1
copy 13473 3 236223201360 31850496 101 1
copy 13474 3 236223201360 31850496 102 1
copy 13475 3 236223201361 31850496 101 1
copy 13476 3 236223201361 31850496 102 1
copy 13477 3 236223201362 31850496 101 1
copy 13478 3 236223201362 31850496 102 1
copy 13479 3 236223201363 31850496 101 1
copy 13480 3 236223201363 31850496 102 1
copy 13481 3 236223201364 31850496 101 1
copy 13482 3 236223201364 31850496 102 1
copy 13483 3 236223201365 31850496 101 1
copy 13484 3 236223201365 31850496 102 1
copy 13485 3 236223201366 31850496 101 1
copy 13486 3 236223201366 31850496 102 1
copy 13487 3 236223201367 31850496 101 1
copy 13488 3 236223201367 31850496 102 1
copy 13489 3 236223201368 31850496 101 1
copy 13490 3 236223201368 31850496 102 1
copy 13491 3 236223201369 31850496 101 1
copy 13492 3 236223201369 31850496 102 1
copy 13493 3 236223201370 31850496 101 1
copy 13494 3 236223201370 31850496 102 1
copy 13495 3 236223201371 31850496 101 1
copy 13496 3 236223201371 31850496 102 1
copy 13497 3 236223201372 31850496 101 1
copy 13498 3 236223201372 31850496 102 1
copy 13499 3 236223201373 31850496 101 1
copy 13500 3 236223201373 31850496 102 1
copy 13501 3 236223201374 31850496 101 1
copy 13502 3 236223201374 31850496 102 1
copy 13503 3 236223201375 31850496 101 1
copy 13504 3 236223201375 31850496 102 1
copy 13505 3 236223201376 31850496 101 1
copy 13506 3 236223201376 31850496 102 1
copy 13507 3 236223201377 31850496 101 1
copy 13508 3 236223201377 31850496 102 1
copy 13509 3 236223201378 31850496 101 1
copy 13510 3 236223201378 31850496 102 1
copy 13511 3 236223201379 31850496 101 1
copy 13512 3 236223201379 31850496 102 1
copy 13513 3 236223201380 31850496 101 1
copy 13514 3 236223201380 31850496 102 1
copy 13515 3 236223201381 31850496 101 1
copy 13516 3 236223201381 31850496 102 1
copy 13517 3 236223201382 31850496 101 1
copy 13518 3 236223201382 31850496 102 1
copy 13519 3 236223201383 31850496 101 1
copy 13520 3 236223201383 31850496 102 1
copy 13521 3 236223201384 31850496 101 1
copy 13522 3 236223201384 31850496 102 1
copy 13523 3 236223201385 31850496 101 1
copy 13524 3 236223201385 31850496 102 1
copy 13525 3 236223201386 31850496 101 1
copy 13526 3 236223201386 31850496 102 1
copy 13527 3 236223201387 31850496 101 1
copy 13528 3 236223201387 31850496 102 1
copy 13529 3 236223201388 31850496 101 1
copy 13530 3 236223201388 31850496 102 1
copy 13531 3 236223201389 31850496 101 1
copy 13532 3 236223201389 31850496 102 1
copy 13533 3 236223201390 31850496 101 1
copy 13534 3 236223201390 31850496 102 1
copy 13535 3 236223201391 31850496 101 1
copy 13536 3 236223201391 31850496 102 1
copy 13537 3 236223201392 31850496 101 1
copy 13538 3 236223201392 31850496 102 1
copy 13539 3 236223201393 31850496 101 1
copy 13540 3 236223201393 31850496 102 1
copy 13541 3 236223201394 31850496 101 1
copy 13542 3 236223201394 31850496 102 1
copy 13543 3 236223201395 31850496 101 1
copy 13544 3 236223201395 31850496 102 1
copy 13545 3 236223201396 31850496 101 1
copy 13546 3 236223201396 31850496 102 1
copy 13547 3 236223201397 31850496 101 1
copy 13548 3 236223201397 31850496 102 1
copy 13549 3 236223201398 31850496 101 1
copy 13550 3 236223201398 31850496 102 1
copy 13551 3 236223201399 31850496 101 1
copy 13552 3 236223201399 31850496 102 1
copy 13553 3 236223201400 31850496 101 1
copy 13554 3 236223201400 31850496 102 1
copy 13555 3 236223201401 31850496 101 1
copy 13556 3 236223201401 31850496 102 1
copy 13557 3 236223201402 31850496 101 1
copy 13558 3 236223201402 31850496 102 1
copy 13559 3 236223201403 31850496 101 1
copy 13560 3 236223201403 31850496 102 1
copy 13561 3 236223201404 31850496 101 1
copy 13562 3 236223201404 31850496 102 1
copy 13563 3 236223201405 31850496 101 1
copy 13564 3 236223201405 31850496 102 1
copy 13565 3 236223201406 31850496 101 1
copy 13566 3 236223201406 31850496 102 1
copy 13567 3 236223201407 31850496 101 1
copy 13568 3 236223201407 31850496 102 1
copy 13569 3 240518168576 31850496 101 1
copy 13570 3 240518168576 31850496 102 1
copy 13571 3 240518168577 31850496 101 1
copy 13572 3 240518168577 31850496 102 1
copy 13573 3 240518168578 31850496 101 1
copy 13574 3 240518168578 31850496 102 1
copy 13575 3 240518168579 31850496 101 1
copy 13576 3 240518168579 31850496 102 1
copy 13577 3 240518168580 31850496 101 1
copy 13578 3 240518168580 31850496 102 1
copy 13579 3 240518168581 31850496 101 1
copy 13580 3 240518168581 31850496 102 1
copy 13581 3 240518168582 31850496 101 1
copy 13582 3 240518168582 31850496 102 1
copy 13583 3 240518168583 31850496 101 1
copy 13584 3 240518168583 31850496 102 1
copy 13585 3 240518168584 31850496 101 1
copy 13586 3 240518168584 31850496 102 1
copy 13587 3 240518168585 31850496 101 1
copy 13588 3 240518168585 31850496 102 1
copy 13589 3 240518168586 31850496 101 1
copy 13590 3 240518168586 31850496 102 1
copy 13591 3 240518168587 31850496 101 1
copy 13592 3 240518168587 31850496 102 1
copy 13593 3 240518168588 31850496 101 1
copy 13594 3 240518168588 31850496 102 1
copy 13595 3 240518168589 31850496 101 1
copy 13596 3 240518168589 31850496 102 1
copy 13597 3 240518168590 31850496 101 1
copy 13598 3 240518168590 31850496 102 1
copy 13599 3 240518168591 31850496 101 1
copy 13600 3 240518168591 31850496 102 1
copy 13601 3 240518168592 31850496 101 1
copy 13602 3 240518168592 31850496 102 1
copy 13603 3 240518168593 31850496 101 1
copy 13604 3 240518168593 31850496 102 1
copy 13605 3 240518168594 31850496 101 1
copy 13606 3 240518168594 31850496 102 1
copy 13607 3 240518168595 31850496 101 1
copy 13608 3 240518168595 31850496 102 1
copy 13609 3 240518168596 31850496 101 1
copy 13610 3 240518168596 31850496 102 1
copy 13611 3 240518168597 31850496 101 1
copy 13612 3 240518168597 31850496 102 1
copy 13613 3 240518168598 31850496 101 1
copy 13614 3 240518168598 31850496 102 1
copy 13615 3 240518168599 31850496 101 1
copy 13616 3 240518168599 31850496 102 1
copy 13617 3 240518168600 31850496 101 1
copy 13618 3 240518168600 31850496 102 1
copy 13619 3 240518168601 31850496 101 1
copy 13620 3 240518168601 31850496 102 1
copy 13621 3 240518168602 31850496 101 1
copy 13622 3 240518168602 31850496 102 1
copy 13623 3 240518168603 31850496 101 1
copy 13624 3 240518168603 31850496 102 1
copy 13625 3 240518168604 31850496 101 1
copy 13626 3 240518168604 31850496 102 1
copy 13627 3 240518168605 31850496 101 1
copy 13628 3 240518168605 31850496 102 1
copy 13629 3 240518168606 31850496 101 1
copy 13630 3 240518168606 31850496 102 1
copy 13631 3 240518168607 31850496 101 1
copy 13632 3 240518168607 31850496 102 1
copy 13633 3 240518168608 31850496 101 1
copy 13634 3 240518168608 31850496 102 1
copy 13635 3 240518168609 31850496 101 1
copy 13636 3 240518168609 31850496 102 1
copy 13637 3 240518168610 31850496 101 1
copy 13638 3 240518168610 31850496 102 1
copy 13639 3 240518168611 31850496 101 1
copy 13640 3 240518168611 31850496 102 1
copy 13641 3 240518168612 31850496 101 1
copy 13642 3 240518168612 31850496 102 1
copy 13643 3 240518168613 31850496 101 1
copy 13644 3 240518168613 31850496 102 1
copy 13645 3 240518168614 31850496 101 1
copy 13646 3 240518168614 31850496 102 1
copy 13647 3 240518168615 31850496 101 1
copy 13648 3 240518168615 31850496 102 1
copy 13649 3 240518168616 31850496 101 1
copy 13650 3 240518168616 31850496 102 1
copy 13651 3 240518168617 31850496 101 1
copy 13652 3 240518168617 31850496 102 1
copy 13653 3 240518168618 31850496 101 1
copy 13654 3 240518168618 31850496 102 1
copy 13655 3 240518168619 31850496 101 1
copy 13656 3 240518168619 31850496 102 1
copy 13657 3 240518168620 31850496 101 1
copy 13658 3 240518168620 31850496 102 1
copy 13659 3 240518168621 31850496 101 1
copy 13660 3 240518168621 31850496 102 1
copy 13661 3 240518168622 31850496 101 1
copy 13662 3 240518168622 31850496 102 1
copy 13663 3 240518168623 31850496 101 1
copy 13664 3 240518168623 31850496 102 1
copy 13665 3 240518168624 31850496 101 1
copy 13666 3 240518168624 31850496 102 1
copy 13667 3 240518168625 31850496 101 1
copy 13668 3 240518168625 31850496 102 1
copy 13669 3 240518168626 31850496 101 1
copy 13670 3 240518168626 31850496 102 1
copy 13671 3 240518168627 31850496 101 1
copy 13672 3 240518168627 31850496 102 1
copy 13673 3 240518168628 31850496 101 1
copy 13674 3 240518168628 31850496 102 1
copy 13675 3 240518168629 31850496 101 1
copy 13676 3 240518168629 31850496 102 1
copy 13677 3 240518168630 31850496 101 1
copy 13678 3 240518168630 31850496 102 1
copy 13679 3 240518168631 31850496 101 1
copy 13680 3 240518168631 31850496 102 1
copy 13681 3 240518168632 31850496 101 1
copy 13682 3 240518168632 31850496 102 1
copy 13683 3 240518168633 31850496 101 1
copy 13684 3 240518168633 31850496 102 1
copy 13685 3 240518168634 31850496 101 1
copy 13686 3 240518168634 31850496 102 1
copy 13687 3 240518168635 31850496 101 1
copy 13688 3 240518168635 31850496 102 1
copy 13689 3 240518168636 31850496 101 1
copy 13690 3 240518168636 31850496 102 1
copy 13691 3 240518168637 31850496 101 1
copy 13692 3 240518168637 31850496 102 1
copy 13693 3 240518168638 31850496 101 1
copy 13694 3 240518168638 31850496 102 1
copy 13695 3 240518168639 31850496 101 1
copy 13696 3 240518168639 31850496 102 1
copy 13697 3 240518168640 31850496 101 1
copy 13698 3 240518168640 31850496 102 1
copy 13699 3 240518168641 31850496 101 1
copy 13700 3 240518168641 31850496 102 1
copy 13701 3 240518168642 31850496 101 1
copy 13702 3 240518168642 31850496 102 1
copy 13703 3 240518168643 31850496 101 1
copy 13704 3 240518168643 31850496 102 1
copy 13705 3 240518168644 31850496 101 1
copy 13706 3 240518168644 31850496 102 1
copy 13707 3 240518168645 31850496 101 1
copy 13708 3 240518168645 31850496 102 1
copy 13709 3 240518168646 31850496 101 1
copy 13710 3 240518168646 31850496 102 1
copy 13711 3 240518168647 31850496 101 1
copy 13712 3 240518168647 31850496 102 1
copy 13713 3 240518168648 31850496 101 1
copy 13714 3 240518168648 31850496 102 1
copy 13715 3 240518168649 31850496 101 1
copy 13716 3 240518168649 31850496 102 1
copy 13717 3 240518168650 31850496 101 1
copy 13718 3 240518168650 31850496 102 1
copy 13719 3 240518168651 31850496 101 1
copy 13720 3 240518168651 31850496 102 1
copy 13721 3 240518168652 31850496 101 1
copy 13722 3 240518168652 31850496 102 1
copy 13723 3 240518168653 31850496 101 1
copy 13724 3 240518168653 31850496 102 1
copy 13725 3 240518168654 31850496 101 1
copy 13726 3 240518168654 31850496 102 1
copy 13727 3 240518168655 31850496 101 1
copy 13728 3 240518168655 31850496 102 1
copy 13729 3 240518168656 31850496 101 1
copy 13730 3 240518168656 31850496 102 1
copy 13731 3 240518168657 31850496 101 1
copy 13732 3 240518168657 31850496 102 1
copy 13733 3 240518168658 31850496 101 1
copy 13734 3 240518168658 31850496 102 1
copy 13735 3 240518168659 31850496 101 1
copy 13736 3 240518168659 31850496 102 1
copy 13737 3 240518168660 31850496 101 1
copy 13738 3 240518168660 31850496 102 1
copy 13739 3 240518168661 31850496 101 1
copy 13740 3 240518168661 31850496 102 1
copy 13741 3 240518168662 31850496 101 1
copy 13742 3 240518168662 31850496 102 1
copy 13743 3 240518168663 31850496 101 1
copy 13744 3 240518168663 31850496 102 1
copy 13745 3 240518168664 31850496 101 1
copy 13746 3 240518168664 31850496 102 1
copy 13747 3 240518168665 31850496 101 1
copy 13748 3 240518168665 31850496 102 1
copy 13749 3 240518168666 31850496 101 1
copy 13750 3 240518168666 31850496 102 1
copy 13751 3 240518168667 31850496 101 1
copy 13752 3 240518168667 31850496 102 1
copy 13753 3 240518168668 31850496 101 1
copy 13754 3 240518168668 31850496 102 1
copy 13755 3 240518168669 31850496 101 1
copy 13756 3 240518168669 31850496 102 1
copy 13757 3 240518168670 31850496 101 1
copy 13758 3 240518168670 31850496 102 1
copy 13759 3 240518168671 31850496 101 1
copy 13760 3 240518168671 31850496 102 1
copy 13761 3 240518168672 31850496 101 1
copy 13762 3 240518168672 31850496 102 1
copy 13763 3 240518168673 31850496 101 1
copy 13764 3 240518168673 31850496 102 1
copy 13765 3 240518168674 31850496 101 1
copy 13766 3 240518168674 31850496 102 1
copy 13767 3 240518168675 31850496 101 1
copy 13768 3 240518168675 31850496 102 1
copy 13769 3 240518168676 31850496 101 1
copy 13770 3 240518168676 31850496 102 1
copy 13771 3 240518168677 31850496 101 1
copy 13772 3 240518168677 31850496 102 1
copy 13773 3 240518168678 31850496 101 1
copy 13774 3 240518168678 31850496 102 1
copy 13775 3 240518168679 31850496 101 1
copy 13776 3 240518168679 31850496 102 1
copy 13777 3 240518168680 31850496 101 1
copy 13778 3 240518168680 31850496 102 1
copy 13779 3 240518168681 31850496 101 1
copy 13780 3 240518168681 31850496 102 1
copy 13781 3 240518168682 31850496 101 1
copy 13782 3 240518168682 31850496 102 1
copy 13783 3 240518168683 31850496 101 1
copy 13784 3 240518168683 31850496 102 1
copy 13785 3 240518168684 31850496 101 1
copy 13786 3 240518168684 31850496 102 1
copy 13787 3 240518168685 31850496 101 1
copy 13788 3 240518168685 31850496 102 1
copy 13789 3 240518168686 31850496 101 1
copy 13790 3 240518168686 31850496 102 1
copy 13791 3 240518168687 31850496 101 1
copy 13792 3 240518168687 31850496 102 1
copy 13793 3 240518168688 31850496 101 1
copy 13794 3 240518168688 31850496 102 1
copy 13795 3 240518168689 31850496 101 1
copy 13796 3 240518168689 31850496 102 1
copy 13797 3 240518168690 31850496 101 1
copy 13798 3 240518168690 31850496 102 1
copy 13799 3 240518168691 31850496 101 1
copy 13800 3 240518168691 31850496 102 1
copy 13801 3 240518168692 31850496 101 1
copy 13802 3 240518168692 31850496 102 1
copy 13803 3 240518168693 31850496 101 1
copy 13804 3 240518168693 31850496 102 1
copy 13805 3 240518168694 31850496 101 1
copy 13806 3 240518168694 31850496 102 1
copy 13807 3 240518168695 31850496 101 1
copy 13808 3 240518168695 31850496 102 1
copy 13809 3 240518168696 31850496 101 1
copy 13810 3 240518168696 31850496 102 1
copy 13811 3 240518168697 31850496 101 1
copy 13812 3 240518168697 31850496 102 1
copy 13813 3 240518168698 31850496 101 1
copy 13814 3 240518168698 31850496 102 1
copy 13815 3 240518168699 31850496 101 1
copy 13816 3 240518168699 31850496 102 1
copy 13817 3 240518168700 31850496 101 1
copy 13818 3 240518168700 31850496 102 1
copy 13819 3 240518168701 31850496 101 1
copy 13820 3 240518168701 31850496 102 1
copy 13821 3 240518168702 31850496 101 1
copy 13822 3 240518168702 31850496 102 1
copy 13823 3 240518168703 31850496 101 1
copy 13824 3 240518168703 31850496 102 1
copy 13825 3 244813135872 31850496 101 1
copy 13826 3 244813135872 31850496 102 1
copy 13827 3 244813135873 31850496 101 1
copy 13828 3 244813135873 31850496 102 1
copy 13829 3 244813135874 31850496 101 1
copy 13830 3 244813135874 31850496 102 1
copy 13831 3 244813135875 31850496 101 1
copy 13832 3 244813135875 31850496 102 1
copy 13833 3 244813135876 31850496 101 1
copy 13834 3 244813135876 31850496 102 1
copy 13835 3 244813135877 31850496 101 1
copy 13836 3 244813135877 31850496 102 1
copy 13837 3 244813135878 31850496 101 1
copy 13838 3 244813135878 31850496 102 1
copy 13839 3 244813135879 31850496 101 1
copy 13840 3 244813135879 31850496 102 1
copy 13841 3 244813135880 31850496 101 1
copy 13842 3 244813135880 31850496 102 1
copy 13843 3 244813135881 31850496 101 1
copy 13844 3 244813135881 31850496 102 1
copy 13845 3 244813135882 31850496 101 1
copy 13846 3 244813135882 31850496 102 1
copy 13847 3 244813135883 31850496 101 1
copy 13848 3 244813135883 31850496 102 1
copy 13849 3 244813135884 31850496 101 1
copy 13850 3 244813135884 31850496 102 1
copy 13851 3 244813135885 31850496 101 1
copy 13852 3 244813135885 31850496 102 1
copy 13853 3 244813135886 31850496 101 1
copy 13854 3 244813135886 31850496 102 1
copy 13855 3 244813135887 31850496 101 1
copy 13856 3 244813135887 31850496 102 1
copy 13857 3 244813135888 31850496 101 1
copy 13858 3 244813135888 31850496 102 1
copy 13859 3 244813135889 31850496 101 1
copy 13860 3 244813135889 31850496 102 1
copy 13861 3 244813135890 31850496 101 1
copy 13862 3 244813135890 31850496 102 1
copy 13863 3 244813135891 31850496 101 1
copy 13864 3 244813135891 31850496 102 1
copy 13865 3 244813135892 31850496 101 1
copy 13866 3 244813135892 31850496 102 1
copy 13867 3 244813135893 31850496 101 1
copy 13868 3 244813135893 31850496 102 1
copy 13869 3 244813135894 31850496 101 1
copy 13870 3 244813135894 31850496 102 1
copy 13871 3 244813135895 31850496 101 1
copy 13872 3 244813135895 31850496 102 1
copy 13873 3 244813135896 31850496 101 1
copy 13874 3 244813135896 31850496 102 1
copy 13875 3 244813135897 31850496 101 1
copy 13876 3 244813135897 31850496 102 1
copy 13877 3 244813135898 31850496 101 1
copy 13878 3 244813135898 31850496 102 1
copy 13879 3 244813135899 31850496 101 1
copy 13880 3 244813135899 31850496 102 1
copy 13881 3 244813135900 31850496 101 1
copy 13882 3 244813135900 31850496 102 1
copy 13883 3 244813135901 31850496 101 1
copy 13884 3 244813135901 31850496 102 1
copy 13885 3 244813135902 31850496 101 1
copy 13886 3 244813135902 31850496 102 1
copy 13887 3 244813135903 31850496 101 1
copy 13888 3 244813135903 31850496 102 1
copy 13889 3 244813135904 31850496 101 1
copy 13890 3 244813135904 31850496 102 1
copy 13891 3 244813135905 31850496 101 1
copy 13892 3 244813135905 31850496 102 1
copy 13893 3 244813135906 31850496 101 1
copy 13894 3 244813135906 31850496 102 1
copy 13895 3 244813135907 31850496 101 1
copy 13896 3 244813135907 31850496 102 1
copy 13897 3 244813135908 31850496 101 1
copy 13898 3 244813135908 31850496 102 1
copy 13899 3 244813135909 31850496 101 1
copy 13900 3 244813135909 31850496 102 1
copy 13901 3 244813135910 31850496 101 1
copy 13902 3 244813135910 31850496 102 1
copy 13903 3 244813135911 31850496 101 1
copy 13904 3 244813135911 31850496 102 1
copy 13905 3 244813135912 31850496 101 1
copy 13906 3 244813135912 31850496 102 1
copy 13907 3 244813135913 31850496 101 1
copy 13908 3 244813135913 31850496 102 1
copy 13909 3 244813135914 31850496 101 1
copy 13910 3 244813135914 31850496 102 1
copy 13911 3 244813135915 31850496 101 1
copy 13912 3 244813135915 31850496 102 1
copy 13913 3 244813135916 31850496 101 1
copy 13914 3 244813135916 31850496 102 1
copy 13915 3 244813135917 31850496 101 1
copy 13916 3 244813135917 31850496 102 1
copy 13917 3 244813135918 31850496 101 1
copy 13918 3 244813135918 31850496 102 1
copy 13919 3 244813135919 31850496 101 1
copy 13920 3 244813135919 31850496 102 1
copy 13921 3 244813135920 31850496 101 1
copy 13922 3 244813135920 31850496 102 1
copy 13923 3 244813135921 31850496 101 1
copy 13924 3 244813135921 31850496 102 1
copy 13925 3 244813135922 31850496 101 1
copy 13926 3 244813135922 31850496 102 1
copy 13927 3 244813135923 31850496 101 1
copy 13928 3 244813135923 31850496 102 1
copy 13929 3 244813135924 31850496 101 1
copy 13930 3 244813135924 31850496 102 1
copy 13931 3 244813135925 31850496 101 1
copy 13932 3 244813135925 31850496 102 1
copy 13933 3 244813135926 31850496 101 1
copy 13934 3 244813135926 31850496 102 1
copy 13935 3 244813135927 31850496 101 1
copy 13936 3 244813135927 31850496 102 1
copy 13937 3 244813135928 31850496 101 1
copy 13938 3 244813135928 31850496 102 1
copy 13939 3 244813135929 31850496 101 1
copy 13940 3 244813135929 31850496 102 1
copy 13941 3 244813135930 31850496 101 1
copy 13942 3 244813135930 31850496 102 1
copy 13943 3 244813135931 31850496 101 1
copy 13944 3 244813135931 31850496 102 1
copy 13945 3 244813135932 31850496 101 1
copy 13946 3 244813135932 31850496 102 1
copy 13947 3 244813135933 31850496 101 1
copy 13948 3 244813135933 31850496 102 1
copy 13949 3 244813135934 31850496 101 1
copy 13950 3 244813135934 31850496 102 1
copy 13951 3 244813135935 31850496 101 1
copy 13952 3 244813135935 31850496 102 1
copy 13953 3 244813135936 31850496 101 1
copy 13954 3 244813135936 31850496 102 1
copy 13955 3 244813135937 31850496 101 1
copy 13956 3 244813135937 31850496 102 1
copy 13957 3 244813135938 31850496 101 1
copy 13958 3 244813135938 31850496 102 1
copy 13959 3 244813135939 31850496 101 1
copy 13960 3 244813135939 31850496 102 1
copy 13961 3 244813135940 31850496 101 1
copy 13962 3 244813135940 31850496 102 1
copy 13963 3 244813135941 31850496 101 1
copy 13964 3 244813135941 31850496 102 1
copy 13965 3 244813135942 31850496 101 1
copy 13966 3 244813135942 31850496 102 1
copy 13967 3 244813135943 31850496 101 1
copy 13968 3 244813135943 31850496 102 1
copy 13969 3 244813135944 31850496 101 1
copy 13970 3 244813135944 31850496 102 1
copy 13971 3 244813135945 31850496 101 1
copy 13972 3 244813135945 31850496 102 1
copy 13973 3 244813135946 31850496 101 1
copy 13974 3 244813135946 31850496 102 1
copy 13975 3 244813135947 31850496 101 1
copy 13976 3 244813135947 31850496 102 1
copy 13977 3 244813135948 31850496 101 1
copy 13978 3 244813135948 31850496 102 1
copy 13979 3 244813135949 31850496 101 1
copy 13980 3 244813135949 31850496 102 1
copy 13981 3 244813135950 31850496 101 1
copy 13982 3 244813135950 31850496 102 1
copy 13983 3 244813135951 31850496 101 1
copy 13984 3 244813135951 31850496 102 1
copy 13985 3 244813135952 31850496 101 1
copy 13986 3 244813135952 31850496 102 1
copy 13987 3 244813135953 31850496 101 1
copy 13988 3 244813135953 31850496 102 1
copy 13989 3 244813135954 31850496 101 1
copy 13990 3 244813135954 31850496 102 1
copy 13991 3 244813135955 31850496 101 1
copy 13992 3 244813135955 31850496 102 1
copy 13993 3 244813135956 31850496 101 1
copy 13994 3 244813135956 31850496 102 1
copy 13995 3 244813135957 31850496 101 1
copy 13996 3 244813135957 31850496 102 1
copy 13997 3 244813135958 31850496 101 1
copy 13998 3 244813135958 31850496 102 1
copy 13999 3 244813135959 31850496 101 1
copy 14000 3 244813135959 31850496 102 1
copy 14001 3 244813135960 31850496 101 1
copy 14002 3 244813135960 31850496 102 1
copy 14003 3 244813135961 31850496 101 1
copy 14004 3 244813135961 31850496 102 1
copy 14005 3 244813135962 31850496 101 1
copy 14006 3 244813135962 31850496 102 1
copy 14007 3 244813135963 31850496 101 1
copy 14008 3 244813135963 31850496 102 1
copy 14009 3 244813135964 31850496 101 1
copy 14010 3 244813135964 31850496 102 1
copy 14011 3 244813135965 31850496 101 1
copy 14012 3 244813135965 31850496 102 1
copy 14013 3 244813135966 31850496 101 1
copy 14014 3 244813135966 31850496 102 1
copy 14015 3 244813135967 31850496 101 1
copy 14016 3 244813135967 31850496 102 1
copy 14017 3 244813135968 31850496 101 1
copy 14018 3 244813135968 31850496 102 1
copy 14019 3 244813135969 31850496 101 1
copy 14020 3 244813135969 31850496 102 1
copy 14021 3 244813135970 31850496 101 1
copy 14022 3 244813135970 31850496 102 1
copy 14023 3 244813135971 31850496 101 1
copy 14024 3 244813135971 31850496 102 1
copy 14025 3 244813135972 31850496 101 1
copy 14026 3 244813135972 31850496 102 1
copy 14027 3 244813135973 31850496 101 1
copy 14028 3 244813135973 31850496 102 1
copy 14029 3 244813135974 31850496 101 1
copy 14030 3 244813135974 31850496 102 1
copy 14031 3 244813135975 31850496 101 1
copy 14032 3 244813135975 31850496 102 1
copy 14033 3 244813135976 31850496 101 1
copy 14034 3 244813135976 31850496 102 1
copy 14035 3 244813135977 31850496 101 1
copy 14036 3 244813135977 31850496 102 1
copy 14037 3 244813135978 31850496 101 1
copy 14038 3 244813135978 31850496 102 1
copy 14039 3 244813135979 31850496 101 1
copy 14040 3 244813135979 31850496 102 1
copy 14041 3 244813135980 31850496 101 1
copy 14042 3 244813135980 31850496 102 1
copy 14043 3 244813135981 31850496 101 1
copy 14044 3 244813135981 31850496 102 1
copy 14045 3 244813135982 31850496 101 1
copy 14046 3 244813135982 31850496 102 1
copy 14047 3 244813135983 31850496 101 1
copy 14048 3 244813135983 31850496 102 1
copy 14049 3 244813135984 31850496 101 1
copy 14050 3 244813135984 31850496 102 1
copy 14051 3 244813135985 31850496 101 1
copy 14052 3 244813135985 31850496 102 1
copy 14053 3 244813135986 31850496 101 1
copy 14054 3 244813135986 31850496 102 1
copy 14055 3 244813135987 31850496 101 1
copy 14056 3 244813135987 31850496 102 1
copy 14057 3 244813135988 31850496 101 1
copy 14058 3 244813135988 31850496 102 1
copy 14059 3 244813135989 31850496 101 1
copy 14060 3 244813135989 31850496 102 1
copy 14061 3 244813135990 31850496 101 1
copy 14062 3 244813135990 31850496 102 1
copy 14063 3 244813135991 31850496 101 1
copy 14064 3 244813135991 31850496 102 1
copy 14065 3 244813135992 31850496 101 1
copy 14066 3 244813135992 31850496 102 1
copy 14067 3 244813135993 31850496 101 1
copy 14068 3 244813135993 31850496 102 1
copy 14069 3 244813135994 31850496 101 1
copy 14070 3 244813135994 31850496 102 1
copy 14071 3 244813135995 31850496 101 1
copy 14072 3 244813135995 31850496 102 1
copy 14073 3 244813135996 31850496 101 1
copy 14074 3 244813135996 31850496 102 1
copy 14075 3 244813135997 31850496 101 1
copy 14076 3 244813135997 31850496 102 1
copy 14077 3 244813135998 31850496 101 1
copy 14078 3 244813135998 31850496 102 1
copy 14079 3 244813135999 31850496 101 1
copy 14080 3 244813135999 31850496 102 1
copy 14081 3 249108103168 31850496 101 1
copy 14082 3 249108103168 31850496 102 1
copy 14083 3 249108103169 31850496 101 1
copy 14084 3 249108103169 31850496 102 1
copy 14085 3 249108103170 31850496 101 1
copy 14086 3 249108103170 31850496 102 1
copy 14087 3 249108103171 31850496 101 1
copy 14088 3 249108103171 31850496 102 1
copy 14089 3 249108103172 31850496 101 1
copy 14090 3 249108103172 31850496 102 1
copy 14091 3 249108103173 31850496 101 1
copy 14092 3 249108103173 31850496 102 1
copy 14093 3 249108103174 31850496 101 1
copy 14094 3 249108103174 31850496 102 1
copy 14095 3 249108103175 31850496 101 1
copy 14096 3 249108103175 31850496 102 1
copy 14097 3 249108103176 31850496 101 1
copy 14098 3 249108103176 31850496 102 1
copy 14099 3 249108103177 31850496 101 1
copy 14100 3 249108103177 31850496 102 1
copy 14101 3 249108103178 31850496 101 1
copy 14102 3 249108103178 31850496 102 1
copy 14103 3 249108103179 31850496 101 1
copy 14104 3 249108103179 31850496 102 1
copy 14105 3 249108103180 31850496 101 1
copy 14106 3 249108103180 31850496 102 1
copy 14107 3 249108103181 31850496 101 1
copy 14108 3 249108103181 31850496 102 1
copy 14109 3 249108103182 31850496 101 1
copy 14110 3 249108103182 31850496 102 1
copy 14111 3 249108103183 31850496 101 1
copy 14112 3 249108103183 31850496 102 1
copy 14113 3 249108103184 31850496 101 1
copy 14114 3 249108103184 31850496 102 1
copy 14115 3 249108103185 31850496 101 1
copy 14116 3 249108103185 31850496 102 1
copy 14117 3 249108103186 31850496 101 1
copy 14118 3 249108103186 31850496 102 1
copy 14119 3 249108103187 31850496 101 1
copy 14120 3 249108103187 31850496 102 1
copy 14121 3 249108103188 31850496 101 1
copy 14122 3 249108103188 31850496 102 1
copy 14123 3 249108103189 31850496 101 1
copy 14124 3 249108103189 31850496 102 1
copy 14125 3 249108103190 31850496 101 1
copy 14126 3 249108103190 31850496 102 1
copy 14127 3 249108103191 31850496 101 1
copy 14128 3 249108103191 31850496 102 1
copy 14129 3 249108103192 31850496 101 1
copy 14130 3 249108103192 31850496 102 1
copy 14131 3 249108103193 31850496 101 1
copy 14132 3 249108103193 31850496 102 1
copy 14133 3 249108103194 31850496 101 1
copy 14134 3 249108103194 31850496 102 1
copy 14135 3 249108103195 31850496 101 1
copy 14136 3 249108103195 31850496 102 1
copy 14137 3 249108103196 31850496 101 1
copy 14138 3 249108103196 31850496 102 1
copy 14139 3 249108103197 31850496 101 1
copy 14140 3 249108103197 31850496 102 1
copy 14141 3 249108103198 31850496 101 1
copy 14142 3 249108103198 31850496 102 1
copy 14143 3 249108103199 31850496 101 1
copy 14144 3 249108103199 31850496 102 1
copy 14145 3 249108103200 31850496 101 1
copy 14146 3 249108103200 31850496 102 1
copy 14147 3 249108103201 31850496 101 1
copy 14148 3 249108103201 31850496 102 1
copy 14149 3 249108103202 31850496 101 1
copy 14150 3 249108103202 31850496 102 1
copy 14151 3 249108103203 31850496 101 1
copy 14152 3 249108103203 31850496 102 1
copy 14153 3 249108103204 31850496 101 1
copy 14154 3 249108103204 31850496 102 1
copy 14155 3 249108103205 31850496 101 1
copy 14156 3 249108103205 31850496 102 1
copy 14157 3 249108103206 31850496 101 1
copy 14158 3 249108103206 31850496 102 1
copy 14159 3 249108103207 31850496 101 1
copy 14160 3 249108103207 31850496 102 1
copy 14161 3 249108103208 31850496 101 1
copy 14162 3 249108103208 31850496 102 1
copy 14163 3 249108103209 31850496 101 1
copy 14164 3 249108103209 31850496 102 1
copy 14165 3 249108103210 31850496 101 1
copy 14166 3 249108103210 31850496 102 1
copy 14167 3 249108103211 31850496 101 1
copy 14168 3 249108103211 31850496 102 1
copy 14169 3 249108103212 31850496 101 1
copy 14170 3 249108103212 31850496 102 1
copy 14171 3 249108103213 31850496 101 1
copy 14172 3 249108103213 31850496 102 1
copy 14173 3 249108103214 31850496 101 1
copy 14174 3 249108103214 31850496 102 1
copy 14175 3 249108103215 31850496 101 1
copy 14176 3 249108103215 31850496 102 1
copy 14177 3 249108103216 31850496 101 1
copy 14178 3 249108103216 31850496 102 1
copy 14179 3 249108103217 31850496 101 1
copy 14180 3 249108103217 31850496 102 1
copy 14181 3 249108103218 31850496 101 1
copy 14182 3 249108103218 31850496 102 1
copy 14183 3 249108103219 31850496 101 1
copy 14184 3 249108103219 31850496 102 1
copy 14185 3 249108103220 31850496 101 1
copy 14186 3 249108103220 31850496 102 1
copy 14187 3 249108103221 31850496 101 1
copy 14188 3 249108103221 31850496 102 1
copy 14189 3 249108103222 31850496 101 1
copy 14190 3 249108103222 31850496 102 1
copy 14191 3 249108103223 31850496 101 1
copy 14192 3 249108103223 31850496 102 1
copy 14193 3 249108103224 31850496 101 1
copy 14194 3 249108103224 31850496 102 1
copy 14195 3 249108103225 31850496 101 1
copy 14196 3 249108103225 31850496 102 1
copy 14197 3 249108103226 31850496 101 1
copy 14198 3 249108103226 31850496 102 1
copy 14199 3 249108103227 31850496 101 1
copy 14200 3 249108103227 31850496 102 1
copy 14201 3 249108103228 31850496 101 1
copy 14202 3 249108103228 31850496 102 1
copy 14203 3 249108103229 31850496 101 1
copy 14204 3 249108103229 31850496 102 1
copy 14205 3 249108103230 31850496 101 1
copy 14206 3 249108103230 31850496 102 1
copy 14207 3 249108103231 31850496 101 1
copy 14208 3 249108103231 31850496 102 1
copy 14209 3 249108103232 31850496 101 1
copy 14210 3 249108103232 31850496 102 1
copy 14211 3 249108103233 31850496 101 1
copy 14212 3 249108103233 31850496 102 1
copy 14213 3 249108103234 31850496 101 1
copy 14214 3 249108103234 31850496 102 1
copy 14215 3 249108103235 31850496 101 1
copy 14216 3 249108103235 31850496 102 1
copy 14217 3 249108103236 31850496 101 1
copy 14218 3 249108103236 31850496 102 1
copy 14219 3 249108103237 31850496 101 1
copy 14220 3 249108103237 31850496 102 1
copy 14221 3 249108103238 31850496 101 1
copy 14222 3 249108103238 31850496 102 1
copy 14223 3 249108103239 31850496 101 1
copy 14224 3 249108103239 31850496 102 1
copy 14225 3 249108103240 31850496 101 1
copy 14226 3 249108103240 31850496 102 1
copy 14227 3 249108103241 31850496 101 1
copy 14228 3 249108103241 31850496 102 1
copy 14229 3 249108103242 31850496 101 1
copy 14230 3 249108103242 31850496 102 1
copy 14231 3 249108103243 31850496 101 1
copy 14232 3 249108103243 31850496 102 1
copy 14233 3 249108103244 31850496 101 1
copy 14234 3 249108103244 31850496 102 1
copy 14235 3 249108103245 31850496 101 1
copy 14236 3 249108103245 31850496 102 1
copy 14237 3 249108103246 31850496 101 1
copy 14238 3 249108103246 31850496 102 1
copy 14239 3 249108103247 31850496 101 1
copy 14240 3 249108103247 31850496 102 1
copy 14241 3 249108103248 31850496 101 1
copy 14242 3 249108103248 31850496 102 1
copy 14243 3 249108103249 31850496 101 1
copy 14244 3 249108103249 31850496 102 1
copy 14245 3 249108103250 31850496 101 1
copy 14246 3 249108103250 31850496 102 1
copy 14247 3 249108103251 31850496 101 1
copy 14248 3 249108103251 31850496 102 1
copy 14249 3 249108103252 31850496 101 1
copy 14250 3 249108103252 31850496 102 1
copy 14251 3 249108103253 31850496 101 1
copy 14252 3 249108103253 31850496 102 1
copy 14253 3 249108103254 31850496 101 1
copy 14254 3 249108103254 31850496 102 1
copy 14255 3 249108103255 31850496 101 1
copy 14256 3 249108103255 31850496 102 1
copy 14257 3 249108103256 31850496 101 1
copy 14258 3 249108103256 31850496 102 1
copy 14259 3 249108103257 31850496 101 1
copy 14260 3 249108103257 31850496 102 1
copy 14261 3 249108103258 31850496 101 1
copy 14262 3 249108103258 31850496 102 1
copy 14263 3 249108103259 31850496 101 1
copy 14264 3 249108103259 31850496 102 1
copy 14265 3 249108103260 31850496 101 1
copy 14266 3 249108103260 31850496 102 1
copy 14267 3 249108103261 31850496 101 1
copy 14268 3 249108103261 31850496 102 1
copy 14269 3 249108103262 31850496 101 1
copy 14270 3 249108103262 31850496 102 1
copy 14271 3 249108103263 31850496 101 1
copy 14272 3 249108103263 31850496 102 1
copy 14273 3 249108103264 31850496 101 1
copy 14274 3 249108103264 31850496 102 1
copy 14275 3 249108103265 31850496 101 1
copy 14276 3 249108103265 31850496 102 1
copy 14277 3 249108103266 31850496 101 1
copy 14278 3 249108103266 31850496 102 1
copy 14279 3 249108103267 31850496 101 1
copy 14280 3 249108103267 31850496 102 1
copy 14281 3 249108103268 31850496 101 1
copy 14282 3 249108103268 31850496 102 1
copy 14283 3 249108103269 31850496 101 1
copy 14284 3 249108103269 31850496 102 1
copy 14285 3 249108103270 31850496 101 1
copy 14286 3 249108103270 31850496 102 1
copy 14287 3 249108103271 31850496 101 1
copy 14288 3 249108103271 31850496 102 1
copy 14289 3 249108103272 31850496 101 1
copy 14290 3 249108103272 31850496 102 1
copy 14291 3 249108103273 31850496 101 1
copy 14292 3 249108103273 31850496 102 1
copy 14293 3 249108103274 31850496 101 1
copy 14294 3 249108103274 31850496 102 1
copy 14295 3 249108103275 31850496 101 1
copy 14296 3 249108103275 31850496 102 1
copy 14297 3 249108103276 31850496 101 1
copy 14298 3 249108103276 31850496 102 1
copy 14299 3 249108103277 31850496 101 1
copy 14300 3 249108103277 31850496 102 1
copy 14301 3 249108103278 31850496 101 1
copy 14302 3 249108103278 31850496 102 1
copy 14303 3 249108103279 31850496 101 1
copy 14304 3 249108103279 31850496 102 1
copy 14305 3 249108103280 31850496 101 1
copy 14306 3 249108103280 31850496 102 1
copy 14307 3 249108103281 31850496 101 1
copy 14308 3 249108103281 31850496 102 1
copy 14309 3 249108103282 31850496 101 1
copy 14310 3 249108103282 31850496 102 1
copy 14311 3 249108103283 31850496 101 1
copy 14312 3 249108103283 31850496 102 1
copy 14313 3 249108103284 31850496 101 1
copy 14314 3 249108103284 31850496 102 1
copy 14315 3 249108103285 31850496 101 1
copy 14316 3 249108103285 31850496 102 1
copy 14317 3 249108103286 31850496 101 1
copy 14318 3 249108103286 31850496 102 1
copy 14319 3 249108103287 31850496 101 1
copy 14320 3 249108103287 31850496 102 1
copy 14321 3 249108103288 31850496 101 1
copy 14322 3 249108103288 31850496 102 1
copy 14323 3 249108103289 31850496 101 1
copy 14324 3 249108103289 31850496 102 1
copy 14325 3 249108103290 31850496 101 1
copy 14326 3 249108103290 31850496 102 1
copy 14327 3 249108103291 31850496 101 1
copy 14328 3 249108103291 31850496 102 1
copy 14329 3 249108103292 31850496 101 1
copy 14330 3 249108103292 31850496 102 1
copy 14331 3 249108103293 31850496 101 1
copy 14332 3 249108103293 31850496 102 1
copy 14333 3 249108103294 31850496 101 1
copy 14334 3 249108103294 31850496 102 1
copy 14335 3 249108103295 31850496 101 1
copy 14336 3 249108103295 31850496 102 1
copy 14337 3 253403070464 31850496 101 1
copy 14338 3 253403070464 31850496 102 1
copy 14339 3 253403070465 31850496 101 1
copy 14340 3 253403070465 31850496 102 1
copy 14341 3 253403070466 31850496 101 1
copy 14342 3 253403070466 31850496 102 1
copy 14343 3 253403070467 31850496 101 1
copy 14344 3 253403070467 31850496 102 1
copy 14345 3 253403070468 31850496 101 1
copy 14346 3 253403070468 31850496 102 1
copy 14347 3 253403070469 31850496 101 1
copy 14348 3 253403070469 31850496 102 1
copy 14349 3 253403070470 31850496 101 1
copy 14350 3 253403070470 31850496 102 1
copy 14351 3 253403070471 31850496 101 1
copy 14352 3 253403070471 31850496 102 1
copy 14353 3 253403070472 31850496 101 1
copy 14354 3 253403070472 31850496 102 1
copy 14355 3 253403070473 31850496 101 1
copy 14356 3 253403070473 31850496 102 1
copy 14357 3 253403070474 31850496 101 1
copy 14358 3 253403070474 31850496 102 1
copy 14359 3 253403070475 31850496 101 1
copy 14360 3 253403070475 31850496 102 1
copy 14361 3 253403070476 31850496 101 1
copy 14362 3 253403070476 31850496 102 1
copy 14363 3 253403070477 31850496 101 1
copy 14364 3 253403070477 31850496 102 1
copy 14365 3 253403070478 31850496 101 1
copy 14366 3 253403070478 31850496 102 1
copy 14367 3 253403070479 31850496 101 1
copy 14368 3 253403070479 31850496 102 1
copy 14369 3 253403070480 31850496 101 1
copy 14370 3 253403070480 31850496 102 1
copy 14371 3 253403070481 31850496 101 1
copy 14372 3 253403070481 31850496 102 1
copy 14373 3 253403070482 31850496 101 1
copy 14374 3 253403070482 31850496 102 1
copy 14375 3 253403070483 31850496 101 1
copy 14376 3 253403070483 31850496 102 1
copy 14377 3 253403070484 31850496 101 1
copy 14378 3 253403070484 31850496 102 1
copy 14379 3 253403070485 31850496 101 1
copy 14380 3 253403070485 31850496 102 1
copy 14381 3 253403070486 31850496 101 1
copy 14382 3 253403070486 31850496 102 1
copy 14383 3 253403070487 31850496 101 1
copy 14384 3 253403070487 31850496 102 1
copy 14385 3 253403070488 31850496 101 1
copy 14386 3 253403070488 31850496 102 1
copy 14387 3 253403070489 31850496 101 1
copy 14388 3 253403070489 31850496 102 1
copy 14389 3 253403070490 31850496 101 1
copy 14390 3 253403070490 31850496 102 1
copy 14391 3 253403070491 31850496 101 1
copy 14392 3 253403070491 31850496 102 1
copy 14393 3 253403070492 31850496 101 1
copy 14394 3 253403070492 31850496 102 1
copy 14395 3 253403070493 31850496 101 1
copy 14396 3 253403070493 31850496 102 1
copy 14397 3 253403070494 31850496 101 1
copy 14398 3 253403070494 31850496 102 1
copy 14399 3 253403070495 31850496 101 1
copy 14400 3 253403070495 31850496 102 1
copy 14401 3 253403070496 31850496 101 1
copy 14402 3 253403070496 31850496 102 1
copy 14403 3 253403070497 31850496 101 1
copy 14404 3 253403070497 31850496 102 1
copy 14405 3 253403070498 31850496 101 1
copy 14406 3 253403070498 31850496 102 1
copy 14407 3 253403070499 31850496 101 1
copy 14408 3 253403070499 31850496 102 1
copy 14409 3 253403070500 31850496 101 1
copy 14410 3 253403070500 31850496 102 1
copy 14411 3 253403070501 31850496 101 1
copy 14412 3 253403070501 31850496 102 1
copy 14413 3 253403070502 31850496 101 1
copy 14414 3 253403070502 31850496 102 1
copy 14415 3 253403070503 31850496 101 1
copy 14416 3 253403070503 31850496 102 1
copy 14417 3 253403070504 31850496 101 1
copy 14418 3 253403070504 31850496 102 1
copy 14419 3 253403070505 31850496 101 1
copy 14420 3 253403070505 31850496 102 1
copy 14421 3 253403070506 31850496 101 1
copy 14422 3 253403070506 31850496 102 1
copy 14423 3 253403070507 31850496 101 1
copy 14424 3 253403070507 31850496 102 1
copy 14425 3 253403070508 31850496 101 1
copy 14426 3 253403070508 31850496 102 1
copy 14427 3 253403070509 31850496 101 1
copy 14428 3 253403070509 31850496 102 1
copy 14429 3 253403070510 31850496 101 1
copy 14430 3 253403070510 31850496 102 1
copy 14431 3 253403070511 31850496 101 1
copy 14432 3 253403070511 31850496 102 1
copy 14433 3 253403070512 31850496 101 1
copy 14434 3 253403070512 31850496 102 1
copy 14435 3 253403070513 31850496 101 1
copy 14436 3 253403070513 31850496 102 1
copy 14437 3 253403070514 31850496 101 1
copy 14438 3 253403070514 31850496 102 1
copy 14439 3 253403070515 31850496 101 1
copy 14440 3 253403070515 31850496 102 1
copy 14441 3 253403070516 31850496 101 1
copy 14442 3 253403070516 31850496 102 1
copy 14443 3 253403070517 31850496 101 1
copy 14444 3 253403070517 31850496 102 1
copy 14445 3 253403070518 31850496 101 1
copy 14446 3 253403070518 31850496 102 1
copy 14447 3 253403070519 31850496 101 1
copy 14448 3 253403070519 31850496 102 1
copy 14449 3 253403070520 31850496 101 1
copy 14450 3 253403070520 31850496 102 1
copy 14451 3 253403070521 31850496 101 1
copy 14452 3 253403070521 31850496 102 1
copy 14453 3 253403070522 31850496 101 1
copy 14454 3 253403070522 31850496 102 1
copy 14455 3 253403070523 31850496 101 1
copy 14456 3 253403070523 31850496 102 1
copy 14457 3 253403070524 31850496 101 1
copy 14458 3 253403070524 31850496 102 1
copy 14459 3 253403070525 31850496 101 1
copy 14460 3 253403070525 31850496 102 1
copy 14461 3 253403070526 31850496 101 1
copy 14462 3 253403070526 31850496 102 1
copy 14463 3 253403070527 31850496 101 1
copy 14464 3 253403070527 31850496 102 1
copy 14465 3 253403070528 31850496 101 1
copy 14466 3 253403070528 31850496 102 1
copy 14467 3 253403070529 31850496 101 1
copy 14468 3 253403070529 31850496 102 1
copy 14469 3 253403070530 31850496 101 1
copy 14470 3 253403070530 31850496 102 1
copy 14471 3 253403070531 31850496 101 1
copy 14472 3 253403070531 31850496 102 1
copy 14473 3 253403070532 31850496 101 1
copy 14474 3 253403070532 31850496 102 1
copy 14475 3 253403070533 31850496 101 1
copy 14476 3 253403070533 31850496 102 1
copy 14477 3 253403070534 31850496 101 1
copy 14478 3 253403070534 31850496 102 1
copy 14479 3 253403070535 31850496 101 1
copy 14480 3 253403070535 31850496 102 1
copy 14481 3 253403070536 31850496 101 1
copy 14482 3 253403070536 31850496 102 1
copy 14483 3 253403070537 31850496 101 1
copy 14484 3 253403070537 31850496 102 1
copy 14485 3 253403070538 31850496 101 1
copy 14486 3 253403070538 31850496 102 1
copy 14487 3 253403070539 31850496 101 1
copy 14488 3 253403070539 31850496 102 1
copy 14489 3 253403070540 31850496 101 1
copy 14490 3 253403070540 31850496 102 1
copy 14491 3 253403070541 31850496 101 1
copy 14492 3 253403070541 31850496 102 1
copy 14493 3 253403070542 31850496 101 1
copy 14494 3 253403070542 31850496 102 1
copy 14495 3 253403070543 31850496 101 1
copy 14496 3 253403070543 31850496 102 1
copy 14497 3 253403070544 31850496 101 1
copy 14498 3 253403070544 31850496 102 1
copy 14499 3 253403070545 31850496 101 1
copy 14500 3 253403070545 31850496 102 1
copy 14501 3 253403070546 31850496 101 1
copy 14502 3 253403070546 31850496 102 1
copy 14503 3 253403070547 31850496 101 1
copy 14504 3 253403070547 31850496 102 1
copy 14505 3 253403070548 31850496 101 1
copy 14506 3 253403070548 31850496 102 1
copy 14507 3 253403070549 31850496 101 1
copy 14508 3 253403070549 31850496 102 1
copy 14509 3 253403070550 31850496 101 1
copy 14510 3 253403070550 31850496 102 1
copy 14511 3 253403070551 31850496 101 1
copy 14512 3 253403070551 31850496 102 1
copy 14513 3 253403070552 31850496 101 1
copy 14514 3 253403070552 31850496 102 1
copy 14515 3 253403070553 31850496 101 1
copy 14516 3 253403070553 31850496 102 1
copy 14517 3 253403070554 31850496 101 1
copy 14518 3 253403070554 31850496 102 1
copy 14519 3 253403070555 31850496 101 1
copy 14520 3 253403070555 31850496 102 1
copy 14521 3 253403070556 31850496 101 1
copy 14522 3 253403070556 31850496 102 1
copy 14523 3 253403070557 31850496 101 1
copy 14524 3 253403070557 31850496 102 1
copy 14525 3 253403070558 31850496 101 1
copy 14526 3 253403070558 31850496 102 1
copy 14527 3 253403070559 31850496 101 1
copy 14528 3 253403070559 31850496 102 1
copy 14529 3 253403070560 31850496 101 1
copy 14530 3 253403070560 31850496 102 1
copy 14531 3 253403070561 31850496 101 1
copy 14532 3 253403070561 31850496 102 1
copy 14533 3 253403070562 31850496 101 1
copy 14534 3 253403070562 31850496 102 1
copy 14535 3 253403070563 31850496 101 1
copy 14536 3 253403070563 31850496 102 1
copy 14537 3 253403070564 31850496 101 1
copy 14538 3 253403070564 31850496 102 1
copy 14539 3 253403070565 31850496 101 1
copy 14540 3 253403070565 31850496 102 1
copy 14541 3 253403070566 31850496 101 1
copy 14542 3 253403070566 31850496 102 1
copy 14543 3 253403070567 31850496 101 1
copy 14544 3 253403070567 31850496 102 1
copy 14545 3 253403070568 31850496 101 1
copy 14546 3 253403070568 31850496 102 1
copy 14547 3 253403070569 31850496 101 1
copy 14548 3 253403070569 31850496 102 1
copy 14549 3 253403070570 31850496 101 1
copy 14550 3 253403070570 31850496 102 1
copy 14551 3 253403070571 31850496 101 1
copy 14552 3 253403070571 31850496 102 1
copy 14553 3 253403070572 31850496 101 1
copy 14554 3 253403070572 31850496 102 1
copy 14555 3 253403070573 31850496 101 1
copy 14556 3 253403070573 31850496 102 1
copy 14557 3 253403070574 31850496 101 1
copy 14558 3 253403070574 31850496 102 1
copy 14559 3 253403070575 31850496 101 1
copy 14560 3 253403070575 31850496 102 1
copy 14561 3 253403070576 31850496 101 1
copy 14562 3 253403070576 31850496 102 1
copy 14563 3 253403070577 31850496 101 1
copy 14564 3 253403070577 31850496 102 1
copy 14565 3 253403070578 31850496 101 1
copy 14566 3 253403070578 31850496 102 1
copy 14567 3 253403070579 31850496 101 1
copy 14568 3 253403070579 31850496 102 1
copy 14569 3 253403070580 31850496 101 1
copy 14570 3 253403070580 31850496 102 1
copy 14571 3 253403070581 31850496 101 1
copy 14572 3 253403070581 31850496 102 1
copy 14573 3 253403070582 31850496 101 1
copy 14574 3 253403070582 31850496 102 1
copy 14575 3 253403070583 31850496 101 1
copy 14576 3 253403070583 31850496 102 1
copy 14577 3 253403070584 31850496 101 1
copy 14578 3 253403070584 31850496 102 1
copy 14579 3 253403070585 31850496 101 1
copy 14580 3 253403070585 31850496 102 1
copy 14581 3 253403070586 31850496 101 1
copy 14582 3 253403070586 31850496 102 1
copy 14583 3 253403070587 31850496 101 1
copy 14584 3 253403070587 31850496 102 1
copy 14585 3 253403070588 31850496 101 1
copy 14586 3 253403070588 31850496 102 1
copy 14587 3 253403070589 31850496 101 1
copy 14588 3 253403070589 31850496 102 1
copy 14589 3 253403070590 31850496 101 1
copy 14590 3 253403070590 31850496 102 1
copy 14591 3 253403070591 31850496 101 1
copy 14592 3 253403070591 31850496 102 1
# experts=7296 copies=14592 measured-profile
